snapshot_ts,snapshot_dt,city,date,condition_id,bucket_kind,bucket_lo_c,bucket_hi_c,obs_max_c,obs_max_age_h,current_temp_c,ttr_h,bucket_rel,signed_dist_c,abs_dist_c,yes_price,no_price,yes_price_age_s,no_price_age_s,n_ticks_1h,n_ticks_total,group_size,rank_by_abs_dist,rank_by_yes_price,rank_by_no_price,label,entered_side,entered_price,entered_usdc,entered_pnl,entry_type
1770829663,2026-02-11T17:07:43.000Z,Buenos Aires,2026-02-11,0xf9bcc8ac3e65d844aa49ab6bf2bdd79f266fb647f97a441eb831acddde084c19,or_below,,32,33.5,22.13,30.6,9.87,above_obs,-1.5,1.5,0.76,0.23,556,468,14,64,1,1,1,1,1,YES,0.8499994474992542,0.9944993535741273,0.07020064642587265,closed
1770998545,2026-02-13T16:02:25.000Z,Buenos Aires,2026-02-13,0xd6da8d82a129ec05c8c3f86655b43771b749a4ac8d633e630bbca2a7a1baa54d,exact,28,28,26.8,40.04,26.6,10.96,below_obs,1.2,1.2,0.12,0.88,984,278,7,14,2,2,2,1,0,,,,,
1770998545,2026-02-13T16:02:25.000Z,Buenos Aires,2026-02-13,0xe8c0411a7d9a162ca2926f4caa2c66c96d64df7c4db7ab90e1e184f5ca6b6ce9,or_below,,27,26.8,40.04,26.6,10.96,contains,0,0,0.01,0.99,92,846,16,46,2,1,1,2,1,NO,0.99,9.9,0.08999999999999986,closed
1771002143,2026-02-13T17:02:23.000Z,Buenos Aires,2026-02-13,0xd6da8d82a129ec05c8c3f86655b43771b749a4ac8d633e630bbca2a7a1baa54d,exact,28,28,27.2,0.04,27.2,9.96,below_obs,0.8,0.8,0.12,0.91,300,8,29,43,2,2,2,1,1,NO,0.9099999999999999,9.1,0.8900000000000006,closed
1771002143,2026-02-13T17:02:23.000Z,Buenos Aires,2026-02-13,0xe8c0411a7d9a162ca2926f4caa2c66c96d64df7c4db7ab90e1e184f5ca6b6ce9,or_below,,27,27.2,0.04,27.2,9.96,above_obs,-0.2,0.2,0.001,0.999,2944,658,20,66,2,1,1,2,0,,,,,
1771092141,2026-02-14T18:02:21.000Z,Buenos Aires,2026-02-14,0x1177a9a2103260b068ff1eefd2f5971e5b7c053341d6dece2d3a37934495da80,exact,28,28,27.2,25.04,26.2,8.96,below_obs,0.8,0.8,0.39091624508150646,0.6,178,170,11,25,1,1,1,1,1,NO,0.902376833976834,233.7156,25.02539999999999,closed
1771261123,2026-02-16T16:58:43.000Z,Sao Paulo,2026-02-16,0x2380a73f0708cac01fefe4309e68f230c9747c5882c66ad1d0bddaf5f6ae4734,exact,32,32,32.8,0.98,32.8,10.02,above_obs,-0.8,0.8,0.24282845668387837,0.9199999953535307,246,2,15,18,2,1,2,1,1,NO,0.9810071908186105,618.0051000000001,11.334929999999986,closed
1771261123,2026-02-16T16:58:43.000Z,Sao Paulo,2026-02-16,0x9c614b4b815372c8e9687911e2f420b08c17922af1fe2f62247e96c1306eab77,exact,34,34,32.8,0.98,32.8,10.02,below_obs,1.2,1.2,0.03,0.9699999980599977,152834,149266,0,59,2,2,1,2,0,,,,,
1771351339,2026-02-17T18:02:19.000Z,Buenos Aires,2026-02-17,0x40fd7d3bbda1d883e06fe17da4e77dcfc64539264522ec15f40b14639b36bb76,or_below,,30,28,26.04,28,8.96,contains,0,0,0.39260204964987355,0.6676167778836988,954,154,32,111,2,1,2,1,1,NO,0.9363505562226703,826.55409,55.30317000000002,closed
1771351339,2026-02-17T18:02:19.000Z,Buenos Aires,2026-02-17,0xbcbf33ce9b2da3d835cc0f1beb1191b1880606c1aac071fe3830825fb554da91,exact,38,38,28,26.04,28,8.96,below_obs,10,10,0.01,0.995,192222,195244,0,13,2,2,1,2,0,,,,,
1771333189,2026-02-17T12:59:49.000Z,Sao Paulo,2026-02-17,0x2ef7643d7592a3103a6a140f64bb2998a6bfc3c1bd23315752ed17a219f1ef5f,or_below,,27,33.6,20,28.5,14,above_obs,-6.6,6.6,0.024,0.9689999911908157,898,966,30,342,2,2,2,1,1,NO,0.9970000000000001,4.985,0.009999999999999787,closed
1771333189,2026-02-17T12:59:49.000Z,Sao Paulo,2026-02-17,0x94a5d1712243ee0e9353ff73f3997a125e4ca3cd192cefb220ec882446f77e99,exact,34,34,33.6,20,28.5,14,below_obs,0.4,0.4,0.02,0.98,177866,177734,0,9,2,1,1,2,0,,,,,
1771163851,2026-02-15T13:57:31.000Z,Sao Paulo,2026-02-15,0x9d3e4a26832e76e855eebaa6f56be957d2c29935a6dba14a290d67adc54200ea,exact,30,30,28.9,20.96,26.6,13.04,below_obs,1.1,1.1,,,,,0,0,2,1,,,0,,,,,
1771163851,2026-02-15T13:57:31.000Z,Sao Paulo,2026-02-15,0xdcedd3f1fcb8b0236eb67b2f30b8a7da2a05fca1f0c894dc17b68b4d04e3645c,or_below,,27,28.9,20.96,26.6,13.04,above_obs,-1.9,1.9,0.006,0.99,1650,2276,2,10,2,2,1,1,1,NO,0.9960859512440312,237.80556,0.695699999999988,closed
1771171037,2026-02-15T15:57:17.000Z,Sao Paulo,2026-02-15,0x9d3e4a26832e76e855eebaa6f56be957d2c29935a6dba14a290d67adc54200ea,exact,30,30,30.6,0.95,30.6,11.04,above_obs,-0.6,0.6,0.09,0.9,1184,2892,5,11,2,1,2,1,1,NO,0.9649105279952871,786.1898,27.77541999999994,closed
1771171037,2026-02-15T15:57:17.000Z,Sao Paulo,2026-02-15,0xdcedd3f1fcb8b0236eb67b2f30b8a7da2a05fca1f0c894dc17b68b4d04e3645c,or_below,,27,30.6,0.95,30.6,11.04,above_obs,-3.6,3.6,0.006,0.999,8836,4272,0,34,2,2,1,2,0,,,,,
1771178545,2026-02-15T18:02:25.000Z,Buenos Aires,2026-02-15,0x05e9c0f56314ef88adc8d0027c5051b4966e84a2e9d26c3d292d18babd2f220a,exact,28,28,27.6,0.04,27.6,8.96,below_obs,0.4,0.4,0.04,0.9,44,946,12,40,1,1,1,1,1,NO,0.9849547297297297,874.6398,12.47219999999993,closed
1771253905,2026-02-16T14:58:25.000Z,Paris,2026-02-16,0x3d01ceb2c747b4cafda21fc8aba3ae2139feae36e0a298079eeb9449e1c58a65,exact,10,10,9.9,0.97,9.9,8.03,below_obs,0.1,0.1,0.9769998511051632,0.09,450,1986,30,115,1,1,1,1,1,NO,0.42069956,420.69955999999996,578.30044,closed
1771264941,2026-02-16T18:02:21.000Z,Buenos Aires,2026-02-16,0xfa9e95bc5814d7b166ceac6b5fce4a14a4ab171f35348703a8a33b9828c25b16,exact,32,32,28.3,21.04,27.5,8.96,below_obs,3.7,3.7,0.48999998137999884,0.5,516,64,15,41,1,1,1,1,1,NO,0.9455555466482819,1179.5049,66.66768000000025,closed
1771442966,2026-02-18T19:29:26.000Z,Paris,2026-02-18,0x0b6de96cd52cb3ad0e5449f02771bbdeb9b1e7f01e43afd6d71a3292968eca93,exact,8,8,8.4,1.49,8.4,3.51,above_obs,-0.4,0.4,0.983,0.028,10,110,63,87,1,1,1,1,1,YES,0.9954686658159648,1685.04972,5.9775600000000395,closed
1771603074,2026-02-20T15:57:54.000Z,Sao Paulo,2026-02-20,0x9b9ba28c2ff828692a0b7f8e212555094310e1a2517105f2a610eeef348b73de,exact,29,29,29.5,0.96,29.5,11.03,above_obs,-0.5,0.5,0.06981411990575094,0.988,238,1406,10,30,1,1,1,1,1,NO,0.9899474018783578,482.75775,4.414590000000032,closed
1771614226,2026-02-20T19:03:46.000Z,Buenos Aires,2026-02-20,0x2bd3a46eaa9eccebdb2660faebefdce43b370dbb50c34895d328bf97adb25f4e,exact,31,31,28.5,23.06,26.6,7.94,below_obs,2.5,2.5,0.9873476830052494,0.64,890,4056,4,22,1,1,1,1,1,NO,0.76793451,767.93451,-766.7604,closed
1771768906,2026-02-22T14:01:46.000Z,Sao Paulo,2026-02-22,0x66c942a597c031f615ecaa9cecb9ff565d110983b6d5a248b646aa9f5dc1d463,exact,26,26,29.8,22.03,25.2,12.97,above_obs,-3.8,3.8,0.42999995054998097,0.58,126,7270,2,13,1,1,1,1,1,NO,0.9517216,475.8608,23.639200000000017,closed
1771783336,2026-02-22T18:02:16.000Z,Buenos Aires,2026-02-22,0xebfad3ef20f7224845fb086f6bf9bb7836e6576c996a226915725030b0760344,exact,30,30,28.3,0.04,28.3,8.96,below_obs,1.7,1.7,0.2,0.79,244,204,20,28,1,1,1,1,1,NO,0.9423931224258557,1047.96,62.947979999999916,closed
1771853390,2026-02-23T13:29:50.000Z,Paris,2026-02-23,0x212633254a34db380a3158c2257752beb7f70e5db6230cf57ae6714384934371,exact,15,15,14.6,0.5,14.6,9.5,below_obs,0.4,0.4,0.72,0.45,394,1896,18,45,2,1,2,1,0,,,,,
1771853390,2026-02-23T13:29:50.000Z,Paris,2026-02-23,0xa014aaa5a0fb0663b676902af3fc907cdea5ff0f873b82f59bab78d6ab60d154,exact,14,14,14.6,0.5,14.6,9.5,above_obs,-0.6,0.6,0.16,0.8499999404999804,64,20,48,108,2,2,1,2,1,NO,0.9456470944717528,842.6283,47.54063999999994,closed
1771858860,2026-02-23T15:01:00.000Z,Paris,2026-02-23,0x212633254a34db380a3158c2257752beb7f70e5db6230cf57ae6714384934371,exact,15,15,14.8,1.02,14.8,7.98,below_obs,0.2,0.2,0.01,0.8556108732556774,24,46,54,112,2,1,2,1,1,NO,0.99,1074.2687999999998,9.766080000000102,closed
1771858860,2026-02-23T15:01:00.000Z,Paris,2026-02-23,0xa014aaa5a0fb0663b676902af3fc907cdea5ff0f873b82f59bab78d6ab60d154,exact,14,14,14.8,1.02,14.8,7.98,above_obs,-0.8,0.8,0.001,0.999,3432,3950,1,127,2,2,1,2,0,,,,,
1771858936,2026-02-23T15:02:16.000Z,Paris,2026-02-23,0x212633254a34db380a3158c2257752beb7f70e5db6230cf57ae6714384934371,exact,15,15,14.8,1.04,14.8,7.96,below_obs,0.2,0.2,0.01,0.8556108732556774,60,122,55,115,2,1,2,1,1,NO,0.9900000000000001,68.4684,0.6224399999999974,closed
1771858936,2026-02-23T15:02:16.000Z,Paris,2026-02-23,0xa014aaa5a0fb0663b676902af3fc907cdea5ff0f873b82f59bab78d6ab60d154,exact,14,14,14.8,1.04,14.8,7.96,above_obs,-0.8,0.8,0.001,0.999,3508,4026,1,127,2,2,1,2,0,,,,,
1771952266,2026-02-24T16:57:46.000Z,Sao Paulo,2026-02-24,0xc6394cd461087de5fbf29fe2701c3e7d7085e955e08eea379a26c78c3a8ccdba,exact,28,28,26.8,1.96,24.2,10.04,below_obs,1.2,1.2,0.17,0.9,744,238,52,88,1,1,1,1,1,YES,0.9799999999999999,615.4399999999999,11.932000000000016,closed
1772018898,2026-02-25T11:28:18.000Z,Paris,2026-02-25,0x42c10e296de3529be62b3d44cea3bfc1e9898233af97b2534aee191f47f06d5a,exact,17,17,15.1,21.47,13.9,11.53,below_obs,1.9,1.9,0.03,0.98,3638,1408,5,19,4,2,2,3,0,,,,,
1772018898,2026-02-25T11:28:18.000Z,Paris,2026-02-25,0x5eebb9fabfbc9adee39a6bc6bbe08367b2af838b78d184037a47827073076bc4,exact,19,19,15.1,21.47,13.9,11.53,below_obs,3.9,3.9,0.5299999650199954,0.6,210,1408,4,4,4,4,4,1,0,,,,,
1772018898,2026-02-25T11:28:18.000Z,Paris,2026-02-25,0x9a5002f9b0cccc0efd39e0e70ecd53c6510541e757aca61f2eaedebc1d9d862a,exact,18,18,15.1,21.47,13.9,11.53,below_obs,2.9,2.9,0.2,0.8,898,1408,8,8,4,3,3,2,0,,,,,
1772018898,2026-02-25T11:28:18.000Z,Paris,2026-02-25,0xfab13476de3d6e705f935a325412d5384b6e47b8b7fa30497a40541ffa4d5979,exact,15,15,15.1,21.47,13.9,11.53,above_obs,-0.1,0.1,0.004,0.99658128,3606,1238,8,77,4,1,1,4,1,NO,0.997,652.038,1.3079999999999927,closed
1772022492,2026-02-25T12:28:12.000Z,Paris,2026-02-25,0x42c10e296de3529be62b3d44cea3bfc1e9898233af97b2534aee191f47f06d5a,exact,17,17,16.2,0.47,16.2,10.53,below_obs,0.8,0.8,0.039,0.9894343613201515,1188,540,16,35,4,1,2,3,1,NO,0.994,82.502,0.41500000000000625,closed
1772022492,2026-02-25T12:28:12.000Z,Paris,2026-02-25,0x5eebb9fabfbc9adee39a6bc6bbe08367b2af838b78d184037a47827073076bc4,exact,19,19,16.2,0.47,16.2,10.53,below_obs,2.8,2.8,0.45,0.66828,272,560,11,15,4,4,3,1,0,,,,,
1772022492,2026-02-25T12:28:12.000Z,Paris,2026-02-25,0x9a5002f9b0cccc0efd39e0e70ecd53c6510541e757aca61f2eaedebc1d9d862a,exact,18,18,16.2,0.47,16.2,10.53,below_obs,1.8,1.8,0.4582379905518044,0.85,564,1002,13,21,4,3,4,2,0,,,,,
1772022492,2026-02-25T12:28:12.000Z,Paris,2026-02-25,0xfab13476de3d6e705f935a325412d5384b6e47b8b7fa30497a40541ffa4d5979,exact,15,15,16.2,0.47,16.2,10.53,above_obs,-1.2,1.2,0.001,0.999,2120,1154,34,111,4,2,1,4,0,,,,,
1772026156,2026-02-25T13:29:16.000Z,Paris,2026-02-25,0x42c10e296de3529be62b3d44cea3bfc1e9898233af97b2534aee191f47f06d5a,exact,17,17,17.8,0.49,17.8,9.51,above_obs,-0.8,0.8,0.001,0.999,3360,1348,6,51,4,2,1,3,0,,,,,
1772026156,2026-02-25T13:29:16.000Z,Paris,2026-02-25,0x5eebb9fabfbc9adee39a6bc6bbe08367b2af838b78d184037a47827073076bc4,exact,19,19,17.8,0.49,17.8,9.51,below_obs,1.2,1.2,0.4,0.6,466,526,10,25,4,3,4,1,0,,,,,
1772026156,2026-02-25T13:29:16.000Z,Paris,2026-02-25,0x9a5002f9b0cccc0efd39e0e70ecd53c6510541e757aca61f2eaedebc1d9d862a,exact,18,18,17.8,0.49,17.8,9.51,below_obs,0.2,0.2,0.04,0.9862257117102546,126,64,24,45,4,1,3,2,1,NO,0.9900000000000001,285.4863,2.59532999999999,closed
1772026156,2026-02-25T13:29:16.000Z,Paris,2026-02-25,0xfab13476de3d6e705f935a325412d5384b6e47b8b7fa30497a40541ffa4d5979,exact,15,15,17.8,0.49,17.8,9.51,above_obs,-2.8,2.8,0.001,0.999,5784,3454,1,112,4,4,2,4,0,,,,,
1772027900,2026-02-25T13:58:20.000Z,Paris,2026-02-25,0x42c10e296de3529be62b3d44cea3bfc1e9898233af97b2534aee191f47f06d5a,exact,17,17,17.8,0.97,17.8,9.03,above_obs,-0.8,0.8,0.001,0.999,5104,3092,1,51,4,2,1,2,0,,,,,
1772027900,2026-02-25T13:58:20.000Z,Paris,2026-02-25,0x5eebb9fabfbc9adee39a6bc6bbe08367b2af838b78d184037a47827073076bc4,exact,19,19,17.8,0.97,17.8,9.03,below_obs,1.2,1.2,0.07,0.92,10,36,31,52,4,3,4,1,1,NO,0.9831763682808848,904.4731,14.556950000000029,closed
1772027900,2026-02-25T13:58:20.000Z,Paris,2026-02-25,0x9a5002f9b0cccc0efd39e0e70ecd53c6510541e757aca61f2eaedebc1d9d862a,exact,18,18,17.8,0.97,17.8,9.03,below_obs,0.2,0.2,0.04,0.999,1870,70,18,50,4,1,3,3,0,,,,,
1772027900,2026-02-25T13:58:20.000Z,Paris,2026-02-25,0xfab13476de3d6e705f935a325412d5384b6e47b8b7fa30497a40541ffa4d5979,exact,15,15,17.8,0.97,17.8,9.03,above_obs,-2.8,2.8,0.001,0.999,7528,5198,0,112,4,4,2,4,0,,,,,
1772031386,2026-02-25T14:56:26.000Z,Sao Paulo,2026-02-25,0x2eef5d3e77ef302f7d63519540989625ce24ae4ebe3ab8411bed819d74068e54,exact,26,26,26.8,23.94,26.2,12.06,above_obs,-0.8,0.8,0.010733333333333333,0.99,658,874,7,23,1,1,1,1,1,NO,0.9803809451103138,513.6804000000001,9.755639999999971,closed
1772114290,2026-02-26T13:58:10.000Z,Paris,2026-02-26,0xb05bba83e8664140ad0b04274609d230e480db565c42bdae2a227c3e3c491636,exact,18,18,19,22.97,17.2,9.03,above_obs,-1,1,0.16,0.9302625666882177,70,46,43,67,1,1,1,1,1,NO,0.9870731689088191,1320.7039,15.958100000000059,closed
1772118072,2026-02-26T15:01:12.000Z,Sao Paulo,2026-02-26,0xe95b30d38ec6f1808bd380e61de30b1105253f51cc36e61b9a9ae0f98836a8d1,exact,23,23,27.5,23.02,22,11.98,above_obs,-4.5,4.5,0.037,0.99,420,124,10,23,1,1,1,1,1,NO,0.9922350224215246,663.8052299999999,4.52577000000008,closed
1772215331,2026-02-27T18:02:11.000Z,Buenos Aires,2026-02-27,0x887a108aec3b53fda5c7672727e199344449ce9a5405cb5d6a7f368517506b11,or_below,,28,26.4,0.04,26.4,8.96,contains,0,0,0.06,0.952,250,410,32,105,1,1,1,1,1,NO,0.9851549854791867,1322.96463,18.59247000000005,closed
1772219043,2026-02-27T19:04:03.000Z,Toronto,2026-02-27,0xc8c5b57458e9605363a46ae482d2abfa6d36cd656951075642f8fc6abb31cc00,exact,4,4,2.1,0.07,2.1,9.93,below_obs,1.9,1.9,0.0239,0.9861453333333333,282,10,12,22,1,1,1,1,1,NO,0.9965745490196078,254.12651,0.6184900000000084,closed
1772296713,2026-02-28T16:38:33.000Z,Sao Paulo,2026-02-28,0xc172a3ba7c420f86044877399a05a8b3a0d8c263216410cc7878ce96d3ac440d,exact,24,24,22.9,0.64,22.9,10.36,below_obs,1.1,1.1,0.3,0.999,2970,1048,16,47,1,1,1,1,1,NO,0.99,692.01,6.291000000000054,closed
1772375305,2026-03-01T14:28:25.000Z,Paris,2026-03-01,0x6d6cb31495cbb70435a794fe60ebada3e0eaeb1686f1a7a00a1a6ad01b1df821,exact,12,12,12.4,23.47,12.4,8.53,above_obs,-0.4,0.4,0.6899999424999856,0.47049333677859956,36,92,84,153,2,1,2,1,1,NO,0.9545907010014306,667.2589,31.042100000000005,closed
1772375305,2026-03-01T14:28:25.000Z,Paris,2026-03-01,0xbdc0e0a41b5970227c11c48c588a6c6f3bbf4b127f6ea5f0574a3f144a647ce7,exact,17,17,12.4,23.47,12.4,8.53,below_obs,4.6,4.6,0.001,0.999,6818,4196,0,57,2,2,1,2,0,,,,,
1772667023,2026-03-04T23:30:23.000Z,Wellington,2026-03-05,0x158df521cd5d9f108f2c3e2d246cbe5cab7aec5e88ae61c06eebaa26a8d3c839,exact,17,17,16.4,0.51,16.4,11.49,below_obs,0.6,0.6,0.04502428071838653,0.9803535609801879,314,64,17,53,2,1,1,2,1,NO,0.9908911909090911,1089.9803100000001,8.919689999999946,closed
1772667023,2026-03-04T23:30:23.000Z,Wellington,2026-03-05,0xf0096c3285936c5f8ac968474b3dc544cec3592ddae412e07c4856065d87453c,exact,20,20,16.4,0.51,16.4,11.49,below_obs,3.6,3.6,0.17353113159451392,0.8799998591999522,14,752,12,12,2,2,2,1,0,,,,,
1772676009,2026-03-05T02:00:09.000Z,Wellington,2026-03-05,0x158df521cd5d9f108f2c3e2d246cbe5cab7aec5e88ae61c06eebaa26a8d3c839,exact,17,17,17.6,0,17.6,9,above_obs,-0.6,0.6,0.001,0.999,7182,536,9,96,2,1,1,2,0,,,,,
1772676009,2026-03-05T02:00:09.000Z,Wellington,2026-03-05,0xf0096c3285936c5f8ac968474b3dc544cec3592ddae412e07c4856065d87453c,exact,20,20,17.6,0,17.6,9,below_obs,2.4,2.4,0.17533333333333334,0.8099999788327384,144,146,23,114,2,2,2,1,1,YES,0.42613443396226414,27.9118054245283,36.9331945754717,closed
1772717375,2026-03-05T13:29:35.000Z,Paris,2026-03-05,0x324dde96e3b7d2b1a126948b8a0d29a1303a723920c1bab107ada38e4877e910,exact,17,17,17.5,23.49,16.8,9.51,above_obs,-0.5,0.5,0.12729011312092126,0.9722087679612934,108,258,55,113,1,1,1,1,1,NO,0.9817287444444445,883.55587,15.544129999999996,closed
1772748029,2026-03-05T22:00:29.000Z,Wellington,2026-03-06,0x25b3527b14932b8b1e10c7d1f3e6616223e3490c8e670238db03aee7b0ea5df2,exact,19,19,17.6,20.01,17.2,12.99,below_obs,1.4,1.4,0.23,0.79,238,744,11,20,2,2,2,1,0,,,,,
1772748029,2026-03-05T22:00:29.000Z,Wellington,2026-03-06,0x52ebaf1dc35d75228f92c06b229cad05eef8a094d80a37d1232b46cc96ffdadc,exact,18,18,17.6,20.01,17.2,12.99,below_obs,0.4,0.4,0.05,0.938,32,136,21,38,2,1,1,2,1,NO,0.9780887894736842,929.18435,19.86564999999996,closed
1772751617,2026-03-05T23:00:17.000Z,Wellington,2026-03-06,0x25b3527b14932b8b1e10c7d1f3e6616223e3490c8e670238db03aee7b0ea5df2,exact,19,19,17.7,0,17.7,11.99,below_obs,1.3,1.3,0.3015798426320152,0.7,160,128,19,39,2,2,2,1,1,NO,0.9086912631578947,863.2567,,open
1772751617,2026-03-05T23:00:17.000Z,Wellington,2026-03-06,0x52ebaf1dc35d75228f92c06b229cad05eef8a094d80a37d1232b46cc96ffdadc,exact,18,18,17.7,0,17.7,11.99,below_obs,0.3,0.3,0.001,0.999,232,262,28,66,2,1,1,2,0,,,,,
1772829471,2026-03-06T20:37:51.000Z,Wellington,2026-03-07,0x375cc80f2053002c0e9dc9ce2a2f0f83ff4e53d59a45b926225e4dd8aa005c3e,exact,20,20,18.2,18.63,16.2,14.37,below_obs,1.8,1.8,0.27174195880014457,0.72,246,1554,5,5,3,2,3,1,0,,,,,
1772829471,2026-03-06T20:37:51.000Z,Wellington,2026-03-07,0x777daa6448f458a3b43b8957ce8efa1c0dad45a5c8e78a62941fbe12fa3d48f2,exact,23,23,18.2,18.63,16.2,14.37,below_obs,4.8,4.8,0.03975788199378915,0.96,3536,1124,6,26,3,3,1,3,1,YES,0.04100000545938351,0.24641003281089488,0.4327199671891051,closed
1772829471,2026-03-06T20:37:51.000Z,Wellington,2026-03-07,0xd8f21c84979de2b0c6fb5f513c9a3c44ac1c2ec09ddd6a5458c5e63d58df7cbc,exact,19,19,18.2,18.63,16.2,14.37,below_obs,0.8,0.8,0.06,0.94,1438,894,11,19,3,1,2,2,0,,,,,
1772831127,2026-03-06T21:05:27.000Z,Wellington,2026-03-07,0x375cc80f2053002c0e9dc9ce2a2f0f83ff4e53d59a45b926225e4dd8aa005c3e,exact,20,20,18.2,19.09,17.1,13.91,below_obs,1.8,1.8,0.32,0.77,60,1470,7,9,3,2,3,1,0,,,,,
1772831127,2026-03-06T21:05:27.000Z,Wellington,2026-03-07,0x777daa6448f458a3b43b8957ce8efa1c0dad45a5c8e78a62941fbe12fa3d48f2,exact,23,23,18.2,19.09,17.1,13.91,below_obs,4.8,4.8,0.03975788199378915,0.9589999992327988,5192,1076,5,28,3,3,1,3,0,,,,,
1772831127,2026-03-06T21:05:27.000Z,Wellington,2026-03-07,0xd8f21c84979de2b0c6fb5f513c9a3c44ac1c2ec09ddd6a5458c5e63d58df7cbc,exact,19,19,18.2,19.09,17.1,13.91,below_obs,0.8,0.8,0.07345130315500686,0.9191111111111111,102,100,14,24,3,1,2,2,1,NO,0.9818125625602645,1069.14479,18.71625999999992,closed
1772830051,2026-03-06T20:47:31.000Z,Wellington,2026-03-07,0x375cc80f2053002c0e9dc9ce2a2f0f83ff4e53d59a45b926225e4dd8aa005c3e,exact,20,20,18.2,18.79,16.2,14.21,below_obs,1.8,1.8,0.299999819999928,0.77,518,394,7,7,3,2,3,1,0,,,,,
1772830051,2026-03-06T20:47:31.000Z,Wellington,2026-03-07,0x777daa6448f458a3b43b8957ce8efa1c0dad45a5c8e78a62941fbe12fa3d48f2,exact,23,23,18.2,18.79,16.2,14.21,below_obs,4.8,4.8,0.03975788199378915,0.9589999721884168,4116,580,5,27,3,3,1,3,1,YES,0.04100000076720123,0.22386000418891872,0.27299999581108125,closed
1772830051,2026-03-06T20:47:31.000Z,Wellington,2026-03-07,0xd8f21c84979de2b0c6fb5f513c9a3c44ac1c2ec09ddd6a5458c5e63d58df7cbc,exact,19,19,18.2,18.79,16.2,14.21,below_obs,0.8,0.8,0.06,0.94,2018,1474,11,19,3,1,2,2,0,,,,,
1772838031,2026-03-06T23:00:31.000Z,Wellington,2026-03-07,0x375cc80f2053002c0e9dc9ce2a2f0f83ff4e53d59a45b926225e4dd8aa005c3e,exact,20,20,18.3,0.01,18.3,11.99,below_obs,1.7,1.7,0.01,0.99,6,12,36,67,3,2,2,2,1,NO,0.9636273,963.6273,35.37270000000001,closed
1772838031,2026-03-06T23:00:31.000Z,Wellington,2026-03-07,0x777daa6448f458a3b43b8957ce8efa1c0dad45a5c8e78a62941fbe12fa3d48f2,exact,23,23,18.3,0.01,18.3,11.99,below_obs,4.7,4.7,0.147,0.9159998490431644,2,114,24,83,3,3,3,1,0,,,,,
1772838031,2026-03-06T23:00:31.000Z,Wellington,2026-03-07,0xd8f21c84979de2b0c6fb5f513c9a3c44ac1c2ec09ddd6a5458c5e63d58df7cbc,exact,19,19,18.3,0.01,18.3,11.99,below_obs,0.7,0.7,0.001,0.999,2482,984,5,63,3,1,1,3,0,,,,,
1772940655,2026-03-08T03:30:55.000Z,Wellington,2026-03-08,0x8b62d841760d8eac730956c4208fada7ca1454f0e4746b0f9f78efd2e5325f1f,exact,17,17,19,24.52,18.6,7.48,above_obs,-2,2,0.001,0.999,57326,57694,0,29,2,2,1,1,0,,,,,
1772940655,2026-03-08T03:30:55.000Z,Wellington,2026-03-08,0xb8728c233778ad1fd154dafd5a4a63325e5784ec531a946d65eb0974262018c0,exact,20,20,19,24.52,18.6,7.48,below_obs,1,1,0.001,0.999,698,456,13,98,2,1,2,2,1,YES,0.009869270588235295,1.237606531764706,-1.112206531764706,closed
1772980141,2026-03-08T14:29:01.000Z,Paris,2026-03-08,0x3b0469b9964a711a13782a9382b9fd0ccf679d3743495d809f3e59931b1fc484,exact,15,15,17.3,23.48,15.6,8.52,above_obs,-2.3,2.3,0.17709179307662387,0.6847699391651605,70,106,62,166,2,1,2,1,0,,,,,
1772980141,2026-03-08T14:29:01.000Z,Paris,2026-03-08,0x4144e994c8f4016367222fa1ce3636aa6803bb0bf128f801be72bef14612abae,or_below,,14,17.3,23.48,15.6,8.52,above_obs,-3.3,3.3,0.046152,0.999,104,6,119,297,2,2,1,2,1,NO,0.998,364.53945999999996,0.36527000000000953,closed
1772981891,2026-03-08T14:58:11.000Z,Paris,2026-03-08,0x3b0469b9964a711a13782a9382b9fd0ccf679d3743495d809f3e59931b1fc484,exact,15,15,17.3,23.97,15.6,8.03,above_obs,-2.3,2.3,0.086,0.899,2,106,116,256,2,1,2,1,1,NO,0.9248998536585366,948.02235,75.95265000000006,closed
1772981891,2026-03-08T14:58:11.000Z,Paris,2026-03-08,0x4144e994c8f4016367222fa1ce3636aa6803bb0bf128f801be72bef14612abae,or_below,,14,17.3,23.97,15.6,8.03,above_obs,-3.3,3.3,0.001,0.999,364,38,82,330,2,2,1,2,0,,,,,
1772980259,2026-03-08T14:30:59.000Z,Paris,2026-03-08,0x3b0469b9964a711a13782a9382b9fd0ccf679d3743495d809f3e59931b1fc484,exact,15,15,17.3,23.52,15.6,8.48,above_obs,-2.3,2.3,0.151,0.8,8,2,64,172,2,1,2,1,0,,,,,
1772980259,2026-03-08T14:30:59.000Z,Paris,2026-03-08,0x4144e994c8f4016367222fa1ce3636aa6803bb0bf128f801be72bef14612abae,or_below,,14,17.3,23.52,15.6,8.48,above_obs,-3.3,3.3,0.002,0.999,24,16,124,306,2,2,1,2,1,NO,0.998,0.009979999999990923,,open
1772947769,2026-03-08T05:29:29.000Z,Toronto,2026-03-08,0x6908e2936242dda93827a7ad4f94d619e54cec485188704e495ad86889aa6e1b,exact,9,9,14.9,9.49,8.1,22.51,above_obs,-5.9,5.9,0.009248283828382838,0.992,266,2054,6,24,1,1,1,1,1,YES,0.009009259259259259,0.56434,0.062060000000000115,closed
1773060819,2026-03-09T12:53:39.000Z,Munich,2026-03-09,0x3a2140a5fde2817949b95fd55fdf50db0ec956e5476b546652dba8f800b399b1,exact,16,16,13.4,23.89,12.4,10.11,below_obs,2.6,2.6,0.05,0.95,1886,500,18,20,2,2,1,2,0,,,,,
1773060819,2026-03-09T12:53:39.000Z,Munich,2026-03-09,0xe412fac650bf731fba270ad37c62518bebe33c3b5caa0d1a11694ee2b2b8925c,exact,14,14,13.4,23.89,12.4,10.11,below_obs,0.6,0.6,0.53,0.6548266666666667,370,6,10,25,2,1,2,1,1,NO,0.99,332.56080000000003,3.0232799999999997,closed
1773066209,2026-03-09T14:23:29.000Z,Munich,2026-03-09,0x3a2140a5fde2817949b95fd55fdf50db0ec956e5476b546652dba8f800b399b1,exact,16,16,14.1,0.39,14.1,8.61,below_obs,1.9,1.9,0.07500529406102609,0.93,352,116,30,80,2,2,2,1,1,NO,0.9502735415153717,66.51914790607601,3.4108520939239924,closed
1773066209,2026-03-09T14:23:29.000Z,Munich,2026-03-09,0xe412fac650bf731fba270ad37c62518bebe33c3b5caa0d1a11694ee2b2b8925c,exact,14,14,14.1,0.39,14.1,8.61,above_obs,-0.1,0.1,0.001,0.999,2114,2314,4,44,2,1,1,2,0,,,,,
1773066919,2026-03-09T14:35:19.000Z,Sao Paulo,2026-03-09,0xb2dbcafb1ad5e994748ab0bcdc009f921b3f0645f009c961ff55b7855c506292,exact,22,22,26.4,23.59,20.4,12.41,above_obs,-4.4,4.4,0.23987052551408988,0.59,1024,310,26,54,1,1,1,1,1,YES,0.28,1.4000000000000001,3.5749999999999993,closed
1773190827,2026-03-11T01:00:27.000Z,Wellington,2026-03-11,0xdc5f50f0791b27c05ab8949813eb22dcdf83cfc45b6be73498c4f0668946e7c1,exact,17,17,18.2,0.01,18.2,9.99,above_obs,-1.2,1.2,0.026,0.9739999979708266,78,30,40,111,1,1,1,1,1,NO,0.9848838703870387,946.4733994419443,13.565600558055735,closed
1773185751,2026-03-10T23:35:51.000Z,Wellington,2026-03-11,0xdc5f50f0791b27c05ab8949813eb22dcdf83cfc45b6be73498c4f0668946e7c1,exact,17,17,16.9,0.6,16.9,11.4,below_obs,0.1,0.1,0.024,0.981,32,1010,48,65,1,1,1,1,1,YES,0.027325733333333335,4.09886,,open
1773236805,2026-03-11T13:46:45.000Z,Paris,2026-03-11,0x66cd899c70d615336af3a3f7a4d1aea1fa460ba77aae9e63fa54c276b07d4d0a,exact,12,12,15.3,24.78,12.2,9.22,above_obs,-3.3,3.3,0.06,0.94,50,50,126,211,2,1,2,1,1,YES,0.09761360123647604,11.368079999999999,-7.246979999999999,closed
1773236805,2026-03-11T13:46:45.000Z,Paris,2026-03-11,0xb977eab02757ae3e7473ee36682d1bc57b78ef0bf6552eb9a3f34bb8bba094b4,exact,11,11,15.3,24.78,12.2,9.22,above_obs,-4.3,4.3,0.001,0.999,51964,51430,0,81,2,2,1,2,0,,,,,
1773264613,2026-03-11T21:30:13.000Z,Wellington,2026-03-12,0x0d2093bdd0b2ca03e85c4f64d5562b37640c28171165044fa438e508b92b117d,exact,18,18,18.2,20.5,15.4,13.5,above_obs,-0.2,0.2,0.169284524231884,0.88,976,134,14,34,4,1,2,3,0,,,,,
1773264613,2026-03-11T21:30:13.000Z,Wellington,2026-03-12,0x1bcbcf43dc077c3d68f2d2d5d05966bb5d4a5104d0b8e12bca61b7fcbf7fcca2,exact,17,17,18.2,20.5,15.4,13.5,above_obs,-1.2,1.2,0.007,0.984,966,96,13,38,4,3,1,4,1,NO,0.9957874528929285,449.19972000000007,1.4491799999999557,closed
1773264613,2026-03-11T21:30:13.000Z,Wellington,2026-03-12,0x2383c420db79caeb86955e794b7398a6ddc626e43bd4360521e828561056b538,exact,21,21,18.2,20.5,15.4,13.5,below_obs,2.8,2.8,0.17,0.85,966,134,14,61,4,4,3,2,0,,,,,
1773264613,2026-03-11T21:30:13.000Z,Wellington,2026-03-12,0x6b4e9d1f8ea6a4e7b12fc616395441bc2a95262645abd4b1b7db52b84a685746,exact,19,19,18.2,20.5,15.4,13.5,below_obs,0.8,0.8,0.25,0.77,694,134,18,25,4,2,4,1,0,,,,,
1773270005,2026-03-11T23:00:05.000Z,Wellington,2026-03-12,0x0d2093bdd0b2ca03e85c4f64d5562b37640c28171165044fa438e508b92b117d,exact,18,18,18.2,22,17.4,12,above_obs,-0.2,0.2,0.001,0.999,128,316,29,68,4,1,1,3,0,,,,,
1773270005,2026-03-11T23:00:05.000Z,Wellington,2026-03-12,0x1bcbcf43dc077c3d68f2d2d5d05966bb5d4a5104d0b8e12bca61b7fcbf7fcca2,exact,17,17,18.2,22,17.4,12,above_obs,-1.2,1.2,0.001,0.999,2916,2292,4,57,4,3,2,4,0,,,,,
1773270005,2026-03-11T23:00:05.000Z,Wellington,2026-03-12,0x2383c420db79caeb86955e794b7398a6ddc626e43bd4360521e828561056b538,exact,21,21,18.2,22,17.4,12,below_obs,2.8,2.8,0.5299999574581832,0.66,76,116,61,128,4,4,4,1,0,,,,,
1773270005,2026-03-11T23:00:05.000Z,Wellington,2026-03-12,0x6b4e9d1f8ea6a4e7b12fc616395441bc2a95262645abd4b1b7db52b84a685746,exact,19,19,18.2,22,17.4,12,below_obs,0.8,0.8,0.15,0.93,68,930,71,101,4,2,3,2,1,NO,0.9862880288028801,1095.7659999999998,4.124000000000251,closed
1773266427,2026-03-11T22:00:27.000Z,Wellington,2026-03-12,0x0d2093bdd0b2ca03e85c4f64d5562b37640c28171165044fa438e508b92b117d,exact,18,18,18.2,21.01,16.6,12.99,above_obs,-0.2,0.2,0.104,0.893,124,944,12,39,4,1,2,3,1,NO,0.9700670207020701,1077.74446,32.144540000000006,closed
1773266427,2026-03-11T22:00:27.000Z,Wellington,2026-03-12,0x1bcbcf43dc077c3d68f2d2d5d05966bb5d4a5104d0b8e12bca61b7fcbf7fcca2,exact,17,17,18.2,21.01,16.6,12.99,above_obs,-1.2,1.2,0.001,0.999,424,1546,22,53,4,3,1,4,0,,,,,
1773266427,2026-03-11T22:00:27.000Z,Wellington,2026-03-12,0x2383c420db79caeb86955e794b7398a6ddc626e43bd4360521e828561056b538,exact,21,21,18.2,21.01,16.6,12.99,below_obs,2.8,2.8,0.19846930548147412,0.83,462,822,14,67,4,4,3,2,0,,,,,
1773266427,2026-03-11T22:00:27.000Z,Wellington,2026-03-12,0x6b4e9d1f8ea6a4e7b12fc616395441bc2a95262645abd4b1b7db52b84a685746,exact,19,19,18.2,21.01,16.6,12.99,below_obs,0.8,0.8,0.21999985479995063,0.7699998690999699,1070,1498,14,30,4,2,4,1,0,,,,,
1773258703,2026-03-11T19:51:43.000Z,Wellington,2026-03-12,0x0d2093bdd0b2ca03e85c4f64d5562b37640c28171165044fa438e508b92b117d,exact,18,18,18.2,18.86,11.4,15.14,above_obs,-0.2,0.2,0.05,0.948999997342791,608,960,6,6,4,1,2,2,0,,,,,
1773258703,2026-03-11T19:51:43.000Z,Wellington,2026-03-12,0x1bcbcf43dc077c3d68f2d2d5d05966bb5d4a5104d0b8e12bca61b7fcbf7fcca2,exact,17,17,18.2,18.86,11.4,15.14,above_obs,-1.2,1.2,0.018,0.9779998838135673,608,212,8,13,4,3,1,3,0,,,,,
1773258703,2026-03-11T19:51:43.000Z,Wellington,2026-03-12,0x2383c420db79caeb86955e794b7398a6ddc626e43bd4360521e828561056b538,exact,21,21,18.2,18.86,11.4,15.14,below_obs,2.8,2.8,0.23,0.77,608,2938,6,33,4,4,3,1,1,YES,0.23,2.7600000000000002,8.280000000000001,closed
1773258703,2026-03-11T19:51:43.000Z,Wellington,2026-03-12,0x6b4e9d1f8ea6a4e7b12fc616395441bc2a95262645abd4b1b7db52b84a685746,exact,19,19,18.2,18.86,11.4,15.14,below_obs,0.8,0.8,,,,,0,0,4,2,,,0,,,,,
1773261897,2026-03-11T20:44:57.000Z,Wellington,2026-03-12,0x0d2093bdd0b2ca03e85c4f64d5562b37640c28171165044fa438e508b92b117d,exact,18,18,18.2,19.75,13.6,14.25,above_obs,-0.2,0.2,0.079,0.9399999976499985,1336,762,15,21,4,1,2,3,0,,,,,
1773261897,2026-03-11T20:44:57.000Z,Wellington,2026-03-12,0x1bcbcf43dc077c3d68f2d2d5d05966bb5d4a5104d0b8e12bca61b7fcbf7fcca2,exact,17,17,18.2,19.75,13.6,14.25,above_obs,-1.2,1.2,0.026322222222222223,0.973,1336,328,14,26,4,3,1,4,0,,,,,
1773261897,2026-03-11T20:44:57.000Z,Wellington,2026-03-12,0x2383c420db79caeb86955e794b7398a6ddc626e43bd4360521e828561056b538,exact,21,21,18.2,19.75,13.6,14.25,below_obs,2.8,2.8,0.21,0.79,1336,226,16,49,4,4,3,2,1,YES,0.21187759905660378,8.9836102,27.8543898,closed
1773261897,2026-03-11T20:44:57.000Z,Wellington,2026-03-12,0x6b4e9d1f8ea6a4e7b12fc616395441bc2a95262645abd4b1b7db52b84a685746,exact,19,19,18.2,19.75,13.6,14.25,below_obs,0.8,0.8,0.24,0.77,1336,1224,7,7,4,2,4,1,0,,,,,
1773262109,2026-03-11T20:48:29.000Z,Wellington,2026-03-12,0x0d2093bdd0b2ca03e85c4f64d5562b37640c28171165044fa438e508b92b117d,exact,18,18,18.2,19.81,13.6,14.19,above_obs,-0.2,0.2,0.079,0.9399999976499985,1548,974,15,21,4,1,2,3,0,,,,,
1773262109,2026-03-11T20:48:29.000Z,Wellington,2026-03-12,0x1bcbcf43dc077c3d68f2d2d5d05966bb5d4a5104d0b8e12bca61b7fcbf7fcca2,exact,17,17,18.2,19.81,13.6,14.19,above_obs,-1.2,1.2,0.026322222222222223,0.973,1548,540,13,26,4,3,1,4,0,,,,,
1773262109,2026-03-11T20:48:29.000Z,Wellington,2026-03-12,0x2383c420db79caeb86955e794b7398a6ddc626e43bd4360521e828561056b538,exact,21,21,18.2,19.81,13.6,14.19,below_obs,2.8,2.8,0.23,0.79,212,438,17,50,4,4,3,2,1,YES,0.18,6.2334000000000005,24.241000000000003,closed
1773262109,2026-03-11T20:48:29.000Z,Wellington,2026-03-12,0x6b4e9d1f8ea6a4e7b12fc616395441bc2a95262645abd4b1b7db52b84a685746,exact,19,19,18.2,19.81,13.6,14.19,below_obs,0.8,0.8,0.24,0.77,1548,1436,7,7,4,2,4,1,0,,,,,
1773288111,2026-03-12T04:01:51.000Z,Toronto,2026-03-12,0xa0cf26d05718dd792bdfd8b14005271a60148f1badd9adf5a1ba1d65ad017172,exact,0,0,8.3,28.03,0.9,23.97,above_obs,-8.3,8.3,0.035,0.927,96,100,23,49,1,1,1,1,1,YES,0.0645560704355885,3.4828,4.059000000000001,closed
1773383461,2026-03-13T06:31:01.000Z,Singapore,2026-03-13,0xa3f94b1cccba57d771b59c632b8c3fca4165d75b42593fde1410349959e47968,exact,31,31,31.9,24.52,31.5,9.48,above_obs,-0.9,0.9,0.75,0.9881803308489365,402,4,33,58,1,1,1,1,1,NO,0.9900000000000002,254.58840000000004,2.3144399999999337,closed
1773399843,2026-03-13T11:04:03.000Z,Wellington,2026-03-14,0x1a59dd5e02867aad791ba4aeaff316d07e1d2568ea92110b583c75d28d2609e3,exact,17,17,22.1,11.07,17.1,23.93,above_obs,-5.1,5.1,0.003,0.998,186,1232,18,159,2,2,1,2,1,YES,0.012120023090614628,0.8753080676041883,45.48993193239581,closed
1773399843,2026-03-13T11:04:03.000Z,Wellington,2026-03-14,0x6149d150cb852cc33f1a27b61d31f311a3877f9c72d4290d71c6b312da49d0a6,exact,18,18,22.1,11.07,17.1,23.93,above_obs,-4.1,4.1,0.998,0.00969549712733139,344,10,31,196,2,1,2,1,0,,,,,
1773399833,2026-03-13T11:03:53.000Z,Wellington,2026-03-14,0x1a59dd5e02867aad791ba4aeaff316d07e1d2568ea92110b583c75d28d2609e3,exact,17,17,22.1,11.06,17.1,23.93,above_obs,-5.1,5.1,0.003,0.998,176,1222,18,159,2,2,1,2,0,,,,,
1773399833,2026-03-13T11:03:53.000Z,Wellington,2026-03-14,0x6149d150cb852cc33f1a27b61d31f311a3877f9c72d4290d71c6b312da49d0a6,exact,18,18,22.1,11.06,17.1,23.93,above_obs,-4.1,4.1,0.998,0.002,334,164,30,195,2,1,2,1,1,NO,0.00969549712733139,0.08502950980669628,5.615470490193304,closed
1773523841,2026-03-14T21:30:41.000Z,Wellington,2026-03-15,0xe600123dfd8b4526b5c6cfcdb353cd148567268d96323672f7429167355cad12,exact,17,17,16.5,18.51,16.2,13.49,below_obs,0.5,0.5,0.02,0.983,76,3082,6,19,1,1,1,1,1,NO,0.9936039626417612,1489.41234,8.08865999999989,closed
1773551009,2026-03-15T05:03:29.000Z,Singapore,2026-03-15,0x8f8e16e91eaec98cb73c25be8cc11b3496002fb6f8b6cb4f980425843a04f80d,exact,30,30,31.4,22.06,26.3,10.94,above_obs,-1.4,1.4,0.59,0.41,34,154,26,41,1,1,1,1,1,YES,0.655119696010133,51.7217,19.33330000000001,closed
1773636513,2026-03-16T04:48:33.000Z,Tokyo,2026-03-16,0xbd34a6978e9be943f180e5d57477c540986c05592f13da7f67be4cd03102b7dc,exact,13,13,15.2,23.81,12.2,10.19,above_obs,-2.2,2.2,0.05,0.96,36,816,34,102,2,2,2,1,1,YES,0.06842375440362355,1.6024843281328638,1.0175156718671363,closed
1773636513,2026-03-16T04:48:33.000Z,Tokyo,2026-03-16,0xe486b590159cdb2f09db61f9fe88059ee3dadc51dd390edc598a9a8814a29943,exact,14,14,15.2,23.81,12.2,10.19,above_obs,-1.2,1.2,0.01,0.996,36,816,28,62,2,1,1,2,0,,,,,
1773637109,2026-03-16T04:58:29.000Z,Tokyo,2026-03-16,0xbd34a6978e9be943f180e5d57477c540986c05592f13da7f67be4cd03102b7dc,exact,13,13,15.2,23.97,12.2,10.03,above_obs,-2.2,2.2,0.12,0.88,24,24,64,138,2,2,2,1,1,YES,0.16663410301953818,2.5628325044404954,-1.0248325044404965,closed
1773637109,2026-03-16T04:58:29.000Z,Tokyo,2026-03-16,0xe486b590159cdb2f09db61f9fe88059ee3dadc51dd390edc598a9a8814a29943,exact,14,14,15.2,23.97,12.2,10.03,above_obs,-1.2,1.2,0.01,0.99,24,24,49,88,2,1,1,2,0,,,,,
1773638993,2026-03-16T05:29:53.000Z,Tokyo,2026-03-16,0xbd34a6978e9be943f180e5d57477c540986c05592f13da7f67be4cd03102b7dc,exact,13,13,15.2,24.5,13.2,9.5,above_obs,-2.2,2.2,0.15,0.859999535599322,126,298,73,170,2,2,2,1,0,,,,,
1773638993,2026-03-16T05:29:53.000Z,Tokyo,2026-03-16,0xe486b590159cdb2f09db61f9fe88059ee3dadc51dd390edc598a9a8814a29943,exact,14,14,15.2,24.5,13.2,9.5,above_obs,-1.2,1.2,0.005,0.967,126,594,61,119,2,1,1,2,1,YES,0.03673379284649776,7.88748,2.633800000000001,closed
1773649811,2026-03-16T08:30:11.000Z,Lucknow,2026-03-16,0xc7f5dd53db0b14611510d943af74ddaa40530ccfe5cf9d9576ea12ee23ec03de,or_below,,31,33,23.5,29.8,10,above_obs,-2,2,0.003,0.997,2,2,81,164,1,1,1,1,1,NO,0.9980000000000001,23.433040000000002,0.02347999999999928,closed
1773652899,2026-03-16T09:21:39.000Z,Tel Aviv,2026-03-16,0x053dd413e1a08864c4da8635e54357d819baec38b60a5ef8bbcf358a0f8b9894,exact,18,18,18.5,20.36,18.4,12.64,above_obs,-0.5,0.5,0.02,0.9988500201665971,214,4,14,19,3,1,1,1,1,NO,0.998,17.465,0.017500000000001847,closed
1773652899,2026-03-16T09:21:39.000Z,Tel Aviv,2026-03-16,0x0b842caaf8b64eb3ee847ca02d6538fb84391245d36cabe0f5ad071fdd939868,exact,19,19,18.5,20.36,18.4,12.64,below_obs,0.5,0.5,,,,,0,0,3,2,,,0,,,,,
1773652899,2026-03-16T09:21:39.000Z,Tel Aviv,2026-03-16,0x4b55778c6d7c76c5e2488ccc8e810b7ea2d243fe843757a110fe8a906071f215,exact,20,20,18.5,20.36,18.4,12.64,below_obs,1.5,1.5,,,,,0,0,3,3,,,0,,,,,
1773702005,2026-03-16T23:00:05.000Z,Wellington,2026-03-17,0x77f50ddb53087fa377e0e4bebef93d5b23c474f8f54e718ad43207fe26aea45c,exact,19,19,19.2,22,18.8,12,above_obs,-0.2,0.2,0.08,0.9299999888399957,150,324,35,76,1,1,1,1,1,NO,0.9788466774716369,1207.8968,13.763200000000097,closed
1773905239,2026-03-19T07:27:19.000Z,Tokyo,2026-03-19,0x32d0d8bee836fa3cb2b2536729d4cfc93ccdafe07e4d2ac9b766efa20dd79c09,exact,18,18,19.5,2.46,17.2,7.54,above_obs,-1.5,1.5,0.011,0.989,30,20,97,226,1,1,1,1,1,YES,0.04576195281947774,3.217980522265674,59.718419477734315,closed
1773905571,2026-03-19T07:32:51.000Z,Tokyo,2026-03-19,0x32d0d8bee836fa3cb2b2536729d4cfc93ccdafe07e4d2ac9b766efa20dd79c09,exact,18,18,19.5,2.55,17.2,7.45,above_obs,-1.5,1.5,0.021,0.9702970273973135,150,56,107,246,1,1,1,1,1,YES,0.21147264428341445,28.199877115193313,90.34827288480668,closed
1773909097,2026-03-19T08:31:37.000Z,Lucknow,2026-03-19,0x274e742118389261a715dc725d02a0b8eca3d3f7e3ec4040b9c07e3a2c5c6993,exact,35,35,34.3,0.53,34.3,9.97,below_obs,0.7,0.7,0.38,0.71,44,870,23,61,2,3,1,1,0,,,,,
1773909097,2026-03-19T08:31:37.000Z,Lucknow,2026-03-19,0x9308414b72c01612c999ce8b1d9a6eb8bf45f7e089dfe5036b17218c313db3f7,or_below,,34,34.3,0.53,34.3,9.97,above_obs,-0.3,0.3,0.49,0.934458329861979,42,2,47,113,2,1,3,3,1,NO,0.9900000000000003,680.8824000000001,-2.202900000000227,closed
1773909097,2026-03-19T08:31:37.000Z,Lucknow,2026-03-19,0x274e742118389261a715dc725d02a0b8eca3d3f7e3ec4040b9c07e3a2c5c6993,exact,35,35,34.3,0.53,34.3,9.97,below_obs,0.7,0.7,0.38,0.71,44,870,23,61,2,4,2,2,1,YES,0.4,10.384,12.98,closed
1773909097,2026-03-19T08:31:37.000Z,Lucknow,2026-03-19,0x9308414b72c01612c999ce8b1d9a6eb8bf45f7e089dfe5036b17218c313db3f7,or_below,,34,34.3,0.53,34.3,9.97,above_obs,-0.3,0.3,0.49,0.934458329861979,42,2,47,113,2,2,4,4,0,,,,,
1774076949,2026-03-21T07:09:09.000Z,Hong Kong,2026-03-21,0xa64bdd848904b99232fdc00a9e28ffcd8c2fc0fea40505da0861ba0f624a3d8e,exact,21,21,24.4,2.15,22.8,8.85,above_obs,-3.4,3.4,0.597,0.942,632,204,68,90,1,1,1,1,1,NO,0.96460868,964.60868,34.39131999999995,closed
1774152021,2026-03-22T04:00:21.000Z,Taipei,2026-03-22,0x00c75b02cefe685470fba40d6ff57a1b829e9350971a922bdedf413e74b45bbf,exact,23,23,26.4,0.01,26.4,11.99,above_obs,-3.4,3.4,0.001,0.9987998791594183,1092,166,54,70,2,2,1,2,0,,,,,
1774152021,2026-03-22T04:00:21.000Z,Taipei,2026-03-22,0xa8c896347c202de5bf8066aa079d2e1e4a254b228e1596033f975008951823b9,exact,24,24,26.4,0.01,26.4,11.99,above_obs,-2.4,2.4,0.016,0.9925650458179625,4712,22,18,46,2,1,2,1,1,NO,0.9938851208673454,946.04943,4.86869999999999,closed
1774150809,2026-03-22T03:40:09.000Z,Taipei,2026-03-22,0x00c75b02cefe685470fba40d6ff57a1b829e9350971a922bdedf413e74b45bbf,exact,23,23,24,0.67,24,12.33,above_obs,-1,1,0.004,0.998,3500,28,44,58,2,2,1,2,1,NO,0.998,22.81428,0.022859999999997882,closed
1774150809,2026-03-22T03:40:09.000Z,Taipei,2026-03-22,0xa8c896347c202de5bf8066aa079d2e1e4a254b228e1596033f975008951823b9,exact,24,24,24,0.67,24,12.33,contains,0,0,0.016,0.9851246766200168,3500,2048,5,29,2,1,2,1,0,,,,,
1774154349,2026-03-22T04:39:09.000Z,Hong Kong,2026-03-22,0x7ca29e0612f577976e3eb752d88e50785c7c424c821fea606ffcf485f67f7ddb,exact,23,23,24.7,0.65,24.7,11.35,above_obs,-1.7,1.7,0.010732923076923077,0.99,508,24,23,46,1,1,1,1,1,NO,0.99,415.8,3.3600000000000136,closed
1774245833,2026-03-23T06:03:53.000Z,Wellington,2026-03-23,0x0765dba6a840561a715be987dba1ee95aea8e64b13da884207e5a02cf3719f6e,exact,23,23,20.2,5.06,18.4,4.93,below_obs,2.8,2.8,0.02903310786756853,0.999,30,24,63,829,11,6,7,6,0,,,,,
1774245833,2026-03-23T06:03:53.000Z,Wellington,2026-03-23,0x1740d0a525a513f671dc36ed606545d0d24f066439e1af3e7197db8bdd690459,exact,20,20,20.2,5.06,18.4,4.93,above_obs,-0.2,0.2,0.05,0.995,32,24,78,1071,11,1,9,3,0,,,,,
1774245833,2026-03-23T06:03:53.000Z,Wellington,2026-03-23,0x237f5e60951f8c102afaa75e777878364b184f978ac1b795b58d69479f5fcaca,exact,17,17,20.2,5.06,18.4,4.93,above_obs,-3.2,3.2,0.001,0.999,9308,10358,0,340,11,7,1,7,0,,,,,
1774245833,2026-03-23T06:03:53.000Z,Wellington,2026-03-23,0x48199176428623f55bd2256f59e8048cd8609fbcd75aeb472e241bead19c1095,exact,16,16,20.2,5.06,18.4,4.93,above_obs,-4.2,4.2,0.001,0.999,9308,19358,0,367,11,8,2,8,0,,,,,
1774245833,2026-03-23T06:03:53.000Z,Wellington,2026-03-23,0x5a2d1e63c97c263b3c60151f8c1a4f78d0653257fc6a67a515e89341fc91687b,exact,14,14,20.2,5.06,18.4,4.93,above_obs,-6.2,6.2,0.001,0.999,35478,35338,0,184,11,10,3,9,0,,,,,
1774245833,2026-03-23T06:03:53.000Z,Wellington,2026-03-23,0x6ee8e148ed2c0f025d712acf9fe993fbb53919ee8cdad3c08edcd9a5325eb3ae,exact,22,22,20.2,5.06,18.4,4.93,below_obs,1.8,1.8,0.03,0.998,30,24,59,843,11,4,8,4,0,,,,,
1774245833,2026-03-23T06:03:53.000Z,Wellington,2026-03-23,0xadfe1081ee9ca7152581929a982be3d1f5ec674465868f9501334d719a9948ca,exact,18,18,20.2,5.06,18.4,4.93,above_obs,-2.2,2.2,0.848,0.796,32,2,159,1567,11,5,11,1,0,,,,,
1774245833,2026-03-23T06:03:53.000Z,Wellington,2026-03-23,0xb9fb577efbf24f2c40b1545c640f5c2ec2514a8c8a19cb583c844191dad8495e,or_below,,13,20.2,5.06,18.4,4.93,above_obs,-7.2,7.2,0.001,0.999,44370,62776,0,122,11,11,4,10,0,,,,,
1774245833,2026-03-23T06:03:53.000Z,Wellington,2026-03-23,0xc8e93f79a95df3b33f059ab07e9616f419753b5bc2a2b40808e9457b97320c32,exact,19,19,20.2,5.06,18.4,4.93,above_obs,-1.2,1.2,0.628,0.81,30,24,154,318,11,3,10,2,1,YES,0.4993929068895317,0.5116724790770384,0.48832552092296155,closed
1774245833,2026-03-23T06:03:53.000Z,Wellington,2026-03-23,0xcb2f31f7debc9186727c4ec6feb07b2679b00e57a553b40ba21aebaa76ea45e9,exact,21,21,20.2,5.06,18.4,4.93,below_obs,0.8,0.8,0.029,0.998,30,2,215,1076,11,2,6,5,0,,,,,
1774245833,2026-03-23T06:03:53.000Z,Wellington,2026-03-23,0xf2303d02adc1bc0a04577e22bae3090cf7217f0b25c1c908a8d6bbf3f5c7d19e,exact,15,15,20.2,5.06,18.4,4.93,above_obs,-5.2,5.2,0.001,0.999,9308,15848,0,240,11,9,5,11,0,,,,,
1774247919,2026-03-23T06:38:39.000Z,Hong Kong,2026-03-23,0x17b06dbc725d459abbc150b6f7272dcb5bc39a90a755e8157ec472d80268b0a5,exact,19,19,26.5,1.64,25.9,9.36,above_obs,-7.5,7.5,0.002,0.998,544,1946,10,131,11,10,3,4,0,,,,,
1774247919,2026-03-23T06:38:39.000Z,Hong Kong,2026-03-23,0x17b64519000442bf10e02a39b4a68ab42e1d443013bb21958ec34321600f6ab5,exact,21,21,26.5,1.64,25.9,9.36,above_obs,-5.5,5.5,0.002,0.998,544,1148,20,170,11,8,4,5,0,,,,,
1774247919,2026-03-23T06:38:39.000Z,Hong Kong,2026-03-23,0x39f8533907560ba4a67047a7281e5002e5ed3b9deeaffab47fcb38cc0a94f403,exact,20,20,26.5,1.64,25.9,9.36,above_obs,-6.5,6.5,0.001,0.999,544,24974,6,102,11,9,1,8,0,,,,,
1774247919,2026-03-23T06:38:39.000Z,Hong Kong,2026-03-23,0x5b4f7e8fc62a6b114500b1e0c2b0ca6eb9fa4261d7f502ed472b0fd65670f262,exact,23,23,26.5,1.64,25.9,9.36,above_obs,-3.5,3.5,0.014,0.998,544,636,60,253,11,6,8,6,0,,,,,
1774247919,2026-03-23T06:38:39.000Z,Hong Kong,2026-03-23,0x6c2be45d7873afd22c8771c63a099664c01c1b6cba691596bbbbe97cab7e2ff3,exact,25,25,26.5,1.64,25.9,9.36,above_obs,-1.5,1.5,0.002,0.999,28,1050,68,352,11,3,5,9,0,,,,,
1774247919,2026-03-23T06:38:39.000Z,Hong Kong,2026-03-23,0x80c4f2611715310603f6810f38523716cf37325b7c88c1104c4df93da84cb22a,exact,27,27,26.5,1.64,25.9,9.36,below_obs,0.5,0.5,0.75,0.25,28,12,148,409,11,1,11,1,0,,,,,
1774247919,2026-03-23T06:38:39.000Z,Hong Kong,2026-03-23,0x95960b598b35ff0a2b08f51978c47d9585fcd9b024e4a77a383e524d5ed4853c,exact,28,28,26.5,1.64,25.9,9.36,below_obs,1.5,1.5,0.14,0.93,28,602,124,396,11,4,10,2,0,,,,,
1774247919,2026-03-23T06:38:39.000Z,Hong Kong,2026-03-23,0xa1c72fb20deb2a2e7f98cc634a059adccdf6abe8705b8cb10fa0923ef7d928b5,or_below,,18,26.5,1.64,25.9,9.36,above_obs,-8.5,8.5,0.001,0.999,544,24986,6,111,11,11,2,10,0,,,,,
1774247919,2026-03-23T06:38:39.000Z,Hong Kong,2026-03-23,0xa8acc7b7e4b13401b4944c50cc0f8e6d5b76426b9bc9db767a8f096a885b18e2,exact,26,26,26.5,1.64,25.9,9.36,above_obs,-0.5,0.5,0.08,0.975432,28,26,122,203,11,2,9,3,1,NO,0.9899999999999999,494.99999999999994,4.000000000000057,closed
1774247919,2026-03-23T06:38:39.000Z,Hong Kong,2026-03-23,0xc26c49cf088342dee1befa039c2280af5986f993bbd6b66f4856784c2fcbb523,exact,24,24,26.5,1.64,25.9,9.36,above_obs,-2.5,2.5,0.005928571428571429,0.998,28,764,69,287,11,5,7,7,0,,,,,
1774247919,2026-03-23T06:38:39.000Z,Hong Kong,2026-03-23,0xc4b95daabde86af85b1f4cc20398ad96924020cf346134713e3314f61f2e476a,exact,22,22,26.5,1.64,25.9,9.36,above_obs,-4.5,4.5,0.003,0.999,544,1050,22,219,11,7,6,11,0,,,,,
1774280061,2026-03-23T15:34:21.000Z,Madrid,2026-03-23,0x26be6def448a7b0fd8f0c003818a10960a3fbd5aa82b1adf8826d617995815bc,exact,20,20,17.9,23.57,16.5,7.43,below_obs,2.1,2.1,0.002,0.997,82,124,28,157,11,5,7,5,0,,,,,
1774280061,2026-03-23T15:34:21.000Z,Madrid,2026-03-23,0x42bf3fe3c61294bf1c63838dd2c263280130592768485092de392e48ada4c6b5,exact,19,19,17.9,23.57,16.5,7.43,below_obs,1.1,1.1,0.002,0.996,70,124,48,248,11,3,8,4,0,,,,,
1774280061,2026-03-23T15:34:21.000Z,Madrid,2026-03-23,0x4f8927497d5c0cb1b3a3143bb3d7976df1cf62e6ec678a96f1d2ae81e51ff65b,exact,17,17,17.9,23.57,16.5,7.43,above_obs,-0.9,0.9,0.1499,0.5385958333333334,20,126,74,151,11,2,10,1,1,YES,0.41924843423799585,12.896081837160754,17.248718162839246,closed
1774280061,2026-03-23T15:34:21.000Z,Madrid,2026-03-23,0x7230889398c8508d8f27d812b9e805ad7faea8976cc55437b1ba238dad21e234,exact,18,18,17.9,23.57,16.5,7.43,below_obs,0.1,0.1,0.006,0.99,70,124,65,313,11,1,9,3,0,,,,,
1774280061,2026-03-23T15:34:21.000Z,Madrid,2026-03-23,0x8109795820cf7595916a12b81f2db77318097015db0b081f7662f5c58e8ff3f4,or_below,,14,17.9,23.57,16.5,7.43,above_obs,-3.9,3.9,0.001,0.999,11812,1684,18,265,11,8,1,6,0,,,,,
1774280061,2026-03-23T15:34:21.000Z,Madrid,2026-03-23,0x86d9032237f1cacc4f46fa4b628d8967406139f50b7d6d8d5766bf8aeb3b8cf4,exact,15,15,17.9,23.57,16.5,7.43,above_obs,-2.9,2.9,0.001,0.999,4752,1010,3,219,11,6,2,7,0,,,,,
1774280061,2026-03-23T15:34:21.000Z,Madrid,2026-03-23,0x9489a9a8a3a6679d778ee6a8ca8dc83335eec8c671f46e04ea4740ec951a3888,exact,21,21,17.9,23.57,16.5,7.43,below_obs,3.1,3.1,0.001,0.999,384,416,22,142,11,7,3,8,0,,,,,
1774280061,2026-03-23T15:34:21.000Z,Madrid,2026-03-23,0x96021a0d9c0801a2e81bdc007842442f15f61a2b773995382cbdae71add7f741,exact,16,16,17.9,23.57,16.5,7.43,above_obs,-1.9,1.9,0.701,0.966977982171799,70,2,71,523,11,4,11,2,0,,,,,
1774280061,2026-03-23T15:34:21.000Z,Madrid,2026-03-23,0xa96a61c51c3eb2fec4f87c2472978fda05d7ec66c4cde35ef6441c74ffbf52cd,exact,24,24,17.9,23.57,16.5,7.43,below_obs,6.1,6.1,0.001,0.999,384,2192,16,124,11,11,4,9,0,,,,,
1774280061,2026-03-23T15:34:21.000Z,Madrid,2026-03-23,0xca13e93066e1601349897a667ee0e49e8d40350424a8339fde428918caf12134,exact,23,23,17.9,23.57,16.5,7.43,below_obs,5.1,5.1,0.001,0.999,384,2476,16,136,11,10,5,10,0,,,,,
1774280061,2026-03-23T15:34:21.000Z,Madrid,2026-03-23,0xe02ba1dec4cf0c20f4a8c4b0d9c2137df55336a4158a92f2fea26d0dac5c7b3e,exact,22,22,17.9,23.57,16.5,7.43,below_obs,4.1,4.1,0.001,0.999,384,2032,18,147,11,9,6,11,0,,,,,
1774280059,2026-03-23T15:34:19.000Z,Madrid,2026-03-23,0x26be6def448a7b0fd8f0c003818a10960a3fbd5aa82b1adf8826d617995815bc,exact,20,20,17.9,23.57,16.5,7.43,below_obs,2.1,2.1,0.002,0.997,80,122,28,157,11,5,7,5,0,,,,,
1774280059,2026-03-23T15:34:19.000Z,Madrid,2026-03-23,0x42bf3fe3c61294bf1c63838dd2c263280130592768485092de392e48ada4c6b5,exact,19,19,17.9,23.57,16.5,7.43,below_obs,1.1,1.1,0.002,0.996,68,122,48,248,11,3,8,4,0,,,,,
1774280059,2026-03-23T15:34:19.000Z,Madrid,2026-03-23,0x4f8927497d5c0cb1b3a3143bb3d7976df1cf62e6ec678a96f1d2ae81e51ff65b,exact,17,17,17.9,23.57,16.5,7.43,above_obs,-0.9,0.9,0.1499,0.5385958333333334,18,124,74,151,11,2,10,1,0,,,,,
1774280059,2026-03-23T15:34:19.000Z,Madrid,2026-03-23,0x7230889398c8508d8f27d812b9e805ad7faea8976cc55437b1ba238dad21e234,exact,18,18,17.9,23.57,16.5,7.43,below_obs,0.1,0.1,0.006,0.99,68,122,65,313,11,1,9,3,0,,,,,
1774280059,2026-03-23T15:34:19.000Z,Madrid,2026-03-23,0x8109795820cf7595916a12b81f2db77318097015db0b081f7662f5c58e8ff3f4,or_below,,14,17.9,23.57,16.5,7.43,above_obs,-3.9,3.9,0.001,0.999,11810,1682,18,265,11,8,1,6,0,,,,,
1774280059,2026-03-23T15:34:19.000Z,Madrid,2026-03-23,0x86d9032237f1cacc4f46fa4b628d8967406139f50b7d6d8d5766bf8aeb3b8cf4,exact,15,15,17.9,23.57,16.5,7.43,above_obs,-2.9,2.9,0.001,0.999,4750,1008,3,219,11,6,2,7,0,,,,,
1774280059,2026-03-23T15:34:19.000Z,Madrid,2026-03-23,0x9489a9a8a3a6679d778ee6a8ca8dc83335eec8c671f46e04ea4740ec951a3888,exact,21,21,17.9,23.57,16.5,7.43,below_obs,3.1,3.1,0.001,0.999,382,414,22,142,11,7,3,8,0,,,,,
1774280059,2026-03-23T15:34:19.000Z,Madrid,2026-03-23,0x96021a0d9c0801a2e81bdc007842442f15f61a2b773995382cbdae71add7f741,exact,16,16,17.9,23.57,16.5,7.43,above_obs,-1.9,1.9,0.701,0.5986857555450258,68,2,70,522,11,4,11,2,1,NO,0.966977982171799,1193.25083,,open
1774280059,2026-03-23T15:34:19.000Z,Madrid,2026-03-23,0xa96a61c51c3eb2fec4f87c2472978fda05d7ec66c4cde35ef6441c74ffbf52cd,exact,24,24,17.9,23.57,16.5,7.43,below_obs,6.1,6.1,0.001,0.999,382,2190,16,124,11,11,4,9,0,,,,,
1774280059,2026-03-23T15:34:19.000Z,Madrid,2026-03-23,0xca13e93066e1601349897a667ee0e49e8d40350424a8339fde428918caf12134,exact,23,23,17.9,23.57,16.5,7.43,below_obs,5.1,5.1,0.001,0.999,382,2474,16,136,11,10,5,10,0,,,,,
1774280059,2026-03-23T15:34:19.000Z,Madrid,2026-03-23,0xe02ba1dec4cf0c20f4a8c4b0d9c2137df55336a4158a92f2fea26d0dac5c7b3e,exact,22,22,17.9,23.57,16.5,7.43,below_obs,4.1,4.1,0.001,0.999,382,2030,18,147,11,9,6,11,0,,,,,
1774280063,2026-03-23T15:34:23.000Z,Madrid,2026-03-23,0x26be6def448a7b0fd8f0c003818a10960a3fbd5aa82b1adf8826d617995815bc,exact,20,20,17.9,23.57,16.5,7.43,below_obs,2.1,2.1,0.002,0.997,84,126,28,157,11,5,7,5,0,,,,,
1774280063,2026-03-23T15:34:23.000Z,Madrid,2026-03-23,0x42bf3fe3c61294bf1c63838dd2c263280130592768485092de392e48ada4c6b5,exact,19,19,17.9,23.57,16.5,7.43,below_obs,1.1,1.1,0.002,0.996,72,126,48,248,11,3,8,4,0,,,,,
1774280063,2026-03-23T15:34:23.000Z,Madrid,2026-03-23,0x4f8927497d5c0cb1b3a3143bb3d7976df1cf62e6ec678a96f1d2ae81e51ff65b,exact,17,17,17.9,23.57,16.5,7.43,above_obs,-0.9,0.9,0.75,0.5385958333333334,2,128,77,154,11,2,11,1,1,YES,0.5,0.004740499999995151,,open
1774280063,2026-03-23T15:34:23.000Z,Madrid,2026-03-23,0x7230889398c8508d8f27d812b9e805ad7faea8976cc55437b1ba238dad21e234,exact,18,18,17.9,23.57,16.5,7.43,below_obs,0.1,0.1,0.006,0.99,72,126,65,313,11,1,9,3,0,,,,,
1774280063,2026-03-23T15:34:23.000Z,Madrid,2026-03-23,0x8109795820cf7595916a12b81f2db77318097015db0b081f7662f5c58e8ff3f4,or_below,,14,17.9,23.57,16.5,7.43,above_obs,-3.9,3.9,0.001,0.999,11814,1686,18,265,11,8,1,6,0,,,,,
1774280063,2026-03-23T15:34:23.000Z,Madrid,2026-03-23,0x86d9032237f1cacc4f46fa4b628d8967406139f50b7d6d8d5766bf8aeb3b8cf4,exact,15,15,17.9,23.57,16.5,7.43,above_obs,-2.9,2.9,0.001,0.999,4754,1012,3,219,11,6,2,7,0,,,,,
1774280063,2026-03-23T15:34:23.000Z,Madrid,2026-03-23,0x9489a9a8a3a6679d778ee6a8ca8dc83335eec8c671f46e04ea4740ec951a3888,exact,21,21,17.9,23.57,16.5,7.43,below_obs,3.1,3.1,0.001,0.999,386,418,22,142,11,7,3,8,0,,,,,
1774280063,2026-03-23T15:34:23.000Z,Madrid,2026-03-23,0x96021a0d9c0801a2e81bdc007842442f15f61a2b773995382cbdae71add7f741,exact,16,16,17.9,23.57,16.5,7.43,above_obs,-1.9,1.9,0.009906161632535437,0.591,2,2,73,525,11,4,10,2,0,,,,,
1774280063,2026-03-23T15:34:23.000Z,Madrid,2026-03-23,0xa96a61c51c3eb2fec4f87c2472978fda05d7ec66c4cde35ef6441c74ffbf52cd,exact,24,24,17.9,23.57,16.5,7.43,below_obs,6.1,6.1,0.001,0.999,386,2194,16,124,11,11,4,9,0,,,,,
1774280063,2026-03-23T15:34:23.000Z,Madrid,2026-03-23,0xca13e93066e1601349897a667ee0e49e8d40350424a8339fde428918caf12134,exact,23,23,17.9,23.57,16.5,7.43,below_obs,5.1,5.1,0.001,0.999,386,2478,16,136,11,10,5,10,0,,,,,
1774280063,2026-03-23T15:34:23.000Z,Madrid,2026-03-23,0xe02ba1dec4cf0c20f4a8c4b0d9c2137df55336a4158a92f2fea26d0dac5c7b3e,exact,22,22,17.9,23.57,16.5,7.43,below_obs,4.1,4.1,0.001,0.999,386,2034,18,147,11,9,6,11,0,,,,,
1774288919,2026-03-23T18:01:59.000Z,Buenos Aires,2026-03-23,0x0562f75628cd0234f27aa2595c3c77d2e54643d7935ac1aa78d9e5d4d8e08675,exact,24,24,24.1,0.03,24.1,8.97,above_obs,-0.1,0.1,0.001,0.999,1194,1448,24,371,11,1,1,6,0,,,,,
1774288919,2026-03-23T18:01:59.000Z,Buenos Aires,2026-03-23,0x0a2091b1611a2ad7650daa47cfaf8a44dd386df56e46cd704f7f3a672ad3350e,exact,22,22,24.1,0.03,24.1,8.97,above_obs,-2.1,2.1,0.001,0.999,3600,654,4,329,11,5,2,7,0,,,,,
1774288919,2026-03-23T18:01:59.000Z,Buenos Aires,2026-03-23,0x558caa002ce092d99424d48c17b508b02e520036b895676572ca8dcdc98ad47b,exact,27,27,24.1,0.03,24.1,8.97,below_obs,2.9,2.9,0.0495,0.927,394,14,57,311,11,6,9,1,0,,,,,
1774288919,2026-03-23T18:01:59.000Z,Buenos Aires,2026-03-23,0x58278cd2b31d63d72d9ddfe6c46d0017d435556e9851fd854ba775281e28d369,or_below,,19,24.1,0.03,24.1,8.97,above_obs,-5.1,5.1,0.001,0.999,3600,5104,1,329,11,11,3,8,0,,,,,
1774288919,2026-03-23T18:01:59.000Z,Buenos Aires,2026-03-23,0x5dc921085c7a98b166268435833969f394c095e743af0fb29d9eb4885af32e18,exact,29,29,24.1,0.03,24.1,8.97,below_obs,4.9,4.9,0.006,0.9989090909090909,1084,1338,56,276,11,10,7,5,0,,,,,
1774288919,2026-03-23T18:01:59.000Z,Buenos Aires,2026-03-23,0x6c0f6b9dd1f90fa9bbc1f8cffddda0ca664c987127a8e62375f836904a6cf2f8,exact,28,28,24.1,0.03,24.1,8.97,below_obs,3.9,3.9,0.009,0.9960039939841236,1084,1034,44,245,11,8,8,4,0,,,,,
1774288919,2026-03-23T18:01:59.000Z,Buenos Aires,2026-03-23,0x6f55e10a19fdee795121433ec158349291132a557fff8a8213dae452645037ee,exact,20,20,24.1,0.03,24.1,8.97,above_obs,-4.1,4.1,0.001,0.999,3600,194,2,407,11,9,4,9,0,,,,,
1774288919,2026-03-23T18:01:59.000Z,Buenos Aires,2026-03-23,0x9685c03c266fcc2018a69016ce02b92848a114d5c2872462ddc8cda96d1e8132,exact,21,21,24.1,0.03,24.1,8.97,above_obs,-3.1,3.1,0.001,0.999,3600,2188,2,186,11,7,5,10,0,,,,,
1774288919,2026-03-23T18:01:59.000Z,Buenos Aires,2026-03-23,0x987cf966f87083430a078b5177f5898ef0808adb6e7df017eb0293e345f982fe,exact,25,25,24.1,0.03,24.1,8.97,below_obs,0.9,0.9,0.69,0.9750762019174145,50,4,101,436,11,2,11,2,0,,,,,
1774288919,2026-03-23T18:01:59.000Z,Buenos Aires,2026-03-23,0xd42145b0ce9f1d0cf9c2985d81bbd86f8c2b568b16754095acd15a6ad397abde,exact,23,23,24.1,0.03,24.1,8.97,above_obs,-1.1,1.1,0.001,0.999,1196,72,32,426,11,3,6,11,0,,,,,
1774288919,2026-03-23T18:01:59.000Z,Buenos Aires,2026-03-23,0xfbf80a405f05baca96c90914e8e6b2dcd07627adc1ff81f423e0c6c9115ec574,exact,26,26,24.1,0.03,24.1,8.97,below_obs,1.9,1.9,0.221,0.9877773667711599,1084,4,51,123,11,4,10,3,1,NO,0.9979999999999999,1231.532,1.234000000000151,closed
1774418479,2026-03-25T06:01:19.000Z,Singapore,2026-03-25,0x0976ed9d4427544b7d5c580b0822c9df99bdbab322b9ce91b7c3c708e4aa4904,exact,29,29,34.2,1.02,33.2,9.98,above_obs,-5.2,5.2,0.006854624115719216,0.999,14728,13308,0,222,11,8,7,5,0,,,,,
1774418479,2026-03-25T06:01:19.000Z,Singapore,2026-03-25,0x2a1c89183b20f89cd49dac64b455b9eeae5fc3594efde53a039e97ec56e00e23,exact,35,35,34.2,1.02,33.2,9.98,below_obs,0.8,0.8,0.024,0.998,52,1734,35,380,11,2,8,4,0,,,,,
1774418479,2026-03-25T06:01:19.000Z,Singapore,2026-03-25,0x43183aa3a1cd3c9ba671e9a897e60ef26602971d3d62a0048d050dd48c0ad584,exact,33,33,34.2,1.02,33.2,9.98,above_obs,-1.2,1.2,0.74,0.32080693968125884,50,306,68,538,11,3,11,1,0,,,,,
1774418479,2026-03-25T06:01:19.000Z,Singapore,2026-03-25,0x435fb60a392aba5764c614eaf29c00241bc4906568b9330b3b0e767c22881a86,exact,36,36,34.2,1.02,33.2,9.98,below_obs,1.8,1.8,0.006,0.999,52,2002,28,356,11,4,6,6,0,,,,,
1774418479,2026-03-25T06:01:19.000Z,Singapore,2026-03-25,0x5f0a03e25b3c90438b663a0e116ac7fe584966198205fdb6af9495a52d89380e,exact,30,30,34.2,1.02,33.2,9.98,above_obs,-4.2,4.2,0.001,0.999,1142,1886,2,343,11,7,1,7,0,,,,,
1774418479,2026-03-25T06:01:19.000Z,Singapore,2026-03-25,0x637de0bb760f7275334e71c88259836331c314981d7f5d80686f3ba5e882b58c,exact,32,32,34.2,1.02,33.2,9.98,above_obs,-2.2,2.2,0.12,0.8899999979233332,52,80,67,152,11,5,10,2,1,YES,0.10512713823393435,2.2739,4.2151,closed
1774418479,2026-03-25T06:01:19.000Z,Singapore,2026-03-25,0x86e0de482ef3fa253c3586681437b7c89ef95d4fe7fdccec2dbda7fad75c0e43,or_below,,26,34.2,1.02,33.2,9.98,above_obs,-8.2,8.2,0.001,0.999,86328,37668,0,182,11,11,2,8,0,,,,,
1774418479,2026-03-25T06:01:19.000Z,Singapore,2026-03-25,0x96c5e42baf383157372eb7f5574a688258ef21cde97f1dbccdff21d1007fff3a,exact,34,34,34.2,1.02,33.2,9.98,above_obs,-0.2,0.2,0.09,0.95,52,360,37,478,11,1,9,3,0,,,,,
1774418479,2026-03-25T06:01:19.000Z,Singapore,2026-03-25,0x9b182930a2e17191bb8087f69afc27a5dbeb270fa143788dc3a17277bfbc5d6b,exact,28,28,34.2,1.02,33.2,9.98,above_obs,-6.2,6.2,0.001,0.999,19768,19138,0,189,11,9,3,9,0,,,,,
1774418479,2026-03-25T06:01:19.000Z,Singapore,2026-03-25,0xb273d87f1cce71bb1802874556ac913b25f90d4fbbbf8774a90316a6cb1bb0e0,exact,27,27,34.2,1.02,33.2,9.98,above_obs,-7.2,7.2,0.001,0.999,53970,52780,0,169,11,10,4,10,0,,,,,
1774418479,2026-03-25T06:01:19.000Z,Singapore,2026-03-25,0xb49820247768dc97d23f2e7866bd9c3c121fb29e75548c77754fe93ccd8b9b43,exact,31,31,34.2,1.02,33.2,9.98,above_obs,-3.2,3.2,0.002,0.999,8664,4302,0,364,11,6,5,11,0,,,,,
1774447547,2026-03-25T14:05:47.000Z,Madrid,2026-03-25,0x30ee583ffe1aecf92290dc9dfbcf10f5af22d8a04add40c1e93bae82253f9dc3,exact,18,18,21.4,0.1,21.4,8.9,above_obs,-3.4,3.4,0.001,0.999,7838,1736,2,261,11,7,1,6,0,,,,,
1774447547,2026-03-25T14:05:47.000Z,Madrid,2026-03-25,0x42863f40d7aa3d617c1c66f59837bb59043655b4063fc5a45e97960e701e69ef,exact,20,20,21.4,0.1,21.4,8.9,above_obs,-1.4,1.4,0.029201015044408193,0.975,712,126,21,57,11,3,8,4,1,YES,0.026,0.96356,0.02294000000000007,closed
1774447547,2026-03-25T14:05:47.000Z,Madrid,2026-03-25,0x435bc3e5fb9c54da62d262f9f431fdd2e270697545b98fab0c1a6e9e02607c8e,exact,19,19,21.4,0.1,21.4,8.9,above_obs,-2.4,2.4,0.001,0.999,996,1726,9,265,11,5,2,7,0,,,,,
1774447547,2026-03-25T14:05:47.000Z,Madrid,2026-03-25,0x729ce69dbbc42b31628d5a7fd688f500ec2b9f19913b925e290b62dde24b68bb,exact,23,23,21.4,0.1,21.4,8.9,below_obs,1.6,1.6,0.07,0.93,48,126,29,300,11,4,9,3,0,,,,,
1774447547,2026-03-25T14:05:47.000Z,Madrid,2026-03-25,0x749c3d4a530c9d4cbd1bc109b577333d462ed97e07a1fed9efb8b6e2f42761ce,exact,16,16,21.4,0.1,21.4,8.9,above_obs,-5.4,5.4,0.001,0.999,15812,7120,0,150,11,9,3,8,0,,,,,
1774447547,2026-03-25T14:05:47.000Z,Madrid,2026-03-25,0x832a168de0abad1e4db5e604c61eed2df132455b09acaca6cb574ae460c5ba41,exact,24,24,21.4,0.1,21.4,8.9,below_obs,2.6,2.6,0.001,0.998,3820,126,7,218,11,6,4,5,0,,,,,
1774447547,2026-03-25T14:05:47.000Z,Madrid,2026-03-25,0x9aa19f80e55856169e25082cf67b48f95bff269671aaef6a3187ba0f69076d59,exact,21,21,21.4,0.1,21.4,8.9,above_obs,-0.4,0.4,0.6,0.43,110,126,13,333,11,1,11,1,0,,,,,
1774447547,2026-03-25T14:05:47.000Z,Madrid,2026-03-25,0xb87e92092e89df079276562bb4bd3f1f949b097825615a377a61187c69bc78c9,exact,17,17,21.4,0.1,21.4,8.9,above_obs,-4.4,4.4,0.001,0.999,9884,9076,0,199,11,8,5,9,0,,,,,
1774447547,2026-03-25T14:05:47.000Z,Madrid,2026-03-25,0xc186f2c918ea2cb0e38c132ce1c32d9ca40f75c5f4766013cce90d3388227825,or_below,,14,21.4,0.1,21.4,8.9,above_obs,-7.4,7.4,0.001,0.999,46408,6638,0,145,11,11,6,10,0,,,,,
1774447547,2026-03-25T14:05:47.000Z,Madrid,2026-03-25,0xc5769e180543670b5a645f6b9ff45ab83690f10ae4cd49c6d93139ebf55c6132,exact,15,15,21.4,0.1,21.4,8.9,above_obs,-6.4,6.4,0.001,0.999,12306,12242,0,148,11,10,7,11,0,,,,,
1774447547,2026-03-25T14:05:47.000Z,Madrid,2026-03-25,0xe83e0ca9382d3e559450c2905f781cb018c3d65c74f6d9f5be39073450b7b165,exact,22,22,21.4,0.1,21.4,8.9,below_obs,0.6,0.6,0.3932865977759643,0.66,190,64,29,44,11,2,10,2,0,,,,,
1774452861,2026-03-25T15:34:21.000Z,Madrid,2026-03-25,0x30ee583ffe1aecf92290dc9dfbcf10f5af22d8a04add40c1e93bae82253f9dc3,exact,18,18,22,0.57,22,7.43,above_obs,-4,4,0.001,0.999,13152,4376,0,262,11,7,1,4,0,,,,,
1774452861,2026-03-25T15:34:21.000Z,Madrid,2026-03-25,0x42863f40d7aa3d617c1c66f59837bb59043655b4063fc5a45e97960e701e69ef,exact,20,20,22,0.57,22,7.43,above_obs,-2,2,0.06440114068441065,0.999,3782,1750,25,116,11,4,9,5,0,,,,,
1774452861,2026-03-25T15:34:21.000Z,Madrid,2026-03-25,0x435bc3e5fb9c54da62d262f9f431fdd2e270697545b98fab0c1a6e9e02607c8e,exact,19,19,22,0.57,22,7.43,above_obs,-3,3,0.001,0.999,6310,1282,2,267,11,6,2,6,0,,,,,
1774452861,2026-03-25T15:34:21.000Z,Madrid,2026-03-25,0x729ce69dbbc42b31628d5a7fd688f500ec2b9f19913b925e290b62dde24b68bb,exact,23,23,22,0.57,22,7.43,below_obs,1,1,0.004,0.996,1180,492,36,351,11,2,8,3,0,,,,,
1774452861,2026-03-25T15:34:21.000Z,Madrid,2026-03-25,0x749c3d4a530c9d4cbd1bc109b577333d462ed97e07a1fed9efb8b6e2f42761ce,exact,16,16,22,0.57,22,7.43,above_obs,-6,6,0.001,0.999,21126,12434,0,150,11,9,3,7,0,,,,,
1774452861,2026-03-25T15:34:21.000Z,Madrid,2026-03-25,0x832a168de0abad1e4db5e604c61eed2df132455b09acaca6cb574ae460c5ba41,exact,24,24,22,0.57,22,7.43,below_obs,2,2,0.002,0.999,1380,492,16,238,11,5,7,8,0,,,,,
1774452861,2026-03-25T15:34:21.000Z,Madrid,2026-03-25,0x9aa19f80e55856169e25082cf67b48f95bff269671aaef6a3187ba0f69076d59,exact,21,21,22,0.57,22,7.43,above_obs,-1,1,0.8495914212740691,0.6650561725139233,88,2,58,405,11,3,11,1,0,,,,,
1774452861,2026-03-25T15:34:21.000Z,Madrid,2026-03-25,0xb87e92092e89df079276562bb4bd3f1f949b097825615a377a61187c69bc78c9,exact,17,17,22,0.57,22,7.43,above_obs,-5,5,0.001,0.999,15198,14390,0,199,11,8,4,9,0,,,,,
1774452861,2026-03-25T15:34:21.000Z,Madrid,2026-03-25,0xc186f2c918ea2cb0e38c132ce1c32d9ca40f75c5f4766013cce90d3388227825,or_below,,14,22,0.57,22,7.43,above_obs,-8,8,0.001,0.999,51722,11952,0,145,11,11,5,10,0,,,,,
1774452861,2026-03-25T15:34:21.000Z,Madrid,2026-03-25,0xc5769e180543670b5a645f6b9ff45ab83690f10ae4cd49c6d93139ebf55c6132,exact,15,15,22,0.57,22,7.43,above_obs,-7,7,0.001,0.999,17620,17556,0,148,11,10,6,11,0,,,,,
1774452861,2026-03-25T15:34:21.000Z,Madrid,2026-03-25,0xe83e0ca9382d3e559450c2905f781cb018c3d65c74f6d9f5be39073450b7b165,exact,22,22,22,0.57,22,7.43,contains,0,0,0.3799999011999269,0.8386833653063512,1362,294,44,101,11,1,10,2,1,YES,0.392118218709953,73.4359,106.35289999999998,closed
1774452859,2026-03-25T15:34:19.000Z,Madrid,2026-03-25,0x30ee583ffe1aecf92290dc9dfbcf10f5af22d8a04add40c1e93bae82253f9dc3,exact,18,18,22,0.57,22,7.43,above_obs,-4,4,0.001,0.999,13150,4374,0,262,11,7,1,4,0,,,,,
1774452859,2026-03-25T15:34:19.000Z,Madrid,2026-03-25,0x42863f40d7aa3d617c1c66f59837bb59043655b4063fc5a45e97960e701e69ef,exact,20,20,22,0.57,22,7.43,above_obs,-2,2,0.06440114068441065,0.999,3780,1748,25,116,11,4,9,5,0,,,,,
1774452859,2026-03-25T15:34:19.000Z,Madrid,2026-03-25,0x435bc3e5fb9c54da62d262f9f431fdd2e270697545b98fab0c1a6e9e02607c8e,exact,19,19,22,0.57,22,7.43,above_obs,-3,3,0.001,0.999,6308,1280,2,267,11,6,2,6,0,,,,,
1774452859,2026-03-25T15:34:19.000Z,Madrid,2026-03-25,0x729ce69dbbc42b31628d5a7fd688f500ec2b9f19913b925e290b62dde24b68bb,exact,23,23,22,0.57,22,7.43,below_obs,1,1,0.004,0.996,1178,490,36,351,11,2,8,3,0,,,,,
1774452859,2026-03-25T15:34:19.000Z,Madrid,2026-03-25,0x749c3d4a530c9d4cbd1bc109b577333d462ed97e07a1fed9efb8b6e2f42761ce,exact,16,16,22,0.57,22,7.43,above_obs,-6,6,0.001,0.999,21124,12432,0,150,11,9,3,7,0,,,,,
1774452859,2026-03-25T15:34:19.000Z,Madrid,2026-03-25,0x832a168de0abad1e4db5e604c61eed2df132455b09acaca6cb574ae460c5ba41,exact,24,24,22,0.57,22,7.43,below_obs,2,2,0.002,0.999,1378,490,16,238,11,5,7,8,0,,,,,
1774452859,2026-03-25T15:34:19.000Z,Madrid,2026-03-25,0x9aa19f80e55856169e25082cf67b48f95bff269671aaef6a3187ba0f69076d59,exact,21,21,22,0.57,22,7.43,above_obs,-1,1,0.8495914212740691,0.19,86,246,56,403,11,3,11,1,1,NO,0.959660453808752,1184.221,,open
1774452859,2026-03-25T15:34:19.000Z,Madrid,2026-03-25,0xb87e92092e89df079276562bb4bd3f1f949b097825615a377a61187c69bc78c9,exact,17,17,22,0.57,22,7.43,above_obs,-5,5,0.001,0.999,15196,14388,0,199,11,8,4,9,0,,,,,
1774452859,2026-03-25T15:34:19.000Z,Madrid,2026-03-25,0xc186f2c918ea2cb0e38c132ce1c32d9ca40f75c5f4766013cce90d3388227825,or_below,,14,22,0.57,22,7.43,above_obs,-8,8,0.001,0.999,51720,11950,0,145,11,11,5,10,0,,,,,
1774452859,2026-03-25T15:34:19.000Z,Madrid,2026-03-25,0xc5769e180543670b5a645f6b9ff45ab83690f10ae4cd49c6d93139ebf55c6132,exact,15,15,22,0.57,22,7.43,above_obs,-7,7,0.001,0.999,17618,17554,0,148,11,10,6,11,0,,,,,
1774452859,2026-03-25T15:34:19.000Z,Madrid,2026-03-25,0xe83e0ca9382d3e559450c2905f781cb018c3d65c74f6d9f5be39073450b7b165,exact,22,22,22,0.57,22,7.43,contains,0,0,0.3799999011999269,0.8386833653063512,1360,292,44,101,11,1,10,2,0,,,,,
1774507661,2026-03-26T06:47:41.000Z,Hong Kong,2026-03-26,0x1a78f1823e1495be05042b2c504492cd2eb12c59d02e598ec866afe7c8e54d89,exact,28,28,29.4,27.79,25.8,9.21,above_obs,-1.4,1.4,0.5847954251347149,0.411,6,230,60,152,11,1,21,3,0,,,,,
1774507661,2026-03-26T06:47:41.000Z,Hong Kong,2026-03-26,0x1d4be76f1766dbcbf24500de2337cf283805b84fddefc73d777843b6fa62173c,exact,27,27,29.4,27.79,25.8,9.21,above_obs,-2.4,2.4,0.2824007936507936,0.39,2,230,63,161,11,3,19,1,1,NO,0.8,13.856000000000002,3.4120399999999975,closed
1774507661,2026-03-26T06:47:41.000Z,Hong Kong,2026-03-26,0x28b45ea653d17208481e8e037f970399beeb29cf91470e75f8b045f01ea247fc,exact,23,23,29.4,27.79,25.8,9.21,above_obs,-6.4,6.4,0.001,0.998,196,1458,17,415,11,11,1,7,0,,,,,
1774507661,2026-03-26T06:47:41.000Z,Hong Kong,2026-03-26,0x418e7f4353c6e5102ef0a4038927257d959b71defd9457ec77fde623a8b1a2a2,exact,22,22,29.4,27.79,25.8,9.21,above_obs,-7.4,7.4,0.001,0.999,196,578,22,455,11,13,2,13,0,,,,,
1774507661,2026-03-26T06:47:41.000Z,Hong Kong,2026-03-26,0x699a227208830234ab78e1d59d3496c16c9217446f6827bf66c7fc1e73c6dad7,or_below,,18,29.4,27.79,25.8,9.21,above_obs,-11.4,11.4,0.001,0.999,906,6318,4,294,11,21,3,14,0,,,,,
1774507661,2026-03-26T06:47:41.000Z,Hong Kong,2026-03-26,0x709cfa939d80769a338f4fc8212ba63c9a35a846a1edbc9e49bf42127d9a5050,exact,26,26,29.4,27.79,25.8,9.21,above_obs,-3.4,3.4,0.001,0.998,196,586,22,689,11,5,4,8,0,,,,,
1774507661,2026-03-26T06:47:41.000Z,Hong Kong,2026-03-26,0x748d5e05db3ea5f5856da38c5650190b1886c87e4bf62bada9938699800fb0c2,exact,20,20,29.4,27.79,25.8,9.21,above_obs,-9.4,9.4,0.002,0.999,906,1694,6,311,11,17,17,15,0,,,,,
1774507661,2026-03-26T06:47:41.000Z,Hong Kong,2026-03-26,0x8295b87134e05738d208aaa6f63f7e65cbddca6f4ab8fa865e8ff314370d78dc,exact,24,24,29.4,27.79,25.8,9.21,above_obs,-5.4,5.4,0.001,0.998,196,528,23,571,11,9,5,9,0,,,,,
1774507661,2026-03-26T06:47:41.000Z,Hong Kong,2026-03-26,0xccea77d13b1c236283dfd080d58c20c5595e2682955e591b6f692613a4b69fa1,exact,25,25,29.4,27.79,25.8,9.21,above_obs,-4.4,4.4,0.001,0.9979850430229649,196,538,23,586,11,7,6,5,0,,,,,
1774507661,2026-03-26T06:47:41.000Z,Hong Kong,2026-03-26,0xde2916479398f5651a3a56698c59c467172acc23c4248591966f3278f96efec9,exact,21,21,29.4,27.79,25.8,9.21,above_obs,-8.4,8.4,0.001,0.999,884,1694,8,282,11,15,7,16,0,,,,,
1774507661,2026-03-26T06:47:41.000Z,Hong Kong,2026-03-26,0xfcfa85cc80890c979890d1fa3a1e62725e97a65646c5b58ad585216b4038c685,exact,19,19,29.4,27.79,25.8,9.21,above_obs,-10.4,10.4,0.001,0.999,906,5502,4,348,11,19,8,17,0,,,,,
1774507661,2026-03-26T06:47:41.000Z,Hong Kong,2026-03-26,0x1a78f1823e1495be05042b2c504492cd2eb12c59d02e598ec866afe7c8e54d89,exact,28,28,29.4,27.79,25.8,9.21,above_obs,-1.4,1.4,0.5847954251347149,0.411,6,230,60,152,11,2,22,4,1,YES,0.67155445,6.735750901846051,3.264247098153949,closed
1774507661,2026-03-26T06:47:41.000Z,Hong Kong,2026-03-26,0x1d4be76f1766dbcbf24500de2337cf283805b84fddefc73d777843b6fa62173c,exact,27,27,29.4,27.79,25.8,9.21,above_obs,-2.4,2.4,0.2824007936507936,0.39,2,230,63,161,11,4,20,2,0,,,,,
1774507661,2026-03-26T06:47:41.000Z,Hong Kong,2026-03-26,0x28b45ea653d17208481e8e037f970399beeb29cf91470e75f8b045f01ea247fc,exact,23,23,29.4,27.79,25.8,9.21,above_obs,-6.4,6.4,0.001,0.998,196,1458,17,415,11,12,9,10,0,,,,,
1774507661,2026-03-26T06:47:41.000Z,Hong Kong,2026-03-26,0x418e7f4353c6e5102ef0a4038927257d959b71defd9457ec77fde623a8b1a2a2,exact,22,22,29.4,27.79,25.8,9.21,above_obs,-7.4,7.4,0.001,0.999,196,578,22,455,11,14,10,18,0,,,,,
1774507661,2026-03-26T06:47:41.000Z,Hong Kong,2026-03-26,0x699a227208830234ab78e1d59d3496c16c9217446f6827bf66c7fc1e73c6dad7,or_below,,18,29.4,27.79,25.8,9.21,above_obs,-11.4,11.4,0.001,0.999,906,6318,4,294,11,22,11,19,0,,,,,
1774507661,2026-03-26T06:47:41.000Z,Hong Kong,2026-03-26,0x709cfa939d80769a338f4fc8212ba63c9a35a846a1edbc9e49bf42127d9a5050,exact,26,26,29.4,27.79,25.8,9.21,above_obs,-3.4,3.4,0.001,0.998,196,586,22,689,11,6,12,11,0,,,,,
1774507661,2026-03-26T06:47:41.000Z,Hong Kong,2026-03-26,0x748d5e05db3ea5f5856da38c5650190b1886c87e4bf62bada9938699800fb0c2,exact,20,20,29.4,27.79,25.8,9.21,above_obs,-9.4,9.4,0.002,0.999,906,1694,6,311,11,18,18,20,0,,,,,
1774507661,2026-03-26T06:47:41.000Z,Hong Kong,2026-03-26,0x8295b87134e05738d208aaa6f63f7e65cbddca6f4ab8fa865e8ff314370d78dc,exact,24,24,29.4,27.79,25.8,9.21,above_obs,-5.4,5.4,0.001,0.998,196,528,23,571,11,10,13,12,0,,,,,
1774507661,2026-03-26T06:47:41.000Z,Hong Kong,2026-03-26,0xccea77d13b1c236283dfd080d58c20c5595e2682955e591b6f692613a4b69fa1,exact,25,25,29.4,27.79,25.8,9.21,above_obs,-4.4,4.4,0.001,0.9979850430229649,196,538,23,586,11,8,14,6,0,,,,,
1774507661,2026-03-26T06:47:41.000Z,Hong Kong,2026-03-26,0xde2916479398f5651a3a56698c59c467172acc23c4248591966f3278f96efec9,exact,21,21,29.4,27.79,25.8,9.21,above_obs,-8.4,8.4,0.001,0.999,884,1694,8,282,11,16,15,21,0,,,,,
1774507661,2026-03-26T06:47:41.000Z,Hong Kong,2026-03-26,0xfcfa85cc80890c979890d1fa3a1e62725e97a65646c5b58ad585216b4038c685,exact,19,19,29.4,27.79,25.8,9.21,above_obs,-10.4,10.4,0.001,0.999,906,5502,4,348,11,20,16,22,0,,,,,
1774507667,2026-03-26T06:47:47.000Z,Hong Kong,2026-03-26,0x1a78f1823e1495be05042b2c504492cd2eb12c59d02e598ec866afe7c8e54d89,exact,28,28,29.4,27.8,25.8,9.2,above_obs,-1.4,1.4,0.919,0.5789999033640326,2,4,66,158,11,1,11,1,0,,,,,
1774507667,2026-03-26T06:47:47.000Z,Hong Kong,2026-03-26,0x1d4be76f1766dbcbf24500de2337cf283805b84fddefc73d777843b6fa62173c,exact,27,27,29.4,27.8,25.8,9.2,above_obs,-2.4,2.4,0.05,0.97,2,4,69,168,11,2,10,2,1,NO,0.95,0.009415450000009073,,open
1774507667,2026-03-26T06:47:47.000Z,Hong Kong,2026-03-26,0x28b45ea653d17208481e8e037f970399beeb29cf91470e75f8b045f01ea247fc,exact,23,23,29.4,27.8,25.8,9.2,above_obs,-6.4,6.4,0.003,0.998,2,4,22,420,11,6,6,5,0,,,,,
1774507667,2026-03-26T06:47:47.000Z,Hong Kong,2026-03-26,0x418e7f4353c6e5102ef0a4038927257d959b71defd9457ec77fde623a8b1a2a2,exact,22,22,29.4,27.8,25.8,9.2,above_obs,-7.4,7.4,0.003,0.998,2,4,27,460,11,7,7,6,0,,,,,
1774507667,2026-03-26T06:47:47.000Z,Hong Kong,2026-03-26,0x699a227208830234ab78e1d59d3496c16c9217446f6827bf66c7fc1e73c6dad7,or_below,,18,29.4,27.8,25.8,9.2,above_obs,-11.4,11.4,0.001,0.999,2,6324,5,295,11,11,1,7,0,,,,,
1774507667,2026-03-26T06:47:47.000Z,Hong Kong,2026-03-26,0x709cfa939d80769a338f4fc8212ba63c9a35a846a1edbc9e49bf42127d9a5050,exact,26,26,29.4,27.8,25.8,9.2,above_obs,-3.4,3.4,0.002,0.999,2,4,27,694,11,3,5,8,0,,,,,
1774507667,2026-03-26T06:47:47.000Z,Hong Kong,2026-03-26,0x748d5e05db3ea5f5856da38c5650190b1886c87e4bf62bada9938699800fb0c2,exact,20,20,29.4,27.8,25.8,9.2,above_obs,-9.4,9.4,0.001,0.999,2,1700,7,312,11,9,2,9,0,,,,,
1774507667,2026-03-26T06:47:47.000Z,Hong Kong,2026-03-26,0x8295b87134e05738d208aaa6f63f7e65cbddca6f4ab8fa865e8ff314370d78dc,exact,24,24,29.4,27.8,25.8,9.2,above_obs,-5.4,5.4,0.008,0.993,2,4,28,576,11,5,9,4,0,,,,,
1774507667,2026-03-26T06:47:47.000Z,Hong Kong,2026-03-26,0xccea77d13b1c236283dfd080d58c20c5595e2682955e591b6f692613a4b69fa1,exact,25,25,29.4,27.8,25.8,9.2,above_obs,-4.4,4.4,0.005,0.9916666666666667,2,4,28,591,11,4,8,3,0,,,,,
1774507667,2026-03-26T06:47:47.000Z,Hong Kong,2026-03-26,0xde2916479398f5651a3a56698c59c467172acc23c4248591966f3278f96efec9,exact,21,21,29.4,27.8,25.8,9.2,above_obs,-8.4,8.4,0.001,0.999,2,1700,9,283,11,8,3,10,0,,,,,
1774507667,2026-03-26T06:47:47.000Z,Hong Kong,2026-03-26,0xfcfa85cc80890c979890d1fa3a1e62725e97a65646c5b58ad585216b4038c685,exact,19,19,29.4,27.8,25.8,9.2,above_obs,-10.4,10.4,0.001,0.999,2,5508,5,349,11,10,4,11,0,,,,,
1774586239,2026-03-27T04:37:19.000Z,Hong Kong,2026-03-27,0x104507904bef9065a7a0f8a6f2dddc10e8adeb295de92fc203212513d075ae20,exact,26,26,26.5,0.62,26.5,11.38,above_obs,-0.5,0.5,0.13,0.868014705882353,22,64,58,383,11,1,9,3,0,,,,,
1774586239,2026-03-27T04:37:19.000Z,Hong Kong,2026-03-27,0x29935c8def3adc7e83abfc9c3d7a09ed7f0bee1da4de9eda76ed010ce6125344,exact,24,24,26.5,0.62,26.5,11.38,above_obs,-2.5,2.5,0.002,0.999,2234,1688,15,269,11,5,6,7,0,,,,,
1774586239,2026-03-27T04:37:19.000Z,Hong Kong,2026-03-27,0x2a0d5905e8f1dcd2f9c9ff4bc595d1aa92c91d238a835a5aaf7b34dcdaa42063,or_below,,19,26.5,0.62,26.5,11.38,above_obs,-7.5,7.5,0.001,0.999,10478,47442,0,144,11,11,1,8,0,,,,,
1774586239,2026-03-27T04:37:19.000Z,Hong Kong,2026-03-27,0x6e61d9a0d2a44e1fb77c4c30786b668a4ee4cd4b8ffe589f9fdc546a07cc34e8,exact,28,28,26.5,0.62,26.5,11.38,below_obs,1.5,1.5,0.16,0.85,56,64,83,392,11,3,10,2,0,,,,,
1774586239,2026-03-27T04:37:19.000Z,Hong Kong,2026-03-27,0x77abd1e490dc72bd4031d8bc250ae71810cd74bfec3c1bb0372040043ba56e4a,exact,27,27,26.5,0.62,26.5,11.38,below_obs,0.5,0.5,0.628,0.333,56,66,73,545,11,2,11,1,0,,,,,
1774586239,2026-03-27T04:37:19.000Z,Hong Kong,2026-03-27,0x85928a933777a12c2efc5a8032c9cfa78497be55bc6c10f2bd41c4520afcb787,exact,29,29,26.5,0.62,26.5,11.38,below_obs,2.5,2.5,0.05,0.95,28,64,105,509,11,6,7,5,0,,,,,
1774586239,2026-03-27T04:37:19.000Z,Hong Kong,2026-03-27,0x96bf9703ebce173f864886ecfce0dfa3835747bcf36c991c1512671c69077c6c,exact,22,22,26.5,0.62,26.5,11.38,above_obs,-4.5,4.5,0.001,0.999,16596,18792,0,152,11,8,2,9,0,,,,,
1774586239,2026-03-27T04:37:19.000Z,Hong Kong,2026-03-27,0xa51db063e060c996e87a97739c5f318a123d3cbafe8d54f0872420beb43858b4,exact,21,21,26.5,0.62,26.5,11.38,above_obs,-5.5,5.5,0.001,0.999,16596,18812,0,185,11,9,3,10,0,,,,,
1774586239,2026-03-27T04:37:19.000Z,Hong Kong,2026-03-27,0xd9c21f0d36ac05d17f48e15f70811d0bd025c784a3d4b7f4654164cb9c493268,exact,23,23,26.5,0.62,26.5,11.38,above_obs,-3.5,3.5,0.001,0.998,11338,11470,0,180,11,7,4,6,0,,,,,
1774586239,2026-03-27T04:37:19.000Z,Hong Kong,2026-03-27,0xde09dedf441e289a2bf6ddf9beeb45c1596f06f856b92fc805d4e951aa7f5211,exact,25,25,26.5,0.62,26.5,11.38,above_obs,-1.5,1.5,0.06,0.94,56,64,57,89,11,4,8,4,1,NO,0.9683955155387743,17.72163793435957,0.5417620656404303,closed
1774586239,2026-03-27T04:37:19.000Z,Hong Kong,2026-03-27,0xf3fb708829115ac4aa4da8315df008c8cd8e98f5d19da277c7afa0c29c0aff82,exact,20,20,26.5,0.62,26.5,11.38,above_obs,-6.5,6.5,0.001,0.999,16596,18800,0,148,11,10,5,11,0,,,,,
1774586317,2026-03-27T04:38:37.000Z,Hong Kong,2026-03-27,0x104507904bef9065a7a0f8a6f2dddc10e8adeb295de92fc203212513d075ae20,exact,26,26,26.5,0.64,26.5,11.36,above_obs,-0.5,0.5,0.13,0.87,100,52,61,386,11,1,9,2,0,,,,,
1774586317,2026-03-27T04:38:37.000Z,Hong Kong,2026-03-27,0x29935c8def3adc7e83abfc9c3d7a09ed7f0bee1da4de9eda76ed010ce6125344,exact,24,24,26.5,0.64,26.5,11.36,above_obs,-2.5,2.5,0.002,0.999,2312,1766,15,269,11,5,6,7,0,,,,,
1774586317,2026-03-27T04:38:37.000Z,Hong Kong,2026-03-27,0x2a0d5905e8f1dcd2f9c9ff4bc595d1aa92c91d238a835a5aaf7b34dcdaa42063,or_below,,19,26.5,0.64,26.5,11.36,above_obs,-7.5,7.5,0.001,0.999,10556,47520,0,144,11,11,1,8,0,,,,,
1774586317,2026-03-27T04:38:37.000Z,Hong Kong,2026-03-27,0x6e61d9a0d2a44e1fb77c4c30786b668a4ee4cd4b8ffe589f9fdc546a07cc34e8,exact,28,28,26.5,0.64,26.5,11.36,below_obs,1.5,1.5,0.19413706076490003,0.88,60,52,87,396,11,3,10,3,0,,,,,
1774586317,2026-03-27T04:38:37.000Z,Hong Kong,2026-03-27,0x77abd1e490dc72bd4031d8bc250ae71810cd74bfec3c1bb0372040043ba56e4a,exact,27,27,26.5,0.64,26.5,11.36,below_obs,0.5,0.5,0.6912609642411651,0.333,56,144,73,546,11,2,11,1,0,,,,,
1774586317,2026-03-27T04:38:37.000Z,Hong Kong,2026-03-27,0x85928a933777a12c2efc5a8032c9cfa78497be55bc6c10f2bd41c4520afcb787,exact,29,29,26.5,0.64,26.5,11.36,below_obs,2.5,2.5,0.06,0.95,70,48,110,515,11,6,8,4,0,,,,,
1774586317,2026-03-27T04:38:37.000Z,Hong Kong,2026-03-27,0x96bf9703ebce173f864886ecfce0dfa3835747bcf36c991c1512671c69077c6c,exact,22,22,26.5,0.64,26.5,11.36,above_obs,-4.5,4.5,0.001,0.999,16674,18870,0,152,11,8,2,9,0,,,,,
1774586317,2026-03-27T04:38:37.000Z,Hong Kong,2026-03-27,0xa51db063e060c996e87a97739c5f318a123d3cbafe8d54f0872420beb43858b4,exact,21,21,26.5,0.64,26.5,11.36,above_obs,-5.5,5.5,0.001,0.999,16674,18890,0,185,11,9,3,10,0,,,,,
1774586317,2026-03-27T04:38:37.000Z,Hong Kong,2026-03-27,0xd9c21f0d36ac05d17f48e15f70811d0bd025c784a3d4b7f4654164cb9c493268,exact,23,23,26.5,0.64,26.5,11.36,above_obs,-3.5,3.5,0.001,0.998,11416,11548,0,180,11,7,4,6,0,,,,,
1774586317,2026-03-27T04:38:37.000Z,Hong Kong,2026-03-27,0xde09dedf441e289a2bf6ddf9beeb45c1596f06f856b92fc805d4e951aa7f5211,exact,25,25,26.5,0.64,26.5,11.36,above_obs,-1.5,1.5,0.006,0.994,12,52,63,95,11,4,7,5,1,NO,0.991,0.010528384000007008,,open
1774586317,2026-03-27T04:38:37.000Z,Hong Kong,2026-03-27,0xf3fb708829115ac4aa4da8315df008c8cd8e98f5d19da277c7afa0c29c0aff82,exact,20,20,26.5,0.64,26.5,11.36,above_obs,-6.5,6.5,0.001,0.999,16674,18878,0,148,11,10,5,11,0,,,,,
1774677429,2026-03-28T05:57:09.000Z,Hong Kong,2026-03-28,0x0a520003440c99edd90a7639820081c824e60ef0196bbc9051771645c4a7cce5,exact,27,27,26.5,25.95,25.8,10.05,below_obs,0.5,0.5,0.44999996249999064,0.62,276,366,60,427,11,1,10,2,0,,,,,
1774677429,2026-03-28T05:57:09.000Z,Hong Kong,2026-03-28,0x0ddedaafb14638904d2f3ba1c146e206e568c421970737cbf6e30fb96aa46575,exact,20,20,26.5,25.95,25.8,10.05,above_obs,-6.5,6.5,0.001,0.999,8702,47740,0,96,11,9,1,4,0,,,,,
1774677429,2026-03-28T05:57:09.000Z,Hong Kong,2026-03-28,0x1900fb3a68445ceee90610f3d33f45c5f3924c410729e1e850ff4d73d679329d,exact,28,28,26.5,25.95,25.8,10.05,below_obs,1.5,1.5,0.096,0.901,166,366,66,443,11,3,9,3,0,,,,,
1774677429,2026-03-28T05:57:09.000Z,Hong Kong,2026-03-28,0x3ab97722f8208a33555a7fa918cb1aea0816138cfabe23a0de063c31c8c87e4a,exact,26,26,26.5,25.95,25.8,10.05,above_obs,-0.5,0.5,0.480361380798274,0.48,4,158,50,170,11,2,11,1,1,NO,0.8252816441441441,591.6691691362612,124.54390086373871,closed
1774677429,2026-03-28T05:57:09.000Z,Hong Kong,2026-03-28,0x561dc6a0813cc48fdccd707dcc553f212be19c124f8d60264fd7278e02cd113d,or_below,,18,26.5,25.95,25.8,10.05,above_obs,-8.5,8.5,0.001,0.999,8702,47706,0,133,11,11,2,5,0,,,,,
1774677429,2026-03-28T05:57:09.000Z,Hong Kong,2026-03-28,0x80a524cd1bd8a0343fd3fd10460b1f3a8aed24e165c5b727f3b307f87268765b,exact,23,23,26.5,25.95,25.8,10.05,above_obs,-3.5,3.5,0.001,0.999,228,398,39,200,11,6,3,6,0,,,,,
1774677429,2026-03-28T05:57:09.000Z,Hong Kong,2026-03-28,0xbef34386141a8a21ad130ce82019be7e6bd72199a0ab6607128fece7859ae1f9,exact,25,25,26.5,25.95,25.8,10.05,above_obs,-1.5,1.5,0.001,0.999,228,398,44,366,11,4,4,7,0,,,,,
1774677429,2026-03-28T05:57:09.000Z,Hong Kong,2026-03-28,0xc1337cc7aa4a604edc9b70cdb88b7b75dc77a5ddc967e78f25a845bed3167d38,exact,21,21,26.5,25.95,25.8,10.05,above_obs,-5.5,5.5,0.001,0.999,8702,47756,0,106,11,8,5,8,0,,,,,
1774677429,2026-03-28T05:57:09.000Z,Hong Kong,2026-03-28,0xdaec18b5a5530beaf88a341152eb36241db25c3b28498ff9038cbda9797f5342,exact,19,19,26.5,25.95,25.8,10.05,above_obs,-7.5,7.5,0.001,0.999,8702,47724,0,102,11,10,6,9,0,,,,,
1774677429,2026-03-28T05:57:09.000Z,Hong Kong,2026-03-28,0xdd45dddf1f56fccab4c4b9d91e207e484cfd91d0b29a19d88aa4bd1adce77def,exact,24,24,26.5,25.95,25.8,10.05,above_obs,-2.5,2.5,0.001,0.999,230,398,36,281,11,5,7,10,0,,,,,
1774677429,2026-03-28T05:57:09.000Z,Hong Kong,2026-03-28,0xecec03fc93be45aaf782dc0410cfae394729e1e05eb5335987dd035f65cd4b61,exact,22,22,26.5,25.95,25.8,10.05,above_obs,-4.5,4.5,0.001,0.999,8702,47772,0,100,11,7,8,11,0,,,,,
1774706689,2026-03-28T14:04:49.000Z,Madrid,2026-03-28,0x0a822391464c2ed42e0ecfd7068f06ac14c69fa465a7fab91c37bd181fc17d6d,exact,17,17,18.9,23.08,16.7,8.92,above_obs,-1.9,1.9,0.253370420624152,0.32,34,1052,61,88,11,4,10,1,0,,,,,
1774706689,2026-03-28T14:04:49.000Z,Madrid,2026-03-28,0x133cbe9d559ff0f99b53ead7cfac4f499e00da7122cc06ea2403dda75e2a0922,exact,23,23,18.9,23.08,16.7,8.92,below_obs,4.1,4.1,0.001,0.999,188,8362,21,332,11,9,1,6,0,,,,,
1774706689,2026-03-28T14:04:49.000Z,Madrid,2026-03-28,0x38acca16032fe60fa2557f7c84f2d4489a2a42a6a64e4acae7a3e2aedaa7ca0e,exact,21,21,18.9,23.08,16.7,8.92,below_obs,2.1,2.1,0.005746875,0.999,188,1270,43,482,11,5,6,7,0,,,,,
1774706689,2026-03-28T14:04:49.000Z,Madrid,2026-03-28,0x3ec362d909fb5a3b2df7d86414e7ded3f438638c68264e1e719f66e72fad4a53,exact,16,16,18.9,23.08,16.7,8.92,above_obs,-2.9,2.9,0.2899999274999819,0.7918882964331816,4,192,99,239,11,6,11,2,1,YES,0.3385804267965493,8.04469768853973,15.525300311460272,closed
1774706689,2026-03-28T14:04:49.000Z,Madrid,2026-03-28,0x3ecffd19b0b9480cfcb09af0f4967b5333e68fbdca90ddb80dd15c289fc1b213,or_below,,13,18.9,23.08,16.7,8.92,above_obs,-5.9,5.9,0.001,0.999,3090,9462,2,346,11,11,2,8,0,,,,,
1774706689,2026-03-28T14:04:49.000Z,Madrid,2026-03-28,0x590134cf8c465c31a4c82d972ec9e0979c39363c68c5201f9272e55dffa42e9e,exact,18,18,18.9,23.08,16.7,8.92,above_obs,-0.9,0.9,0.07,0.91,18,136,102,722,11,2,9,3,0,,,,,
1774706689,2026-03-28T14:04:49.000Z,Madrid,2026-03-28,0x784f53ed9611ab143b5df8195efdff4e8232aaf9b2b30608c3c51546a85da452,exact,19,19,18.9,23.08,16.7,8.92,below_obs,0.1,0.1,0.014,0.9869999979245012,186,2,133,725,11,1,8,4,0,,,,,
1774706689,2026-03-28T14:04:49.000Z,Madrid,2026-03-28,0xc0a0205cecd8200de2543546ace856a8fcd2f589d6c9f745604b3f27ff533e91,exact,22,22,18.9,23.08,16.7,8.92,below_obs,3.1,3.1,0.001,0.999,188,866,42,451,11,7,3,9,0,,,,,
1774706689,2026-03-28T14:04:49.000Z,Madrid,2026-03-28,0xd963cc358a64ab5a455597be4f15e2c3ac3f7659d62203f6d7c84a3a54fcef8f,exact,20,20,18.9,23.08,16.7,8.92,below_obs,1.1,1.1,0.012,0.9979401233459074,188,814,62,624,11,3,7,5,0,,,,,
1774706689,2026-03-28T14:04:49.000Z,Madrid,2026-03-28,0xe4c23175452a79d00db962a7c3af652782c6b177e24fa773f88a8e553cc04a56,exact,14,14,18.9,23.08,16.7,8.92,above_obs,-4.9,4.9,0.001,0.999,4056,5454,0,322,11,10,4,10,0,,,,,
1774706689,2026-03-28T14:04:49.000Z,Madrid,2026-03-28,0xfd48eafa42bed49365cf05508edb48db33a4d7b49cb77d37f3f7f11d79084c4a,exact,15,15,18.9,23.08,16.7,8.92,above_obs,-3.9,3.9,0.001,0.999,1674,284,56,659,11,8,5,11,0,,,,,
1774706693,2026-03-28T14:04:53.000Z,Madrid,2026-03-28,0x0a822391464c2ed42e0ecfd7068f06ac14c69fa465a7fab91c37bd181fc17d6d,exact,17,17,18.9,23.08,16.7,8.92,above_obs,-1.9,1.9,0.253370420624152,0.32,38,1056,61,88,11,4,10,1,0,,,,,
1774706693,2026-03-28T14:04:53.000Z,Madrid,2026-03-28,0x133cbe9d559ff0f99b53ead7cfac4f499e00da7122cc06ea2403dda75e2a0922,exact,23,23,18.9,23.08,16.7,8.92,below_obs,4.1,4.1,0.001,0.999,192,8366,21,332,11,9,1,6,0,,,,,
1774706693,2026-03-28T14:04:53.000Z,Madrid,2026-03-28,0x38acca16032fe60fa2557f7c84f2d4489a2a42a6a64e4acae7a3e2aedaa7ca0e,exact,21,21,18.9,23.08,16.7,8.92,below_obs,2.1,2.1,0.005746875,0.999,192,1274,43,482,11,5,6,7,0,,,,,
1774706693,2026-03-28T14:04:53.000Z,Madrid,2026-03-28,0x3ec362d909fb5a3b2df7d86414e7ded3f438638c68264e1e719f66e72fad4a53,exact,16,16,18.9,23.08,16.7,8.92,above_obs,-2.9,2.9,0.3385804267965493,0.7918882964331816,4,196,100,240,11,6,11,2,1,YES,0.4,0.0014220000000150891,,open
1774706693,2026-03-28T14:04:53.000Z,Madrid,2026-03-28,0x3ecffd19b0b9480cfcb09af0f4967b5333e68fbdca90ddb80dd15c289fc1b213,or_below,,13,18.9,23.08,16.7,8.92,above_obs,-5.9,5.9,0.001,0.999,3094,9466,2,346,11,11,2,8,0,,,,,
1774706693,2026-03-28T14:04:53.000Z,Madrid,2026-03-28,0x590134cf8c465c31a4c82d972ec9e0979c39363c68c5201f9272e55dffa42e9e,exact,18,18,18.9,23.08,16.7,8.92,above_obs,-0.9,0.9,0.07,0.91,22,140,102,722,11,2,9,3,0,,,,,
1774706693,2026-03-28T14:04:53.000Z,Madrid,2026-03-28,0x784f53ed9611ab143b5df8195efdff4e8232aaf9b2b30608c3c51546a85da452,exact,19,19,18.9,23.08,16.7,8.92,below_obs,0.1,0.1,0.014,0.9869999979245012,190,6,133,725,11,1,8,4,0,,,,,
1774706693,2026-03-28T14:04:53.000Z,Madrid,2026-03-28,0xc0a0205cecd8200de2543546ace856a8fcd2f589d6c9f745604b3f27ff533e91,exact,22,22,18.9,23.08,16.7,8.92,below_obs,3.1,3.1,0.001,0.999,192,870,42,451,11,7,3,9,0,,,,,
1774706693,2026-03-28T14:04:53.000Z,Madrid,2026-03-28,0xd963cc358a64ab5a455597be4f15e2c3ac3f7659d62203f6d7c84a3a54fcef8f,exact,20,20,18.9,23.08,16.7,8.92,below_obs,1.1,1.1,0.012,0.9979401233459074,192,818,62,624,11,3,7,5,0,,,,,
1774706693,2026-03-28T14:04:53.000Z,Madrid,2026-03-28,0xe4c23175452a79d00db962a7c3af652782c6b177e24fa773f88a8e553cc04a56,exact,14,14,18.9,23.08,16.7,8.92,above_obs,-4.9,4.9,0.001,0.999,4060,5458,0,322,11,10,4,10,0,,,,,
1774706693,2026-03-28T14:04:53.000Z,Madrid,2026-03-28,0xfd48eafa42bed49365cf05508edb48db33a4d7b49cb77d37f3f7f11d79084c4a,exact,15,15,18.9,23.08,16.7,8.92,above_obs,-3.9,3.9,0.001,0.999,1678,288,56,659,11,8,5,11,0,,,,,
1774720579,2026-03-28T17:56:19.000Z,Sao Paulo,2026-03-28,0x02d32a0ccf4ee9e66c55290731f63122200c421425bfe0aeea3f58c60c1c5d90,exact,33,33,29.9,23.94,29.6,9.06,below_obs,3.1,3.1,0.005,0.999,1414,3616,12,304,11,7,5,5,0,,,,,
1774720579,2026-03-28T17:56:19.000Z,Sao Paulo,2026-03-28,0x0edb69b0079b72d962d2e510f863039227249c3947beb69e796400d07990cea5,exact,28,28,29.9,23.94,29.6,9.06,above_obs,-1.9,1.9,0.01,0.999,3656,60,18,478,11,4,7,6,0,,,,,
1774720579,2026-03-28T17:56:19.000Z,Sao Paulo,2026-03-28,0x27c711cb3d2a0859d0c127a43f6b532f8995bb2bc7c4bde683c4a5314d325f0e,exact,31,31,29.9,23.94,29.6,9.06,below_obs,1.1,1.1,0.04898471760797342,0.9468513480791081,764,990,39,462,11,3,9,3,0,,,,,
1774720579,2026-03-28T17:56:19.000Z,Sao Paulo,2026-03-28,0x332dd42befe441a66b081dd5329c954e17909e904a14aa46614b7867d26316d7,exact,26,26,29.9,23.94,29.6,9.06,above_obs,-3.9,3.9,0.003,0.999,17716,10688,0,229,11,8,4,7,0,,,,,
1774720579,2026-03-28T17:56:19.000Z,Sao Paulo,2026-03-28,0x3681a03089320d76f709686982b0cb5b08c28c769d3cedfe7b15fff1ea7833ec,exact,32,32,29.9,23.94,29.6,9.06,below_obs,2.1,2.1,0.03,0.9699565217391304,1414,1574,23,393,11,5,8,4,0,,,,,
1774720579,2026-03-28T17:56:19.000Z,Sao Paulo,2026-03-28,0x3f47a1ac0427d6ca60b17aac95847056a999e1fb119fd807eb772cfeeff0c8aa,exact,30,30,29.9,23.94,29.6,9.06,below_obs,0.1,0.1,0.6699999195999292,0.5601398297277915,52,8,51,471,11,1,11,1,0,,,,,
1774720579,2026-03-28T17:56:19.000Z,Sao Paulo,2026-03-28,0xa30e9ca373ece55f5a8e4186f3fe4a7f5a4699ea292e047f5a676c5838e60d55,exact,25,25,29.9,23.94,29.6,9.06,above_obs,-4.9,4.9,0.001,0.999,17716,23798,0,204,11,10,1,8,0,,,,,
1774720579,2026-03-28T17:56:19.000Z,Sao Paulo,2026-03-28,0xafa5781ab2e36beb85c3d1407fbe53d594c2f27fcf7e8cde27403f62d74a1772,exact,29,29,29.9,23.94,29.6,9.06,above_obs,-0.9,0.9,0.24433136313261913,0.72,492,108,66,131,11,2,10,2,1,YES,0.24,4.2696,8.261299999999999,closed
1774720579,2026-03-28T17:56:19.000Z,Sao Paulo,2026-03-28,0xc0d0f7881ae5019b709655d79a964209075b18d7a6945ce88ccec88fe33ea6f5,or_below,,24,29.9,23.94,29.6,9.06,above_obs,-5.9,5.9,0.002,0.999,17716,54242,0,232,11,11,2,9,0,,,,,
1774720579,2026-03-28T17:56:19.000Z,Sao Paulo,2026-03-28,0xcfa76ec176403e2bc83c55abb1fee51334a6a49dbc9c50614eeb6faa788ea20e,exact,27,27,29.9,23.94,29.6,9.06,above_obs,-2.9,2.9,0.002,0.999,7346,4668,0,294,11,6,3,10,0,,,,,
1774720579,2026-03-28T17:56:19.000Z,Sao Paulo,2026-03-28,0xd109f20454c7753a1b4b17c0974cde74748c4ad7b88e4140bd609eaa17fa3fb4,exact,34,34,29.9,23.94,29.6,9.06,below_obs,4.1,4.1,0.007,0.999,1414,3616,11,322,11,9,6,11,0,,,,,
1774787500,2026-03-29T12:31:40.000Z,Warsaw,2026-03-29,0x1c8f5c4872a89d58a60955c5d74101828231f165f2cd5c552ae25f696f7c8066,exact,8,8,16.4,0.53,16.4,9.47,above_obs,-8.4,8.4,0.001,0.999,41726,42212,0,205,11,19,1,5,0,,,,,
1774787500,2026-03-29T12:31:40.000Z,Warsaw,2026-03-29,0x3d0be85be9fb0d0f42b34593f4c084e5bf8227f2003209e6291bdac9d95814f4,exact,11,11,16.4,0.53,16.4,9.47,above_obs,-5.4,5.4,0.001,0.999,23546,6918,0,501,11,13,2,6,0,,,,,
1774787500,2026-03-29T12:31:40.000Z,Warsaw,2026-03-29,0x425ca6d2d87e222b0ce526ed794d838736bcb0417aec16aa6e2807f421cee4ee,or_below,,7,16.4,0.53,16.4,9.47,above_obs,-9.4,9.4,0.001,0.999,41726,47190,0,299,11,21,3,7,0,,,,,
1774787500,2026-03-29T12:31:40.000Z,Warsaw,2026-03-29,0x4c58d5d521646b9c1d10efc5f539023f566cdfc499e717d54431e53cb861a853,exact,17,17,16.4,0.53,16.4,9.47,below_obs,0.6,0.6,0.7599999087998286,0.24,494,506,67,116,11,3,21,1,1,YES,0.9583270614481315,781.8128000000002,32.365579999999795,closed
1774787500,2026-03-29T12:31:40.000Z,Warsaw,2026-03-29,0x4e85c5ca7d3669130d422170be09cc0fdd6e7fc7fce0cff7397f2dc05074b479,exact,16,16,16.4,0.53,16.4,9.47,above_obs,-0.4,0.4,0.25,0.78,92,88,69,515,11,1,19,3,0,,,,,
1774787500,2026-03-29T12:31:40.000Z,Warsaw,2026-03-29,0x53ba47f3546ddcba94e9b6586eb0d847d1a775edb22310e616cc153ecce2edbb,exact,10,10,16.4,0.53,16.4,9.47,above_obs,-6.4,6.4,0.001,0.999,41726,47984,0,217,11,15,4,8,0,,,,,
1774787500,2026-03-29T12:31:40.000Z,Warsaw,2026-03-29,0x61abcb964c0373f28dafa7a28a6a4c423da6ed7afe21db69dfa9fb204b77569b,exact,15,15,16.4,0.53,16.4,9.47,above_obs,-1.4,1.4,0.001,0.999,3282,86,10,545,11,5,5,9,0,,,,,
1774787500,2026-03-29T12:31:40.000Z,Warsaw,2026-03-29,0xadf0e078ed3f974497dca739c88f23f5a3b3e97588dc7b6944f076d06ea78c98,exact,12,12,16.4,0.53,16.4,9.47,above_obs,-4.4,4.4,0.002,0.999,9050,958,2,342,11,11,13,10,0,,,,,
1774787500,2026-03-29T12:31:40.000Z,Warsaw,2026-03-29,0xbdb500adef389577ee736438921a456abbcf6e7aa3267eb532aea1d448b26e05,exact,14,14,16.4,0.53,16.4,9.47,above_obs,-2.4,2.4,0.002,0.999,8016,1052,3,476,11,7,14,11,0,,,,,
1774787500,2026-03-29T12:31:40.000Z,Warsaw,2026-03-29,0xc6be10d7d3c2ebe2dfb6fdade9eb7c78bf8e675ad980aa7960a87746b97b630e,exact,9,9,16.4,0.53,16.4,9.47,above_obs,-7.4,7.4,0.001,0.999,41726,48546,0,222,11,17,6,12,0,,,,,
1774787500,2026-03-29T12:31:40.000Z,Warsaw,2026-03-29,0xe90ead71573f1b6f0198caac85b71c82f7664eac50435733aee243fcaa896dd8,exact,13,13,16.4,0.53,16.4,9.47,above_obs,-3.4,3.4,0.002,0.999,9050,1094,1,372,11,9,15,13,0,,,,,
1774783904,2026-03-29T11:31:44.000Z,Warsaw,2026-03-29,0x1c8f5c4872a89d58a60955c5d74101828231f165f2cd5c552ae25f696f7c8066,exact,8,8,15.5,0.53,15.5,10.47,above_obs,-7.5,7.5,0.001,0.999,38130,38616,0,205,11,10,1,4,0,,,,,
1774783904,2026-03-29T11:31:44.000Z,Warsaw,2026-03-29,0x3d0be85be9fb0d0f42b34593f4c084e5bf8227f2003209e6291bdac9d95814f4,exact,11,11,15.5,0.53,15.5,10.47,above_obs,-4.5,4.5,0.001,0.999,19950,3322,1,501,11,7,2,5,0,,,,,
1774783904,2026-03-29T11:31:44.000Z,Warsaw,2026-03-29,0x425ca6d2d87e222b0ce526ed794d838736bcb0417aec16aa6e2807f421cee4ee,or_below,,7,15.5,0.53,15.5,10.47,above_obs,-8.5,8.5,0.001,0.999,38130,43594,0,299,11,11,3,6,0,,,,,
1774783904,2026-03-29T11:31:44.000Z,Warsaw,2026-03-29,0x4c58d5d521646b9c1d10efc5f539023f566cdfc499e717d54431e53cb861a853,exact,17,17,15.5,0.53,15.5,10.47,below_obs,1.5,1.5,0.58,0.45,698,546,29,49,11,3,11,1,0,,,,,
1774783904,2026-03-29T11:31:44.000Z,Warsaw,2026-03-29,0x4e85c5ca7d3669130d422170be09cc0fdd6e7fc7fce0cff7397f2dc05074b479,exact,16,16,15.5,0.53,15.5,10.47,below_obs,0.5,0.5,0.48,0.5799999013999182,676,240,31,446,11,1,10,2,0,,,,,
1774783904,2026-03-29T11:31:44.000Z,Warsaw,2026-03-29,0x53ba47f3546ddcba94e9b6586eb0d847d1a775edb22310e616cc153ecce2edbb,exact,10,10,15.5,0.53,15.5,10.47,above_obs,-5.5,5.5,0.001,0.999,38130,44388,0,217,11,8,4,7,0,,,,,
1774783904,2026-03-29T11:31:44.000Z,Warsaw,2026-03-29,0x61abcb964c0373f28dafa7a28a6a4c423da6ed7afe21db69dfa9fb204b77569b,exact,15,15,15.5,0.53,15.5,10.47,above_obs,-0.5,0.5,0.002440130910732423,0.997,82,434,62,535,11,2,9,3,1,NO,0.998,499.38921999999997,,open
1774783904,2026-03-29T11:31:44.000Z,Warsaw,2026-03-29,0xadf0e078ed3f974497dca739c88f23f5a3b3e97588dc7b6944f076d06ea78c98,exact,12,12,15.5,0.53,15.5,10.47,above_obs,-3.5,3.5,0.002,0.999,5454,4030,0,340,11,6,6,8,0,,,,,
1774783904,2026-03-29T11:31:44.000Z,Warsaw,2026-03-29,0xbdb500adef389577ee736438921a456abbcf6e7aa3267eb532aea1d448b26e05,exact,14,14,15.5,0.53,15.5,10.47,above_obs,-1.5,1.5,0.002,0.999,4420,470,7,473,11,4,7,9,0,,,,,
1774783904,2026-03-29T11:31:44.000Z,Warsaw,2026-03-29,0xc6be10d7d3c2ebe2dfb6fdade9eb7c78bf8e675ad980aa7960a87746b97b630e,exact,9,9,15.5,0.53,15.5,10.47,above_obs,-6.5,6.5,0.001,0.999,38130,44950,0,222,11,9,5,10,0,,,,,
1774783904,2026-03-29T11:31:44.000Z,Warsaw,2026-03-29,0xe90ead71573f1b6f0198caac85b71c82f7664eac50435733aee243fcaa896dd8,exact,13,13,15.5,0.53,15.5,10.47,above_obs,-2.5,2.5,0.002,0.999,5454,5348,0,371,11,5,8,11,0,,,,,
1774787500,2026-03-29T12:31:40.000Z,Warsaw,2026-03-29,0x1c8f5c4872a89d58a60955c5d74101828231f165f2cd5c552ae25f696f7c8066,exact,8,8,16.4,0.53,16.4,9.47,above_obs,-8.4,8.4,0.001,0.999,41726,42212,0,205,11,20,7,14,0,,,,,
1774787500,2026-03-29T12:31:40.000Z,Warsaw,2026-03-29,0x3d0be85be9fb0d0f42b34593f4c084e5bf8227f2003209e6291bdac9d95814f4,exact,11,11,16.4,0.53,16.4,9.47,above_obs,-5.4,5.4,0.001,0.999,23546,6918,0,501,11,14,8,15,0,,,,,
1774787500,2026-03-29T12:31:40.000Z,Warsaw,2026-03-29,0x425ca6d2d87e222b0ce526ed794d838736bcb0417aec16aa6e2807f421cee4ee,or_below,,7,16.4,0.53,16.4,9.47,above_obs,-9.4,9.4,0.001,0.999,41726,47190,0,299,11,22,9,16,0,,,,,
1774787500,2026-03-29T12:31:40.000Z,Warsaw,2026-03-29,0x4c58d5d521646b9c1d10efc5f539023f566cdfc499e717d54431e53cb861a853,exact,17,17,16.4,0.53,16.4,9.47,below_obs,0.6,0.6,0.7599999087998286,0.24,494,506,67,116,11,4,22,2,0,,,,,
1774787500,2026-03-29T12:31:40.000Z,Warsaw,2026-03-29,0x4e85c5ca7d3669130d422170be09cc0fdd6e7fc7fce0cff7397f2dc05074b479,exact,16,16,16.4,0.53,16.4,9.47,above_obs,-0.4,0.4,0.25,0.78,92,88,69,515,11,2,20,4,1,NO,0.969004294975689,1195.7513000000001,,open
1774787500,2026-03-29T12:31:40.000Z,Warsaw,2026-03-29,0x53ba47f3546ddcba94e9b6586eb0d847d1a775edb22310e616cc153ecce2edbb,exact,10,10,16.4,0.53,16.4,9.47,above_obs,-6.4,6.4,0.001,0.999,41726,47984,0,217,11,16,10,17,0,,,,,
1774787500,2026-03-29T12:31:40.000Z,Warsaw,2026-03-29,0x61abcb964c0373f28dafa7a28a6a4c423da6ed7afe21db69dfa9fb204b77569b,exact,15,15,16.4,0.53,16.4,9.47,above_obs,-1.4,1.4,0.001,0.999,3282,86,10,545,11,6,11,18,0,,,,,
1774787500,2026-03-29T12:31:40.000Z,Warsaw,2026-03-29,0xadf0e078ed3f974497dca739c88f23f5a3b3e97588dc7b6944f076d06ea78c98,exact,12,12,16.4,0.53,16.4,9.47,above_obs,-4.4,4.4,0.002,0.999,9050,958,2,342,11,12,16,19,0,,,,,
1774787500,2026-03-29T12:31:40.000Z,Warsaw,2026-03-29,0xbdb500adef389577ee736438921a456abbcf6e7aa3267eb532aea1d448b26e05,exact,14,14,16.4,0.53,16.4,9.47,above_obs,-2.4,2.4,0.002,0.999,8016,1052,3,476,11,8,17,20,0,,,,,
1774787500,2026-03-29T12:31:40.000Z,Warsaw,2026-03-29,0xc6be10d7d3c2ebe2dfb6fdade9eb7c78bf8e675ad980aa7960a87746b97b630e,exact,9,9,16.4,0.53,16.4,9.47,above_obs,-7.4,7.4,0.001,0.999,41726,48546,0,222,11,18,12,21,0,,,,,
1774787500,2026-03-29T12:31:40.000Z,Warsaw,2026-03-29,0xe90ead71573f1b6f0198caac85b71c82f7664eac50435733aee243fcaa896dd8,exact,13,13,16.4,0.53,16.4,9.47,above_obs,-3.4,3.4,0.002,0.999,9050,1094,1,372,11,10,18,22,0,,,,,
1774789340,2026-03-29T13:02:20.000Z,Buenos Aires,2026-03-29,0x058c895925e443810c574e16002c32db33eb290e72a78390be1c4cbd874dcb88,exact,29,29,25.1,19.04,21.5,13.96,below_obs,3.9,3.9,0.18,0.8,264,534,55,592,11,7,8,2,0,,,,,
1774789340,2026-03-29T13:02:20.000Z,Buenos Aires,2026-03-29,0x15d000dca97e2c5a56d67f5a58f17ad15613cfd7a5bdc81a09316a3b5694ef2b,exact,28,28,25.1,19.04,21.5,13.96,below_obs,2.9,2.9,0.29,0.74,146,746,14,491,11,6,10,1,0,,,,,
1774789340,2026-03-29T13:02:20.000Z,Buenos Aires,2026-03-29,0x31e86e29348b9fd4fe503d40287a1b226734c321c223042dd7405b35ede32a06,exact,33,33,25.1,19.04,21.5,13.96,below_obs,7.9,7.9,0.001,0.999,740,746,10,468,11,11,1,9,0,,,,,
1774789340,2026-03-29T13:02:20.000Z,Buenos Aires,2026-03-29,0x58b6b7fb9a061c795fd2cf5135c9e5490fbd5e0b4061fbf7714bafd3bdeba9ff,exact,30,30,25.1,19.04,21.5,13.96,below_obs,4.9,4.9,0.03,0.970975,1422,128,15,626,11,8,6,4,0,,,,,
1774789340,2026-03-29T13:02:20.000Z,Buenos Aires,2026-03-29,0x744de7468703e5464b9cb2a0c94991daa1e2d258b3c74dd30c42d22891d98a68,or_below,,23,25.1,19.04,21.5,13.96,above_obs,-2.1,2.1,0.001,0.998,47624,74017,0,269,11,5,2,8,0,,,,,
1774789340,2026-03-29T13:02:20.000Z,Buenos Aires,2026-03-29,0x7877c69a506f011dcc29214cfa88aa606122b26b0dccef844dba0d9df5b5fa39,exact,31,31,25.1,19.04,21.5,13.96,below_obs,5.9,5.9,0.015,0.9850745624985814,740,52,12,481,11,9,4,6,0,,,,,
1774789340,2026-03-29T13:02:20.000Z,Buenos Aires,2026-03-29,0x8e0d74d6082acdf5b89375678d89882454bcddd4f64d502cdd2e85e6722eb9a7,exact,25,25,25.1,19.04,21.5,13.96,above_obs,-0.1,0.1,0.03016,0.981,470,746,18,370,11,1,7,5,0,,,,,
1774789340,2026-03-29T13:02:20.000Z,Buenos Aires,2026-03-29,0xa8ec14da2014e74e063ff443320f93927fd288c51e96cef14fb4be537b265413,exact,24,24,25.1,19.04,21.5,13.96,above_obs,-1.1,1.1,0.016981115639016917,0.992,586,746,22,75,11,3,5,7,1,YES,0.02638021383411218,2.3750106514851197,3.837059348514881,closed
1774789340,2026-03-29T13:02:20.000Z,Buenos Aires,2026-03-29,0xbff0d8ea44b6a7d7bd6c1400cc98617507d9466f620711b775fc4bbf447faf0a,exact,32,32,25.1,19.04,21.5,13.96,below_obs,6.9,6.9,0.001,0.999,740,746,7,471,11,10,3,10,0,,,,,
1774789340,2026-03-29T13:02:20.000Z,Buenos Aires,2026-03-29,0xcaba610eb68d44c5b1e50b995ef15838a37ef001bae3cd4f818d71b4c1f7c434,exact,27,27,25.1,19.04,21.5,13.96,below_obs,1.9,1.9,,,,,0,0,11,4,,,0,,,,,
1774789340,2026-03-29T13:02:20.000Z,Buenos Aires,2026-03-29,0xe0ddb1ca14cb325d7ea12d3f39ac728641ac9571fba180bd6d44384f1a5a6e3b,exact,26,26,25.1,19.04,21.5,13.96,below_obs,0.9,0.9,0.247,0.826,36,128,20,491,11,2,9,3,0,,,,,
1774814830,2026-03-29T20:07:10.000Z,Buenos Aires,2026-03-29,0x058c895925e443810c574e16002c32db33eb290e72a78390be1c4cbd874dcb88,exact,29,29,26.2,3.12,25.8,6.88,below_obs,2.8,2.8,0.002,0.98,106,950,17,822,11,6,3,4,0,,,,,
1774814830,2026-03-29T20:07:10.000Z,Buenos Aires,2026-03-29,0x15d000dca97e2c5a56d67f5a58f17ad15613cfd7a5bdc81a09316a3b5694ef2b,exact,28,28,26.2,3.12,25.8,6.88,below_obs,1.8,1.8,0.019,0.98,106,396,26,738,11,4,8,5,0,,,,,
1774814830,2026-03-29T20:07:10.000Z,Buenos Aires,2026-03-29,0x31e86e29348b9fd4fe503d40287a1b226734c321c223042dd7405b35ede32a06,exact,33,33,26.2,3.12,25.8,6.88,below_obs,6.8,6.8,0.004,0.9989999967903608,110,100,30,562,11,11,4,10,0,,,,,
1774814830,2026-03-29T20:07:10.000Z,Buenos Aires,2026-03-29,0x58b6b7fb9a061c795fd2cf5135c9e5490fbd5e0b4061fbf7714bafd3bdeba9ff,exact,30,30,26.2,3.12,25.8,6.88,below_obs,3.8,3.8,0.01,0.998,106,262,25,811,11,8,7,6,0,,,,,
1774814830,2026-03-29T20:07:10.000Z,Buenos Aires,2026-03-29,0x744de7468703e5464b9cb2a0c94991daa1e2d258b3c74dd30c42d22891d98a68,or_below,,23,26.2,3.12,25.8,6.88,above_obs,-3.2,3.2,0.001,0.998,73114,99507,0,269,11,7,1,7,0,,,,,
1774814830,2026-03-29T20:07:10.000Z,Buenos Aires,2026-03-29,0x7877c69a506f011dcc29214cfa88aa606122b26b0dccef844dba0d9df5b5fa39,exact,31,31,26.2,3.12,25.8,6.88,below_obs,4.8,4.8,0.00416,0.9989999965897577,110,904,26,631,11,9,6,8,0,,,,,
1774814830,2026-03-29T20:07:10.000Z,Buenos Aires,2026-03-29,0x8e0d74d6082acdf5b89375678d89882454bcddd4f64d502cdd2e85e6722eb9a7,exact,25,25,26.2,3.12,25.8,6.88,above_obs,-1.2,1.2,0.001,0.999,3534,1240,5,826,11,3,2,11,0,,,,,
1774814830,2026-03-29T20:07:10.000Z,Buenos Aires,2026-03-29,0xa8ec14da2014e74e063ff443320f93927fd288c51e96cef14fb4be537b265413,exact,24,24,26.2,3.12,25.8,6.88,above_obs,-2.2,2.2,0.045,0.955,8512,8500,0,417,11,5,9,3,0,,,,,
1774814830,2026-03-29T20:07:10.000Z,Buenos Aires,2026-03-29,0xbff0d8ea44b6a7d7bd6c1400cc98617507d9466f620711b775fc4bbf447faf0a,exact,32,32,26.2,3.12,25.8,6.88,below_obs,5.8,5.8,0.004,0.9989999965897577,106,104,27,604,11,10,5,9,0,,,,,
1774814830,2026-03-29T20:07:10.000Z,Buenos Aires,2026-03-29,0xcaba610eb68d44c5b1e50b995ef15838a37ef001bae3cd4f818d71b4c1f7c434,exact,27,27,26.2,3.12,25.8,6.88,below_obs,0.8,0.8,0.29,0.8652375,56,112,25,98,11,2,10,2,1,YES,0.43591095,87.18219,104.81781,closed
1774814830,2026-03-29T20:07:10.000Z,Buenos Aires,2026-03-29,0xe0ddb1ca14cb325d7ea12d3f39ac728641ac9571fba180bd6d44384f1a5a6e3b,exact,26,26,26.2,3.12,25.8,6.88,above_obs,-0.2,0.2,0.8199999835999839,0.231,60,382,46,746,11,1,11,1,0,,,,,
1774893395,2026-03-30T17:56:35.000Z,Mexico City,2026-03-30,0x044dba4689b457da9acda02da4e507af1985c40eed9aeb981f22cf079f332fb1,exact,21,21,22.5,20.94,19,12.06,above_obs,-1.5,1.5,0.4499997974998886,0.69,640,990,3,16,11,3,10,1,0,,,,,
1774893395,2026-03-30T17:56:35.000Z,Mexico City,2026-03-30,0x0c2befbea6fe94f1ea2d0ad4fdca2f75f21e0ccfe36e2a008783ff79cd8887a0,exact,17,17,22.5,20.94,19,12.06,above_obs,-5.5,5.5,0.018,0.999,17777,6636,0,70,11,10,5,9,0,,,,,
1774893395,2026-03-30T17:56:35.000Z,Mexico City,2026-03-30,0x0d02558cfe83b8d84e619d814a2b7c972ea524e83963108129bc21baa36957bb,exact,23,23,22.5,20.94,19,12.06,below_obs,0.5,0.5,0.01,0.95,18191,1148,2,24,11,1,4,3,0,,,,,
1774893395,2026-03-30T17:56:35.000Z,Mexico City,2026-03-30,0x18561011d82e13e8712482b53dbf822af820e9a4d838f2dc48aef6d5da7d072c,or_below,,16,22.5,20.94,19,12.06,above_obs,-6.5,6.5,0.0196078431372549,0.999,10180,9454,0,106,11,11,6,10,0,,,,,
1774893395,2026-03-30T17:56:35.000Z,Mexico City,2026-03-30,0x4c3eb60b2eeec7c859b3a5d5917d0bbd85346890e7c54a491081258215d47b12,exact,24,24,22.5,20.94,19,12.06,below_obs,1.5,1.5,0.002,0.98,18191,1184,1,25,11,4,1,6,0,,,,,
1774893395,2026-03-30T17:56:35.000Z,Mexico City,2026-03-30,0x4c8bf60efe0f0dd3be8558d8df1d97dc149d592d5399fff5c43d0d832eb3129f,exact,18,18,22.5,20.94,19,12.06,above_obs,-4.5,4.5,0.16,0.999,17759,3392,49,77,11,9,8,11,0,,,,,
1774893395,2026-03-30T17:56:35.000Z,Mexico City,2026-03-30,0x5c72f371430ce9b9c0ea83438a874902eb44aa3854aa8569b9aea757b879dde8,exact,19,19,22.5,20.94,19,12.06,above_obs,-3.5,3.5,0.49,0.9699999980599977,488,2046,2,7,11,7,11,4,1,NO,0.9666375790569209,241.0697458410055,8.070864158994482,closed
1774893395,2026-03-30T17:56:35.000Z,Mexico City,2026-03-30,0x69b50461e1f65375c9ba35607c0384a2a40ecdaa256f11909809ff3053d5f98f,exact,25,25,22.5,20.94,19,12.06,below_obs,2.5,2.5,0.002,0.99,18191,6682,0,16,11,5,2,7,0,,,,,
1774893395,2026-03-30T17:56:35.000Z,Mexico City,2026-03-30,0x6e815727ffdd4da726b80022384e4d04f96e562e794da58a6c89fd65812edc3d,exact,20,20,22.5,20.94,19,12.06,above_obs,-2.5,2.5,0.32,0.79,664,504,2,19,11,6,9,2,0,,,,,
1774893395,2026-03-30T17:56:35.000Z,Mexico City,2026-03-30,0x7432e24dcd81288aead154ffab101f61400c6301c7be71f4833af86c28590810,exact,22,22,22.5,20.94,19,12.06,above_obs,-0.5,0.5,0.04581744749596123,0.975,14538,1944,1,28,11,2,7,5,0,,,,,
1774893395,2026-03-30T17:56:35.000Z,Mexico City,2026-03-30,0xf7c1853079f5239dbf06fa697bc91bc6e312459c015de50bf683fbc61adac760,exact,26,26,22.5,20.94,19,12.06,below_obs,3.5,3.5,0.009,0.995,17777,1102,1,17,11,8,3,8,0,,,,,
1774889331,2026-03-30T16:48:51.000Z,Mexico City,2026-03-30,0x044dba4689b457da9acda02da4e507af1985c40eed9aeb981f22cf079f332fb1,exact,21,21,22.5,19.81,16.7,13.19,above_obs,-1.5,1.5,0.46950046590892713,0.9699999951499467,3548,13715,1,13,11,3,10,4,0,,,,,
1774889331,2026-03-30T16:48:51.000Z,Mexico City,2026-03-30,0x0c2befbea6fe94f1ea2d0ad4fdca2f75f21e0ccfe36e2a008783ff79cd8887a0,exact,17,17,22.5,19.81,16.7,13.19,above_obs,-5.5,5.5,0.018,0.999,13713,2572,1,70,11,10,5,10,0,,,,,
1774889331,2026-03-30T16:48:51.000Z,Mexico City,2026-03-30,0x0d02558cfe83b8d84e619d814a2b7c972ea524e83963108129bc21baa36957bb,exact,23,23,22.5,19.81,16.7,13.19,below_obs,0.5,0.5,0.01,0.901,14127,2592,1,22,11,1,4,1,0,,,,,
1774889331,2026-03-30T16:48:51.000Z,Mexico City,2026-03-30,0x18561011d82e13e8712482b53dbf822af820e9a4d838f2dc48aef6d5da7d072c,or_below,,16,22.5,19.81,16.7,13.19,above_obs,-6.5,6.5,0.0196078431372549,0.999,6116,5390,0,106,11,11,6,11,0,,,,,
1774889331,2026-03-30T16:48:51.000Z,Mexico City,2026-03-30,0x4c3eb60b2eeec7c859b3a5d5917d0bbd85346890e7c54a491081258215d47b12,exact,24,24,22.5,19.81,16.7,13.19,below_obs,1.5,1.5,0.002,0.997,14127,12507,0,24,11,4,1,8,0,,,,,
1774889331,2026-03-30T16:48:51.000Z,Mexico City,2026-03-30,0x4c8bf60efe0f0dd3be8558d8df1d97dc149d592d5399fff5c43d0d832eb3129f,exact,18,18,22.5,19.81,16.7,13.19,above_obs,-4.5,4.5,0.16,0.99,13695,950,2,27,11,9,8,6,1,NO,0.99,559.8252,,open
1774889331,2026-03-30T16:48:51.000Z,Mexico City,2026-03-30,0x5c72f371430ce9b9c0ea83438a874902eb44aa3854aa8569b9aea757b879dde8,exact,19,19,22.5,19.81,16.7,13.19,above_obs,-3.5,3.5,0.5,0.91,5884,1024,2,5,11,7,11,2,0,,,,,
1774889331,2026-03-30T16:48:51.000Z,Mexico City,2026-03-30,0x69b50461e1f65375c9ba35607c0384a2a40ecdaa256f11909809ff3053d5f98f,exact,25,25,22.5,19.81,16.7,13.19,below_obs,2.5,2.5,0.002,0.99,14127,2618,5,16,11,5,2,7,0,,,,,
1774889331,2026-03-30T16:48:51.000Z,Mexico City,2026-03-30,0x6e815727ffdd4da726b80022384e4d04f96e562e794da58a6c89fd65812edc3d,exact,20,20,22.5,19.81,16.7,13.19,above_obs,-2.5,2.5,0.349999929999979,0.92,4310,3848,0,17,11,6,9,3,0,,,,,
1774889331,2026-03-30T16:48:51.000Z,Mexico City,2026-03-30,0x7432e24dcd81288aead154ffab101f61400c6301c7be71f4833af86c28590810,exact,22,22,22.5,19.81,16.7,13.19,above_obs,-0.5,0.5,0.04581744749596123,0.9796865001067859,10474,6570,0,27,11,2,7,5,0,,,,,
1774889331,2026-03-30T16:48:51.000Z,Mexico City,2026-03-30,0xf7c1853079f5239dbf06fa697bc91bc6e312459c015de50bf683fbc61adac760,exact,26,26,22.5,19.81,16.7,13.19,below_obs,3.5,3.5,0.009,0.998,13713,18289,0,16,11,8,3,9,0,,,,,
1774897429,2026-03-30T19:03:49.000Z,Buenos Aires,2026-03-30,0x0a4be364936c03f7322132a5de384fd0e20caf2c9247872dd347d73779454c81,exact,34,34,27.1,0.06,27.1,7.94,below_obs,6.9,6.9,0.001,0.997,56,4182,7,117,11,9,1,4,0,,,,,
1774897429,2026-03-30T19:03:49.000Z,Buenos Aires,2026-03-30,0x1b4294b95dc2be9f9a9b560620b44b1b6a13c076508cf6622882fc7fe2e682a8,exact,30,30,27.1,0.06,27.1,7.94,below_obs,2.9,2.9,0.24,0.57,224,62,26,71,11,5,10,2,1,YES,0.49221468170521887,6.708886111642133,6.239613888357868,closed
1774897429,2026-03-30T19:03:49.000Z,Buenos Aires,2026-03-30,0x353eb6fc683812aaada244f3d20edfbed7bf5093eed505b56782a5e43d7a7ee5,or_below,,26,27.1,0.06,27.1,7.94,above_obs,-1.1,1.1,0.001,0.999,6460,710,1,289,11,3,2,9,0,,,,,
1774897429,2026-03-30T19:03:49.000Z,Buenos Aires,2026-03-30,0x5844afc5970e3f3dab58e0f0853164afb0ec55082f5335bb7efdd083e7a0bd02,exact,29,29,27.1,0.06,27.1,7.94,below_obs,1.9,1.9,0.68,0.37,48,62,49,299,11,4,11,1,0,,,,,
1774897429,2026-03-30T19:03:49.000Z,Buenos Aires,2026-03-30,0xa6ee8b8da192256c8fba5da6a2a2fae2b4bece9608cbe08a1533549e9bd7160e,exact,28,28,27.1,0.06,27.1,7.94,below_obs,0.9,0.9,0.001,0.999,3560,228,16,372,11,2,3,10,0,,,,,
1774897429,2026-03-30T19:03:49.000Z,Buenos Aires,2026-03-30,0xb7fc572c3fa0da3f14724f31393d6d4ad2b51e24ca9159f47bb59c7bb312a166,exact,27,27,27.1,0.06,27.1,7.94,above_obs,-0.1,0.1,0.0017640897755610973,0.999,8614,596,1,258,11,1,5,11,0,,,,,
1774897429,2026-03-30T19:03:49.000Z,Buenos Aires,2026-03-30,0xc780da1ceb0948971cba73eca6994250b63a69f900091aa5be28742780fa9c43,exact,32,32,27.1,0.06,27.1,7.94,below_obs,4.9,4.9,0.004,0.997,1518,762,11,172,11,7,8,5,0,,,,,
1774897429,2026-03-30T19:03:49.000Z,Buenos Aires,2026-03-30,0xc96c000633e613452402ce3929def00471f0c1b02f6043fb611632748e8f73be,exact,35,35,27.1,0.06,27.1,7.94,below_obs,7.9,7.9,0.002,0.998,2746,1900,6,108,11,10,6,6,0,,,,,
1774897429,2026-03-30T19:03:49.000Z,Buenos Aires,2026-03-30,0xcc49b6dba5885c28d5290d6ae4c26931092fab139892c9d4ca91d7724852961a,exact,36,36,27.1,0.06,27.1,7.94,below_obs,8.9,8.9,0.001,0.998,56,11348,8,90,11,11,4,7,0,,,,,
1774897429,2026-03-30T19:03:49.000Z,Buenos Aires,2026-03-30,0xddcec31ecf0408fc84a3a0b40aebb8ddc2b5c9d8f85407e30198b7734fb6b95f,exact,33,33,27.1,0.06,27.1,7.94,below_obs,5.9,5.9,0.002,0.998,56,1824,9,134,11,8,7,8,0,,,,,
1774897429,2026-03-30T19:03:49.000Z,Buenos Aires,2026-03-30,0xf0371d6df1e7b48f0ded0403c144d13da5358f7aceff5b44b03d125b00b86fcf,exact,31,31,27.1,0.06,27.1,7.94,below_obs,3.9,3.9,0.06,0.9399999623995127,56,54,31,330,11,6,9,3,0,,,,,
1774897433,2026-03-30T19:03:53.000Z,Buenos Aires,2026-03-30,0x0a4be364936c03f7322132a5de384fd0e20caf2c9247872dd347d73779454c81,exact,34,34,27.1,0.06,27.1,7.93,below_obs,6.9,6.9,0.004,0.997,2,4186,8,118,11,9,5,4,0,,,,,
1774897433,2026-03-30T19:03:53.000Z,Buenos Aires,2026-03-30,0x1b4294b95dc2be9f9a9b560620b44b1b6a13c076508cf6622882fc7fe2e682a8,exact,30,30,27.1,0.06,27.1,7.93,below_obs,2.9,2.9,0.54,0.46,2,2,30,75,11,5,11,1,1,YES,0.54,0.5951896200000001,0.50480838,closed
1774897433,2026-03-30T19:03:53.000Z,Buenos Aires,2026-03-30,0x353eb6fc683812aaada244f3d20edfbed7bf5093eed505b56782a5e43d7a7ee5,or_below,,26,27.1,0.06,27.1,7.93,above_obs,-1.1,1.1,0.001,0.999,6464,714,1,289,11,3,1,9,0,,,,,
1774897433,2026-03-30T19:03:53.000Z,Buenos Aires,2026-03-30,0x5844afc5970e3f3dab58e0f0853164afb0ec55082f5335bb7efdd083e7a0bd02,exact,29,29,27.1,0.06,27.1,7.93,below_obs,1.9,1.9,0.01,0.9667091838835319,2,4,52,302,11,4,9,3,0,,,,,
1774897433,2026-03-30T19:03:53.000Z,Buenos Aires,2026-03-30,0xa6ee8b8da192256c8fba5da6a2a2fae2b4bece9608cbe08a1533549e9bd7160e,exact,28,28,27.1,0.06,27.1,7.93,below_obs,0.9,0.9,0.001,0.999,3564,232,16,372,11,2,2,10,0,,,,,
1774897433,2026-03-30T19:03:53.000Z,Buenos Aires,2026-03-30,0xb7fc572c3fa0da3f14724f31393d6d4ad2b51e24ca9159f47bb59c7bb312a166,exact,27,27,27.1,0.06,27.1,7.93,above_obs,-0.1,0.1,0.0017640897755610973,0.999,8618,600,1,258,11,1,4,11,0,,,,,
1774897433,2026-03-30T19:03:53.000Z,Buenos Aires,2026-03-30,0xc780da1ceb0948971cba73eca6994250b63a69f900091aa5be28742780fa9c43,exact,32,32,27.1,0.06,27.1,7.93,below_obs,4.9,4.9,0.008,0.997,2,766,12,173,11,7,7,5,0,,,,,
1774897433,2026-03-30T19:03:53.000Z,Buenos Aires,2026-03-30,0xc96c000633e613452402ce3929def00471f0c1b02f6043fb611632748e8f73be,exact,35,35,27.1,0.06,27.1,7.93,below_obs,7.9,7.9,0.004,0.998,2,1904,7,109,11,10,6,6,0,,,,,
1774897433,2026-03-30T19:03:53.000Z,Buenos Aires,2026-03-30,0xcc49b6dba5885c28d5290d6ae4c26931092fab139892c9d4ca91d7724852961a,exact,36,36,27.1,0.06,27.1,7.93,below_obs,8.9,8.9,0.001,0.998,60,11352,8,90,11,11,3,7,0,,,,,
1774897433,2026-03-30T19:03:53.000Z,Buenos Aires,2026-03-30,0xddcec31ecf0408fc84a3a0b40aebb8ddc2b5c9d8f85407e30198b7734fb6b95f,exact,33,33,27.1,0.06,27.1,7.93,below_obs,5.9,5.9,0.009,0.998,2,1828,10,135,11,8,8,8,0,,,,,
1774897433,2026-03-30T19:03:53.000Z,Buenos Aires,2026-03-30,0xf0371d6df1e7b48f0ded0403c144d13da5358f7aceff5b44b03d125b00b86fcf,exact,31,31,27.1,0.06,27.1,7.93,below_obs,3.9,3.9,0.09035212643678162,0.9399999623995127,2,58,32,331,11,6,10,2,0,,,,,
1774893711,2026-03-30T18:01:51.000Z,Buenos Aires,2026-03-30,0x0a4be364936c03f7322132a5de384fd0e20caf2c9247872dd347d73779454c81,exact,34,34,27,0.03,27,8.97,below_obs,7,7,0.003103,0.997,766,464,13,110,11,9,5,6,0,,,,,
1774893711,2026-03-30T18:01:51.000Z,Buenos Aires,2026-03-30,0x1b4294b95dc2be9f9a9b560620b44b1b6a13c076508cf6622882fc7fe2e682a8,exact,30,30,27,0.03,27,8.97,below_obs,3,3,0.29,0.74,108,306,29,43,11,5,10,2,0,,,,,
1774893711,2026-03-30T18:01:51.000Z,Buenos Aires,2026-03-30,0x353eb6fc683812aaada244f3d20edfbed7bf5093eed505b56782a5e43d7a7ee5,or_below,,26,27,0.03,27,8.97,above_obs,-1,1,0.001,0.999,2742,4682,1,288,11,2,1,9,0,,,,,
1774893711,2026-03-30T18:01:51.000Z,Buenos Aires,2026-03-30,0x5844afc5970e3f3dab58e0f0853164afb0ec55082f5335bb7efdd083e7a0bd02,exact,29,29,27,0.03,27,8.97,below_obs,2,2,0.609999991957403,0.4160078856579596,364,30,32,250,11,4,11,1,0,,,,,
1774893711,2026-03-30T18:01:51.000Z,Buenos Aires,2026-03-30,0xa6ee8b8da192256c8fba5da6a2a2fae2b4bece9608cbe08a1533549e9bd7160e,exact,28,28,27,0.03,27,8.97,below_obs,1,1,0.05,0.9688694204392294,116,60,49,351,11,3,9,4,1,NO,0.982520987977488,525.4816999999999,,open
1774893711,2026-03-30T18:01:51.000Z,Buenos Aires,2026-03-30,0xb7fc572c3fa0da3f14724f31393d6d4ad2b51e24ca9159f47bb59c7bb312a166,exact,27,27,27,0.03,27,8.97,contains,0,0,0.0017640897755610973,0.999,4896,2872,5,257,11,1,3,10,0,,,,,
1774893711,2026-03-30T18:01:51.000Z,Buenos Aires,2026-03-30,0xc780da1ceb0948971cba73eca6994250b63a69f900091aa5be28742780fa9c43,exact,32,32,27,0.03,27,8.97,below_obs,5,5,0.0126,0.989,766,324,17,160,11,7,7,5,0,,,,,
1774893711,2026-03-30T18:01:51.000Z,Buenos Aires,2026-03-30,0xc96c000633e613452402ce3929def00471f0c1b02f6043fb611632748e8f73be,exact,35,35,27,0.03,27,8.97,below_obs,8,8,0.002,0.999,766,1648,10,102,11,10,4,11,0,,,,,
1774893711,2026-03-30T18:01:51.000Z,Buenos Aires,2026-03-30,0xcc49b6dba5885c28d5290d6ae4c26931092fab139892c9d4ca91d7724852961a,exact,36,36,27,0.03,27,8.97,below_obs,9,9,0.001,0.998,766,7630,4,82,11,11,2,8,0,,,,,
1774893711,2026-03-30T18:01:51.000Z,Buenos Aires,2026-03-30,0xddcec31ecf0408fc84a3a0b40aebb8ddc2b5c9d8f85407e30198b7734fb6b95f,exact,33,33,27,0.03,27,8.97,below_obs,6,6,0.01,0.997,766,744,14,125,11,8,6,7,0,,,,,
1774893711,2026-03-30T18:01:51.000Z,Buenos Aires,2026-03-30,0xf0371d6df1e7b48f0ded0403c144d13da5358f7aceff5b44b03d125b00b86fcf,exact,31,31,27,0.03,27,8.97,below_obs,4,4,0.044,0.955,52,22,31,298,11,6,8,3,0,,,,,
1774897439,2026-03-30T19:03:59.000Z,Buenos Aires,2026-03-30,0x0a4be364936c03f7322132a5de384fd0e20caf2c9247872dd347d73779454c81,exact,34,34,27.1,0.07,27.1,7.93,below_obs,6.9,6.9,0.004,0.997,4,4192,9,119,11,9,5,5,0,,,,,
1774897439,2026-03-30T19:03:59.000Z,Buenos Aires,2026-03-30,0x1b4294b95dc2be9f9a9b560620b44b1b6a13c076508cf6622882fc7fe2e682a8,exact,30,30,27.1,0.07,27.1,7.93,below_obs,2.9,2.9,0.86,0.46,4,2,37,82,11,5,11,1,1,YES,0.54,0.015974820000003193,,open
1774897439,2026-03-30T19:03:59.000Z,Buenos Aires,2026-03-30,0x353eb6fc683812aaada244f3d20edfbed7bf5093eed505b56782a5e43d7a7ee5,or_below,,26,27.1,0.07,27.1,7.93,above_obs,-1.1,1.1,0.001,0.999,6470,720,1,289,11,3,1,9,0,,,,,
1774897439,2026-03-30T19:03:59.000Z,Buenos Aires,2026-03-30,0x5844afc5970e3f3dab58e0f0853164afb0ec55082f5335bb7efdd083e7a0bd02,exact,29,29,27.1,0.07,27.1,7.93,below_obs,1.9,1.9,0.01,0.9667091838835319,4,10,55,305,11,4,8,3,0,,,,,
1774897439,2026-03-30T19:03:59.000Z,Buenos Aires,2026-03-30,0xa6ee8b8da192256c8fba5da6a2a2fae2b4bece9608cbe08a1533549e9bd7160e,exact,28,28,27.1,0.07,27.1,7.93,below_obs,0.9,0.9,0.001,0.999,3570,238,16,372,11,2,2,10,0,,,,,
1774897439,2026-03-30T19:03:59.000Z,Buenos Aires,2026-03-30,0xb7fc572c3fa0da3f14724f31393d6d4ad2b51e24ca9159f47bb59c7bb312a166,exact,27,27,27.1,0.07,27.1,7.93,above_obs,-0.1,0.1,0.0017640897755610973,0.999,8624,606,1,258,11,1,3,11,0,,,,,
1774897439,2026-03-30T19:03:59.000Z,Buenos Aires,2026-03-30,0xc780da1ceb0948971cba73eca6994250b63a69f900091aa5be28742780fa9c43,exact,32,32,27.1,0.07,27.1,7.93,below_obs,4.9,4.9,0.020691764705882354,0.99,4,4,14,175,11,7,9,4,0,,,,,
1774897439,2026-03-30T19:03:59.000Z,Buenos Aires,2026-03-30,0xc96c000633e613452402ce3929def00471f0c1b02f6043fb611632748e8f73be,exact,35,35,27.1,0.07,27.1,7.93,below_obs,7.9,7.9,0.004,0.998,4,1910,8,110,11,10,6,6,0,,,,,
1774897439,2026-03-30T19:03:59.000Z,Buenos Aires,2026-03-30,0xcc49b6dba5885c28d5290d6ae4c26931092fab139892c9d4ca91d7724852961a,exact,36,36,27.1,0.07,27.1,7.93,below_obs,8.9,8.9,0.002,0.998,4,11358,9,91,11,11,4,7,0,,,,,
1774897439,2026-03-30T19:03:59.000Z,Buenos Aires,2026-03-30,0xddcec31ecf0408fc84a3a0b40aebb8ddc2b5c9d8f85407e30198b7734fb6b95f,exact,33,33,27.1,0.07,27.1,7.93,below_obs,5.9,5.9,0.009588235294117647,0.998,4,1834,11,136,11,8,7,8,0,,,,,
1774897439,2026-03-30T19:03:59.000Z,Buenos Aires,2026-03-30,0xf0371d6df1e7b48f0ded0403c144d13da5358f7aceff5b44b03d125b00b86fcf,exact,31,31,27.1,0.07,27.1,7.93,below_obs,3.9,3.9,0.09035212643678162,0.9399999623995127,8,64,31,331,11,6,10,2,0,,,,,
1774897431,2026-03-30T19:03:51.000Z,Buenos Aires,2026-03-30,0x0a4be364936c03f7322132a5de384fd0e20caf2c9247872dd347d73779454c81,exact,34,34,27.1,0.06,27.1,7.94,below_obs,6.9,6.9,0.001,0.997,58,4184,7,117,11,9,1,4,0,,,,,
1774897431,2026-03-30T19:03:51.000Z,Buenos Aires,2026-03-30,0x1b4294b95dc2be9f9a9b560620b44b1b6a13c076508cf6622882fc7fe2e682a8,exact,30,30,27.1,0.06,27.1,7.94,below_obs,2.9,2.9,0.49221468170521887,0.57,2,64,27,72,11,5,10,1,0,,,,,
1774897431,2026-03-30T19:03:51.000Z,Buenos Aires,2026-03-30,0x353eb6fc683812aaada244f3d20edfbed7bf5093eed505b56782a5e43d7a7ee5,or_below,,26,27.1,0.06,27.1,7.94,above_obs,-1.1,1.1,0.001,0.999,6462,712,1,289,11,3,2,9,0,,,,,
1774897431,2026-03-30T19:03:51.000Z,Buenos Aires,2026-03-30,0x5844afc5970e3f3dab58e0f0853164afb0ec55082f5335bb7efdd083e7a0bd02,exact,29,29,27.1,0.06,27.1,7.94,below_obs,1.9,1.9,0.68,0.9667091838835319,50,2,51,301,11,4,11,3,1,NO,0.9900000000000001,1221.66,,open
1774897431,2026-03-30T19:03:51.000Z,Buenos Aires,2026-03-30,0xa6ee8b8da192256c8fba5da6a2a2fae2b4bece9608cbe08a1533549e9bd7160e,exact,28,28,27.1,0.06,27.1,7.94,below_obs,0.9,0.9,0.001,0.999,3562,230,16,372,11,2,3,10,0,,,,,
1774897431,2026-03-30T19:03:51.000Z,Buenos Aires,2026-03-30,0xb7fc572c3fa0da3f14724f31393d6d4ad2b51e24ca9159f47bb59c7bb312a166,exact,27,27,27.1,0.06,27.1,7.94,above_obs,-0.1,0.1,0.0017640897755610973,0.999,8616,598,1,258,11,1,5,11,0,,,,,
1774897431,2026-03-30T19:03:51.000Z,Buenos Aires,2026-03-30,0xc780da1ceb0948971cba73eca6994250b63a69f900091aa5be28742780fa9c43,exact,32,32,27.1,0.06,27.1,7.94,below_obs,4.9,4.9,0.004,0.997,1520,764,11,172,11,7,8,5,0,,,,,
1774897431,2026-03-30T19:03:51.000Z,Buenos Aires,2026-03-30,0xc96c000633e613452402ce3929def00471f0c1b02f6043fb611632748e8f73be,exact,35,35,27.1,0.06,27.1,7.94,below_obs,7.9,7.9,0.002,0.998,2748,1902,6,108,11,10,6,6,0,,,,,
1774897431,2026-03-30T19:03:51.000Z,Buenos Aires,2026-03-30,0xcc49b6dba5885c28d5290d6ae4c26931092fab139892c9d4ca91d7724852961a,exact,36,36,27.1,0.06,27.1,7.94,below_obs,8.9,8.9,0.001,0.998,58,11350,8,90,11,11,4,7,0,,,,,
1774897431,2026-03-30T19:03:51.000Z,Buenos Aires,2026-03-30,0xddcec31ecf0408fc84a3a0b40aebb8ddc2b5c9d8f85407e30198b7734fb6b95f,exact,33,33,27.1,0.06,27.1,7.94,below_obs,5.9,5.9,0.002,0.998,58,1826,9,134,11,8,7,8,0,,,,,
1774897431,2026-03-30T19:03:51.000Z,Buenos Aires,2026-03-30,0xf0371d6df1e7b48f0ded0403c144d13da5358f7aceff5b44b03d125b00b86fcf,exact,31,31,27.1,0.06,27.1,7.94,below_obs,3.9,3.9,0.06,0.9399999623995127,58,56,31,330,11,6,9,2,0,,,,,
1774992793,2026-03-31T21:33:13.000Z,Wellington,2026-04-01,0x0e61fbf2c7b48f611c9148bfff09f1f599a27fff7403d4308c22e2177d1d8d8b,exact,19,19,14.8,21.55,13.3,13.45,below_obs,4.2,4.2,0.011,0.9889999991098962,1202,954,10,344,11,9,7,5,0,,,,,
1774992793,2026-03-31T21:33:13.000Z,Wellington,2026-04-01,0x3bd60b7e96df9162e15ce2f7f47a0718a28864e1987cfa76dd1a53121e0d6408,or_below,,10,14.8,21.55,13.3,13.45,above_obs,-4.8,4.8,0.0036529680365296802,0.999,53622,53274,0,210,11,10,3,8,0,,,,,
1774992793,2026-03-31T21:33:13.000Z,Wellington,2026-04-01,0x474aca830389c8829bfff1c82fadab2c5fd7381f5900e4ac441375c63e981951,exact,16,16,14.8,21.55,13.3,13.45,below_obs,1.2,1.2,0.33489285714285716,0.643,1188,690,35,799,11,3,10,2,0,,,,,
1774992793,2026-03-31T21:33:13.000Z,Wellington,2026-04-01,0x4edaffd6adb86daab445b5bcdd83da665b2c1ef7246c86f85851f08a3049d55d,exact,11,11,14.8,21.55,13.3,13.45,above_obs,-3.8,3.8,0.001,0.999,49320,49150,0,199,11,8,1,9,0,,,,,
1774992793,2026-03-31T21:33:13.000Z,Wellington,2026-04-01,0x7762309ca350dcb56da754ed7a5804bb5d7c053400936403446bb555b5bd2570,exact,20,20,14.8,21.55,13.3,13.45,below_obs,5.2,5.2,0.007,0.993,1202,628,9,277,11,11,5,6,0,,,,,
1774992793,2026-03-31T21:33:13.000Z,Wellington,2026-04-01,0x82972ec6df3521736c2ae5acfdde46e12d6b71ccba16131d80c3e7d6594208d2,exact,15,15,14.8,21.55,13.3,13.45,below_obs,0.2,0.2,0.05228406188810649,0.9360971337579618,534,144,27,1018,11,1,8,4,0,,,,,
1774992793,2026-03-31T21:33:13.000Z,Wellington,2026-04-01,0x8299bff97b313128230cda2342843cd32a6e1aa4c031c4a6dd0bf2cb58d84d00,exact,13,13,14.8,21.55,13.3,13.45,above_obs,-1.8,1.8,0.001,0.999,3016,844,11,365,11,4,2,10,0,,,,,
1774992793,2026-03-31T21:33:13.000Z,Wellington,2026-04-01,0x9dfbebe6371b522e8baa4ffaf428b6e02d206c55969da25482b5787cde0efa46,exact,12,12,14.8,21.55,13.3,13.45,above_obs,-2.8,2.8,0.006000000060000001,0.999,49306,37434,0,505,11,6,4,11,0,,,,,
1774992793,2026-03-31T21:33:13.000Z,Wellington,2026-04-01,0xaab371cd3a7a71e7c83d1d98137619b57f343a31b18872023d5c7dea44f34681,exact,17,17,14.8,21.55,13.3,13.45,below_obs,2.2,2.2,0.35999987039991704,0.62,44,448,15,531,11,5,11,1,0,,,,,
1774992793,2026-03-31T21:33:13.000Z,Wellington,2026-04-01,0xc4210260520eb914274290b02164bac5970b95eeddbc6d804baf3d3c49f2b580,exact,18,18,14.8,21.55,13.3,13.45,below_obs,3.2,3.2,0.17,0.8399999243999879,732,734,15,457,11,7,9,3,0,,,,,
1774992793,2026-03-31T21:33:13.000Z,Wellington,2026-04-01,0xe4d84eff9c11853b3db11a713b1f1d9486fb0d1e9b8d6816b8049f0228b6cba6,exact,14,14,14.8,21.55,13.3,13.45,above_obs,-0.8,0.8,0.01,0.996,622,626,26,29,11,2,6,7,1,NO,0.997383074385904,1149.08504,1.862859999999955,closed
1774996393,2026-03-31T22:33:13.000Z,Wellington,2026-04-01,0x0e61fbf2c7b48f611c9148bfff09f1f599a27fff7403d4308c22e2177d1d8d8b,exact,19,19,14.8,22.55,14,12.45,below_obs,4.2,4.2,0.051,0.95,964,982,24,368,11,9,8,4,0,,,,,
1774996393,2026-03-31T22:33:13.000Z,Wellington,2026-04-01,0x3bd60b7e96df9162e15ce2f7f47a0718a28864e1987cfa76dd1a53121e0d6408,or_below,,10,14.8,22.55,14,12.45,above_obs,-4.8,4.8,0.0036529680365296802,0.999,57222,56874,0,210,11,10,4,7,0,,,,,
1774996393,2026-03-31T22:33:13.000Z,Wellington,2026-04-01,0x474aca830389c8829bfff1c82fadab2c5fd7381f5900e4ac441375c63e981951,exact,16,16,14.8,22.55,14,12.45,below_obs,1.2,1.2,0.392,0.608,160,296,20,819,11,3,11,1,0,,,,,
1774996393,2026-03-31T22:33:13.000Z,Wellington,2026-04-01,0x4edaffd6adb86daab445b5bcdd83da665b2c1ef7246c86f85851f08a3049d55d,exact,11,11,14.8,22.55,14,12.45,above_obs,-3.8,3.8,0.001,0.999,52920,52750,0,199,11,8,1,8,0,,,,,
1774996393,2026-03-31T22:33:13.000Z,Wellington,2026-04-01,0x7762309ca350dcb56da754ed7a5804bb5d7c053400936403446bb555b5bd2570,exact,20,20,14.8,22.55,14,12.45,below_obs,5.2,5.2,0.01,0.99,930,92,10,287,11,11,6,6,0,,,,,
1774996393,2026-03-31T22:33:13.000Z,Wellington,2026-04-01,0x82972ec6df3521736c2ae5acfdde46e12d6b71ccba16131d80c3e7d6594208d2,exact,15,15,14.8,22.55,14,12.45,below_obs,0.2,0.2,0.02,0.988,446,8,66,1084,11,1,7,5,1,NO,0.9958588787141393,622.05329,,open
1774996393,2026-03-31T22:33:13.000Z,Wellington,2026-04-01,0x8299bff97b313128230cda2342843cd32a6e1aa4c031c4a6dd0bf2cb58d84d00,exact,13,13,14.8,22.55,14,12.45,above_obs,-1.8,1.8,0.001,0.999,6616,4444,0,365,11,4,2,9,0,,,,,
1774996393,2026-03-31T22:33:13.000Z,Wellington,2026-04-01,0x9dfbebe6371b522e8baa4ffaf428b6e02d206c55969da25482b5787cde0efa46,exact,12,12,14.8,22.55,14,12.45,above_obs,-2.8,2.8,0.006000000060000001,0.999,52906,41034,0,505,11,6,5,10,0,,,,,
1774996393,2026-03-31T22:33:13.000Z,Wellington,2026-04-01,0xaab371cd3a7a71e7c83d1d98137619b57f343a31b18872023d5c7dea44f34681,exact,17,17,14.8,22.55,14,12.45,below_obs,2.2,2.2,0.3799999011999269,0.6137174721189591,438,460,25,556,11,5,10,2,0,,,,,
1774996393,2026-03-31T22:33:13.000Z,Wellington,2026-04-01,0xc4210260520eb914274290b02164bac5970b95eeddbc6d804baf3d3c49f2b580,exact,18,18,14.8,22.55,14,12.45,below_obs,3.2,3.2,0.2,0.8157039564148654,806,276,15,472,11,7,9,3,0,,,,,
1774996393,2026-03-31T22:33:13.000Z,Wellington,2026-04-01,0xe4d84eff9c11853b3db11a713b1f1d9486fb0d1e9b8d6816b8049f0228b6cba6,exact,14,14,14.8,22.55,14,12.45,above_obs,-0.8,0.8,0.001,0.999,2922,2526,15,44,11,2,3,11,0,,,,,
1775001793,2026-04-01T00:03:13.000Z,Wellington,2026-04-01,0x0e61fbf2c7b48f611c9148bfff09f1f599a27fff7403d4308c22e2177d1d8d8b,exact,19,19,15.3,0.05,15.3,10.95,below_obs,3.7,3.7,0.029,0.9709999980579922,22,484,59,436,11,8,8,4,0,,,,,
1775001793,2026-04-01T00:03:13.000Z,Wellington,2026-04-01,0x3bd60b7e96df9162e15ce2f7f47a0718a28864e1987cfa76dd1a53121e0d6408,or_below,,10,15.3,0.05,15.3,10.95,above_obs,-5.3,5.3,0.0036529680365296802,0.999,62622,62274,0,210,11,11,5,6,0,,,,,
1775001793,2026-04-01T00:03:13.000Z,Wellington,2026-04-01,0x474aca830389c8829bfff1c82fadab2c5fd7381f5900e4ac441375c63e981951,exact,16,16,15.3,0.05,15.3,10.95,below_obs,0.7,0.7,0.3,0.8752869507690612,10,10,90,933,11,2,10,3,1,NO,0.99424113452188,1226.5402862400817,,open
1775001793,2026-04-01T00:03:13.000Z,Wellington,2026-04-01,0x4edaffd6adb86daab445b5bcdd83da665b2c1ef7246c86f85851f08a3049d55d,exact,11,11,15.3,0.05,15.3,10.95,above_obs,-4.3,4.3,0.001,0.999,58320,58150,0,199,11,9,1,7,0,,,,,
1775001793,2026-04-01T00:03:13.000Z,Wellington,2026-04-01,0x7762309ca350dcb56da754ed7a5804bb5d7c053400936403446bb555b5bd2570,exact,20,20,15.3,0.05,15.3,10.95,below_obs,4.7,4.7,0.007,0.993,22,56,48,337,11,10,7,5,0,,,,,
1775001793,2026-04-01T00:03:13.000Z,Wellington,2026-04-01,0x82972ec6df3521736c2ae5acfdde46e12d6b71ccba16131d80c3e7d6594208d2,exact,15,15,15.3,0.05,15.3,10.95,above_obs,-0.3,0.3,0.001,0.999,5040,76,9,1105,11,1,2,8,0,,,,,
1775001793,2026-04-01T00:03:13.000Z,Wellington,2026-04-01,0x8299bff97b313128230cda2342843cd32a6e1aa4c031c4a6dd0bf2cb58d84d00,exact,13,13,15.3,0.05,15.3,10.95,above_obs,-2.3,2.3,0.001,0.999,2828,9844,1,367,11,5,3,9,0,,,,,
1775001793,2026-04-01T00:03:13.000Z,Wellington,2026-04-01,0x9dfbebe6371b522e8baa4ffaf428b6e02d206c55969da25482b5787cde0efa46,exact,12,12,15.3,0.05,15.3,10.95,above_obs,-3.3,3.3,0.006000000060000001,0.999,58306,46434,0,505,11,7,6,10,0,,,,,
1775001793,2026-04-01T00:03:13.000Z,Wellington,2026-04-01,0xaab371cd3a7a71e7c83d1d98137619b57f343a31b18872023d5c7dea44f34681,exact,17,17,15.3,0.05,15.3,10.95,below_obs,1.7,1.7,0.947773930159794,0.18,22,32,83,649,11,4,11,1,0,,,,,
1775001793,2026-04-01T00:03:13.000Z,Wellington,2026-04-01,0xc4210260520eb914274290b02164bac5970b95eeddbc6d804baf3d3c49f2b580,exact,18,18,15.3,0.05,15.3,10.95,below_obs,2.7,2.7,0.14,0.86,44,36,64,547,11,6,9,2,0,,,,,
1775001793,2026-04-01T00:03:13.000Z,Wellington,2026-04-01,0xe4d84eff9c11853b3db11a713b1f1d9486fb0d1e9b8d6816b8049f0228b6cba6,exact,14,14,15.3,0.05,15.3,10.95,above_obs,-1.3,1.3,0.001,0.999,8322,5238,0,45,11,3,4,11,0,,,,,
1775014629,2026-04-01T03:37:09.000Z,Hong Kong,2026-04-01,0x10c32261854dd33e70be9b03532812eb0a1f9fb4427dbc99da074b73b6af63e8,exact,23,23,26.3,0.62,26.3,12.38,above_obs,-3.3,3.3,0.001,0.998,3624,2040,1,112,11,7,1,7,0,,,,,
1775014629,2026-04-01T03:37:09.000Z,Hong Kong,2026-04-01,0x1885618d806214ad6cb523fbacff9c35b1e64e9764937e5bf61929e1a63a6bb0,exact,30,30,26.3,0.62,26.3,12.38,below_obs,3.7,3.7,0.008339739190116678,0.9739999998051997,174,600,6,212,11,8,6,6,0,,,,,
1775014629,2026-04-01T03:37:09.000Z,Hong Kong,2026-04-01,0x48c6cfac1fdf5e9e4631f336458b24d315d4b81b4e49309f806927afac603d3b,exact,25,25,26.3,0.62,26.3,12.38,above_obs,-1.3,1.3,0.03,0.971,300,364,23,61,11,3,7,5,1,NO,0.9788745606562921,292.5072962153132,6.013883784686811,closed
1775014629,2026-04-01T03:37:09.000Z,Hong Kong,2026-04-01,0x504c85776a487bc70981ed9a204a1395768ed9334f9516896df43ba51d1a792f,exact,28,28,26.3,0.62,26.3,12.38,below_obs,1.7,1.7,0.25,0.74,26,588,34,326,11,4,10,2,0,,,,,
1775014629,2026-04-01T03:37:09.000Z,Hong Kong,2026-04-01,0x9633d5ba6595f18891cd1c226c44005db963ff09474b45949e25f862a158fefe,or_below,,20,26.3,0.62,26.3,12.38,above_obs,-6.3,6.3,0.001,0.998,3620,580,3,38,11,11,2,8,0,,,,,
1775014629,2026-04-01T03:37:09.000Z,Hong Kong,2026-04-01,0xb5a27fcb794999c9839bedc49cf402cfbb7ee7dd1bd50031faff4d9193851579,exact,24,24,26.3,0.62,26.3,12.38,above_obs,-2.3,2.3,0.005,0.998,888,4498,1,193,11,5,5,9,0,,,,,
1775014629,2026-04-01T03:37:09.000Z,Hong Kong,2026-04-01,0xbaac69b9e6d989d000a1134522e6895c2256b92ae5e7fa1db9e41443e7ca5f06,exact,26,26,26.3,0.62,26.3,12.38,above_obs,-0.3,0.3,0.2399999673599979,0.78,12,18,29,358,11,1,9,3,0,,,,,
1775014629,2026-04-01T03:37:09.000Z,Hong Kong,2026-04-01,0xbc637777a2aca49b552d375987b07043ff2632ba240e1dcd49d4691d6b9ef64b,exact,22,22,26.3,0.62,26.3,12.38,above_obs,-4.3,4.3,0.001,0.999,3622,6972,0,60,11,9,3,10,0,,,,,
1775014629,2026-04-01T03:37:09.000Z,Hong Kong,2026-04-01,0xc7b0ecc3704cf03b5e068322b412439bbfb76f77cd1f6b509c421a8ff97a529a,exact,21,21,26.3,0.62,26.3,12.38,above_obs,-5.3,5.3,0.001,0.999,3622,7040,0,41,11,10,4,11,0,,,,,
1775014629,2026-04-01T03:37:09.000Z,Hong Kong,2026-04-01,0xe517a459be3025cd1319c25ecc95cf238938e27d2fb5bda04f20d5c7c3065d19,exact,27,27,26.3,0.62,26.3,12.38,below_obs,0.7,0.7,0.46128500387516314,0.59,42,844,8,303,11,2,11,1,0,,,,,
1775014629,2026-04-01T03:37:09.000Z,Hong Kong,2026-04-01,0xe6576e2994cfc83393f47cc64b3e3ca129e465bc302ca949a0a0c56b6a73b82b,exact,29,29,26.3,0.62,26.3,12.38,below_obs,2.7,2.7,0.055,0.9636529696750918,16,710,9,216,11,6,8,4,0,,,,,
1775014643,2026-04-01T03:37:23.000Z,Hong Kong,2026-04-01,0x10c32261854dd33e70be9b03532812eb0a1f9fb4427dbc99da074b73b6af63e8,exact,23,23,26.3,0.62,26.3,12.38,above_obs,-3.3,3.3,0.001,0.998,3638,2054,1,112,11,7,1,7,0,,,,,
1775014643,2026-04-01T03:37:23.000Z,Hong Kong,2026-04-01,0x1885618d806214ad6cb523fbacff9c35b1e64e9764937e5bf61929e1a63a6bb0,exact,30,30,26.3,0.62,26.3,12.38,below_obs,3.7,3.7,0.008339739190116678,0.9739999998051997,188,614,6,212,11,8,6,5,0,,,,,
1775014643,2026-04-01T03:37:23.000Z,Hong Kong,2026-04-01,0x48c6cfac1fdf5e9e4631f336458b24d315d4b81b4e49309f806927afac603d3b,exact,25,25,26.3,0.62,26.3,12.38,above_obs,-1.3,1.3,0.03,0.9900013669113764,314,2,25,63,11,3,7,6,1,NO,0.981,0.006876810000008021,,open
1775014643,2026-04-01T03:37:23.000Z,Hong Kong,2026-04-01,0x504c85776a487bc70981ed9a204a1395768ed9334f9516896df43ba51d1a792f,exact,28,28,26.3,0.62,26.3,12.38,below_obs,1.7,1.7,0.25,0.74,40,602,34,326,11,4,10,2,0,,,,,
1775014643,2026-04-01T03:37:23.000Z,Hong Kong,2026-04-01,0x9633d5ba6595f18891cd1c226c44005db963ff09474b45949e25f862a158fefe,or_below,,20,26.3,0.62,26.3,12.38,above_obs,-6.3,6.3,0.001,0.998,3634,594,3,38,11,11,2,8,0,,,,,
1775014643,2026-04-01T03:37:23.000Z,Hong Kong,2026-04-01,0xb5a27fcb794999c9839bedc49cf402cfbb7ee7dd1bd50031faff4d9193851579,exact,24,24,26.3,0.62,26.3,12.38,above_obs,-2.3,2.3,0.005,0.998,902,4512,1,193,11,5,5,9,0,,,,,
1775014643,2026-04-01T03:37:23.000Z,Hong Kong,2026-04-01,0xbaac69b9e6d989d000a1134522e6895c2256b92ae5e7fa1db9e41443e7ca5f06,exact,26,26,26.3,0.62,26.3,12.38,above_obs,-0.3,0.3,0.2399999673599979,0.78,26,32,29,358,11,1,9,3,0,,,,,
1775014643,2026-04-01T03:37:23.000Z,Hong Kong,2026-04-01,0xbc637777a2aca49b552d375987b07043ff2632ba240e1dcd49d4691d6b9ef64b,exact,22,22,26.3,0.62,26.3,12.38,above_obs,-4.3,4.3,0.001,0.999,3636,6986,0,60,11,9,3,10,0,,,,,
1775014643,2026-04-01T03:37:23.000Z,Hong Kong,2026-04-01,0xc7b0ecc3704cf03b5e068322b412439bbfb76f77cd1f6b509c421a8ff97a529a,exact,21,21,26.3,0.62,26.3,12.38,above_obs,-5.3,5.3,0.001,0.999,3636,7054,0,41,11,10,4,11,0,,,,,
1775014643,2026-04-01T03:37:23.000Z,Hong Kong,2026-04-01,0xe517a459be3025cd1319c25ecc95cf238938e27d2fb5bda04f20d5c7c3065d19,exact,27,27,26.3,0.62,26.3,12.38,below_obs,0.7,0.7,0.46128500387516314,0.59,56,858,8,303,11,2,11,1,0,,,,,
1775014643,2026-04-01T03:37:23.000Z,Hong Kong,2026-04-01,0xe6576e2994cfc83393f47cc64b3e3ca129e465bc302ca949a0a0c56b6a73b82b,exact,29,29,26.3,0.62,26.3,12.38,below_obs,2.7,2.7,0.055,0.9636529696750918,30,724,9,216,11,6,8,4,0,,,,,
1775252591,2026-04-03T21:43:11.000Z,Mexico City,2026-04-03,0x0fd31bed2e1b09782b20f51a87002bd461025c4ffa034f36687c1ace0fe098a9,exact,26,26,27.2,0.72,27.2,8.28,above_obs,-1.2,1.2,0.01,0.999,1670,806,4,181,11,3,5,8,0,,,,,
1775252591,2026-04-03T21:43:11.000Z,Mexico City,2026-04-03,0x112bcfddbc02df34a03e47c11c20df2f959d2ffb040906230d82d158d45f6322,exact,31,31,27.2,0.72,27.2,8.28,below_obs,3.8,3.8,0.001,0.997,2080,11766,1,96,11,8,1,5,0,,,,,
1775252591,2026-04-03T21:43:11.000Z,Mexico City,2026-04-03,0x13c09a290b0ae9f72f6229f3d6546ba3daab9cb0e3a52f90f9f8e90f20e63f5e,exact,27,27,27.2,0.72,27.2,8.28,above_obs,-0.2,0.2,0.2,0.8,32,30,24,41,11,1,10,2,1,YES,0.24,5.4936,13.962899999999998,closed
1775252591,2026-04-03T21:43:11.000Z,Mexico City,2026-04-03,0x1d37b42fc174b1776c83ceac5d7723774c2e60f56a96c27374a85d3b2ed0016b,exact,30,30,27.2,0.72,27.2,8.28,below_obs,2.8,2.8,0.003,0.998,2080,25294,1,92,11,6,3,6,0,,,,,
1775252591,2026-04-03T21:43:11.000Z,Mexico City,2026-04-03,0x3b8feb9f4785e0e593832c6fe43941651156c25bb1da4805ac7c4946d5d49cff,exact,23,23,27.2,0.72,27.2,8.28,above_obs,-4.2,4.2,0.01,0.999,14460,8126,0,172,11,9,6,9,0,,,,,
1775252591,2026-04-03T21:43:11.000Z,Mexico City,2026-04-03,0x47b837afc9f54138b974970892640f24fb7c3fa0ceecad9839cd596a50cee7e8,exact,29,29,27.2,0.72,27.2,8.28,below_obs,1.8,1.8,0.013,0.9869999998205449,2080,868,7,120,11,4,8,4,0,,,,,
1775252591,2026-04-03T21:43:11.000Z,Mexico City,2026-04-03,0x58faebdef9f958783e6d5f7131ebd897faa0b1cf85c6703a82cab3b856a82365,exact,22,22,27.2,0.72,27.2,8.28,above_obs,-5.2,5.2,0.005,0.9988130315830442,80168,62466,0,88,11,10,4,7,0,,,,,
1775252591,2026-04-03T21:43:11.000Z,Mexico City,2026-04-03,0x643b77a42c6d6584324094ba0b47350933e510217b3cd5b959fb83467ceb9e7c,exact,25,25,27.2,0.72,27.2,8.28,above_obs,-2.2,2.2,0.01,0.999,7186,50,4,195,11,5,7,10,0,,,,,
1775252591,2026-04-03T21:43:11.000Z,Mexico City,2026-04-03,0xcab6146084d2e7e90740b72c34efdc6a5ae27a45a742d246bc37c97df3b0ac3b,exact,28,28,27.2,0.72,27.2,8.28,below_obs,0.8,0.8,0.948999997342791,0.22942857142857143,10,32,4,125,11,2,11,1,0,,,,,
1775252591,2026-04-03T21:43:11.000Z,Mexico City,2026-04-03,0xd287c066f2377ddb625840f6a32b3b68c43c746f80aaa28538e0d504473ba64f,exact,24,24,27.2,0.72,27.2,8.28,above_obs,-3.2,3.2,0.018524990833449835,0.999,12524,4802,0,167,11,7,9,11,0,,,,,
1775252591,2026-04-03T21:43:11.000Z,Mexico City,2026-04-03,0xd3e3cc19029f2c0eb1bf982bd6ffde9f2692093520aff666ea638f11aa5eeef7,or_below,,21,27.2,0.72,27.2,8.28,above_obs,-6.2,6.2,0.001,0.9868895463510848,28028,39676,0,262,11,11,2,3,0,,,,,
1775256833,2026-04-03T22:53:53.000Z,Mexico City,2026-04-03,0x0fd31bed2e1b09782b20f51a87002bd461025c4ffa034f36687c1ace0fe098a9,exact,26,26,27.2,1.9,27.2,7.1,above_obs,-1.2,1.2,0.01,0.999,5912,2500,3,184,11,3,5,7,0,,,,,
1775256833,2026-04-03T22:53:53.000Z,Mexico City,2026-04-03,0x112bcfddbc02df34a03e47c11c20df2f959d2ffb040906230d82d158d45f6322,exact,31,31,27.2,1.9,27.2,7.1,below_obs,3.8,3.8,0.001,0.999,2976,1944,12,109,11,8,1,8,0,,,,,
1775256833,2026-04-03T22:53:53.000Z,Mexico City,2026-04-03,0x13c09a290b0ae9f72f6229f3d6546ba3daab9cb0e3a52f90f9f8e90f20e63f5e,exact,27,27,27.2,1.9,27.2,7.1,above_obs,-0.2,0.2,0.6595057742374332,0.16,544,1640,29,80,11,1,11,1,1,YES,0.9186885245901638,139.53041311475408,,open
1775256833,2026-04-03T22:53:53.000Z,Mexico City,2026-04-03,0x1d37b42fc174b1776c83ceac5d7723774c2e60f56a96c27374a85d3b2ed0016b,exact,30,30,27.2,1.9,27.2,7.1,below_obs,2.8,2.8,0.001,0.998,2918,29536,12,105,11,6,2,5,0,,,,,
1775256833,2026-04-03T22:53:53.000Z,Mexico City,2026-04-03,0x3b8feb9f4785e0e593832c6fe43941651156c25bb1da4805ac7c4946d5d49cff,exact,23,23,27.2,1.9,27.2,7.1,above_obs,-4.2,4.2,0.01,0.999,18702,12368,0,172,11,9,6,9,0,,,,,
1775256833,2026-04-03T22:53:53.000Z,Mexico City,2026-04-03,0x47b837afc9f54138b974970892640f24fb7c3fa0ceecad9839cd596a50cee7e8,exact,29,29,27.2,1.9,27.2,7.1,below_obs,1.8,1.8,0.012,0.9898813056379822,2976,82,15,137,11,4,8,4,0,,,,,
1775256833,2026-04-03T22:53:53.000Z,Mexico City,2026-04-03,0x58faebdef9f958783e6d5f7131ebd897faa0b1cf85c6703a82cab3b856a82365,exact,22,22,27.2,1.9,27.2,7.1,above_obs,-5.2,5.2,0.005,0.9988130315830442,84410,66708,0,88,11,10,4,6,0,,,,,
1775256833,2026-04-03T22:53:53.000Z,Mexico City,2026-04-03,0x643b77a42c6d6584324094ba0b47350933e510217b3cd5b959fb83467ceb9e7c,exact,25,25,27.2,1.9,27.2,7.1,above_obs,-2.2,2.2,0.01,0.999,11428,42,2,198,11,5,7,10,0,,,,,
1775256833,2026-04-03T22:53:53.000Z,Mexico City,2026-04-03,0xcab6146084d2e7e90740b72c34efdc6a5ae27a45a742d246bc37c97df3b0ac3b,exact,28,28,27.2,1.9,27.2,7.1,below_obs,0.8,0.8,0.05893425440686041,0.89,1972,2150,22,149,11,2,10,2,0,,,,,
1775256833,2026-04-03T22:53:53.000Z,Mexico City,2026-04-03,0xd287c066f2377ddb625840f6a32b3b68c43c746f80aaa28538e0d504473ba64f,exact,24,24,27.2,1.9,27.2,7.1,above_obs,-3.2,3.2,0.018524990833449835,0.999,16766,9044,0,167,11,7,9,11,0,,,,,
1775256833,2026-04-03T22:53:53.000Z,Mexico City,2026-04-03,0xd3e3cc19029f2c0eb1bf982bd6ffde9f2692093520aff666ea638f11aa5eeef7,or_below,,21,27.2,1.9,27.2,7.1,above_obs,-6.2,6.2,0.001,0.9868895463510848,32270,43918,0,262,11,11,3,3,0,,,,,
1775252657,2026-04-03T21:44:17.000Z,Mexico City,2026-04-03,0x0fd31bed2e1b09782b20f51a87002bd461025c4ffa034f36687c1ace0fe098a9,exact,26,26,27.2,0.74,27.2,8.26,above_obs,-1.2,1.2,0.01,0.999,1736,872,4,181,11,3,5,8,0,,,,,
1775252657,2026-04-03T21:44:17.000Z,Mexico City,2026-04-03,0x112bcfddbc02df34a03e47c11c20df2f959d2ffb040906230d82d158d45f6322,exact,31,31,27.2,0.74,27.2,8.26,below_obs,3.8,3.8,0.001,0.997,2146,11832,1,96,11,8,1,5,0,,,,,
1775252657,2026-04-03T21:44:17.000Z,Mexico City,2026-04-03,0x13c09a290b0ae9f72f6229f3d6546ba3daab9cb0e3a52f90f9f8e90f20e63f5e,exact,27,27,27.2,0.74,27.2,8.26,above_obs,-0.2,0.2,0.51,0.8,32,96,27,44,11,1,10,2,0,,,,,
1775252657,2026-04-03T21:44:17.000Z,Mexico City,2026-04-03,0x1d37b42fc174b1776c83ceac5d7723774c2e60f56a96c27374a85d3b2ed0016b,exact,30,30,27.2,0.74,27.2,8.26,below_obs,2.8,2.8,0.003,0.998,2146,25360,1,92,11,6,3,6,0,,,,,
1775252657,2026-04-03T21:44:17.000Z,Mexico City,2026-04-03,0x3b8feb9f4785e0e593832c6fe43941651156c25bb1da4805ac7c4946d5d49cff,exact,23,23,27.2,0.74,27.2,8.26,above_obs,-4.2,4.2,0.01,0.999,14526,8192,0,172,11,9,6,9,0,,,,,
1775252657,2026-04-03T21:44:17.000Z,Mexico City,2026-04-03,0x47b837afc9f54138b974970892640f24fb7c3fa0ceecad9839cd596a50cee7e8,exact,29,29,27.2,0.74,27.2,8.26,below_obs,1.8,1.8,0.013,0.988,2146,38,8,121,11,4,8,4,0,,,,,
1775252657,2026-04-03T21:44:17.000Z,Mexico City,2026-04-03,0x58faebdef9f958783e6d5f7131ebd897faa0b1cf85c6703a82cab3b856a82365,exact,22,22,27.2,0.74,27.2,8.26,above_obs,-5.2,5.2,0.005,0.9988130315830442,80234,62532,0,88,11,10,4,7,0,,,,,
1775252657,2026-04-03T21:44:17.000Z,Mexico City,2026-04-03,0x643b77a42c6d6584324094ba0b47350933e510217b3cd5b959fb83467ceb9e7c,exact,25,25,27.2,0.74,27.2,8.26,above_obs,-2.2,2.2,0.01,0.999,7252,116,4,195,11,5,7,10,0,,,,,
1775252657,2026-04-03T21:44:17.000Z,Mexico City,2026-04-03,0xcab6146084d2e7e90740b72c34efdc6a5ae27a45a742d246bc37c97df3b0ac3b,exact,28,28,27.2,0.74,27.2,8.26,below_obs,0.8,0.8,0.948999997342791,0.22942857142857143,76,98,4,125,11,2,11,1,1,NO,0.055,0.05665,,open
1775252657,2026-04-03T21:44:17.000Z,Mexico City,2026-04-03,0xd287c066f2377ddb625840f6a32b3b68c43c746f80aaa28538e0d504473ba64f,exact,24,24,27.2,0.74,27.2,8.26,above_obs,-3.2,3.2,0.018524990833449835,0.999,12590,4868,0,167,11,7,9,11,0,,,,,
1775252657,2026-04-03T21:44:17.000Z,Mexico City,2026-04-03,0xd3e3cc19029f2c0eb1bf982bd6ffde9f2692093520aff666ea638f11aa5eeef7,or_below,,21,27.2,0.74,27.2,8.26,above_obs,-6.2,6.2,0.001,0.9868895463510848,28094,39742,0,262,11,11,2,3,0,,,,,
1775319775,2026-04-04T16:22:55.000Z,Sao Paulo,2026-04-04,0x1686818fc5ebb6bac8b4e1269c0547ee4598fe7e6e638471587a690d9f9aa883,exact,34,34,28.1,23.38,27.6,10.62,below_obs,5.9,5.9,0.009743464566929134,0.997,378,582,57,327,11,10,8,5,0,,,,,
1775319775,2026-04-04T16:22:55.000Z,Sao Paulo,2026-04-04,0x17863b5f46f672ff0304e096b119fa73c28de2cf09ef98ab9f1eb527d88bf041,exact,29,29,28.1,23.38,27.6,10.62,below_obs,0.9,0.9,0.001,0.999,1334,496,6,574,11,2,1,6,0,,,,,
1775319775,2026-04-04T16:22:55.000Z,Sao Paulo,2026-04-04,0x2487d7345d313fe94acfd26fc8d86b3a46b3ed954cb06923bb7846e4ea79bbdc,exact,35,35,28.1,23.38,27.6,10.62,below_obs,6.9,6.9,0.003,0.989,544,408,57,331,11,11,7,4,0,,,,,
1775319775,2026-04-04T16:22:55.000Z,Sao Paulo,2026-04-04,0x3d80f036cbd2dcd8b1ff1cee38212315af3042edf1906b5a0aad7a9cd2699714,exact,31,31,28.1,23.38,27.6,10.62,below_obs,2.9,2.9,0.38866699024492396,0.7579999987113999,32,90,111,171,11,6,10,2,1,YES,0.28,2.0020000000000002,3.43915,closed
1775319775,2026-04-04T16:22:55.000Z,Sao Paulo,2026-04-04,0x50c9110b7c96cb13d7d7a13f5858dad3309aaeb7ba717cb9c1e9dcb5291eaf20,exact,26,26,28.1,23.38,27.6,10.62,above_obs,-2.1,2.1,0.001,0.999,1334,8566,3,340,11,5,2,7,0,,,,,
1775319775,2026-04-04T16:22:55.000Z,Sao Paulo,2026-04-04,0x7855e72959fb3d599b64f544f981218d2d627f6016eef788a2d6c87cb709ce34,exact,27,27,28.1,23.38,27.6,10.62,above_obs,-1.1,1.1,0.001,0.999,1334,264,8,454,11,3,3,8,0,,,,,
1775319775,2026-04-04T16:22:55.000Z,Sao Paulo,2026-04-04,0x9186942db1ee98d4d29bcb57f66948644f306a31601f982a80c8677790c42d8d,or_below,,25,28.1,23.38,27.6,10.62,above_obs,-3.1,3.1,0.001,0.999,1334,12252,4,315,11,7,4,9,0,,,,,
1775319775,2026-04-04T16:22:55.000Z,Sao Paulo,2026-04-04,0x95c182a0e2679d3c357c7d357e3f43b78e794738240c482dc040b18e016d69e7,exact,33,33,28.1,23.38,27.6,10.62,below_obs,4.9,4.9,0.106,0.9569998231941943,772,14,60,370,11,9,9,3,0,,,,,
1775319775,2026-04-04T16:22:55.000Z,Sao Paulo,2026-04-04,0x9bf7423446522d30aaf4f602316acfeb6370e5c39c6094baca9cbf3902dbf0a7,exact,30,30,28.1,23.38,27.6,10.62,below_obs,1.9,1.9,0.001,0.999,1086,764,71,584,11,4,5,10,0,,,,,
1775319775,2026-04-04T16:22:55.000Z,Sao Paulo,2026-04-04,0xb6b67c43c580898703caa9bc8e3c7cf96f638862e04c850b5c17f867198e977b,exact,28,28,28.1,23.38,27.6,10.62,above_obs,-0.1,0.1,0.001,0.999,1256,596,8,595,11,1,6,11,0,,,,,
1775319775,2026-04-04T16:22:55.000Z,Sao Paulo,2026-04-04,0xcb7c080e12e36582b09f540225cbb77441a1837bdb9dd008d63c32dea7432fec,exact,32,32,28.1,23.38,27.6,10.62,below_obs,3.9,3.9,0.56,0.439,126,76,86,435,11,8,11,1,0,,,,,
1775342059,2026-04-04T22:34:19.000Z,Wellington,2026-04-05,0x0203f6b158efd8ec614077e21090cc6c130990a7d0e2f3b6e03c9bf24829e942,exact,19,19,19.3,21.57,15.3,13.43,above_obs,-0.3,0.3,0.2,0.8199999934399984,1278,830,15,378,11,1,9,3,0,,,,,
1775342059,2026-04-04T22:34:19.000Z,Wellington,2026-04-05,0x059865196e1370d2e529044608216d54ce4c48f8ee618519871e53ae33d603c6,exact,16,16,19.3,21.57,15.3,13.43,above_obs,-3.3,3.3,0.05928299619467254,0.95,14,38,31,56,11,6,8,4,1,NO,0.99341848572737,1301.13979586628,7.310444133719784,closed
1775342059,2026-04-04T22:34:19.000Z,Wellington,2026-04-05,0x1f2eee7b32eb9ff447cab67db2449320b5081db8825af6176e989823d9226e05,exact,14,14,19.3,21.57,15.3,13.43,above_obs,-5.3,5.3,0.00574445652173913,0.999,67628,36600,0,163,11,8,5,8,0,,,,,
1775342059,2026-04-04T22:34:19.000Z,Wellington,2026-04-05,0x3549bf7be2d95e051744b1ea0b0c14cd2b8bd36cb4f75e873741f3474ca61027,exact,13,13,19.3,21.57,15.3,13.43,above_obs,-6.3,6.3,0.003,0.999,67666,32262,0,147,11,9,4,9,0,,,,,
1775342059,2026-04-04T22:34:19.000Z,Wellington,2026-04-05,0x4720bafa2b8d37a74525191e8a49b7810dc22ba75c4b67a8f9654360b39eee0a,exact,17,17,19.3,21.57,15.3,13.43,above_obs,-2.3,2.3,0.3899998478999072,0.62,1006,594,29,407,11,5,11,1,0,,,,,
1775342059,2026-04-04T22:34:19.000Z,Wellington,2026-04-05,0x52d2ba2152c1e4daeeeedba6d0549540c1e61eeecf954278446ccf286aca494f,exact,18,18,19.3,21.57,15.3,13.43,above_obs,-1.3,1.3,0.34,0.73,6,408,10,325,11,3,10,2,0,,,,,
1775342059,2026-04-04T22:34:19.000Z,Wellington,2026-04-05,0x5e565a63bf77614034b57c3b7127eefd9de6836ed3c07c0fdd4ca099edc48bf5,exact,21,21,19.3,21.57,15.3,13.43,below_obs,1.7,1.7,0.01,0.9901932740626208,3156,4524,1,341,11,4,6,6,0,,,,,
1775342059,2026-04-04T22:34:19.000Z,Wellington,2026-04-05,0x8d19736ced8a585009290b0e3d3d2a6b1dc75a632fd66de35f18a5a61fea9c68,or_below,,11,19.3,21.57,15.3,13.43,above_obs,-8.3,8.3,0.001,0.999,67662,122168,0,108,11,11,1,10,0,,,,,
1775342059,2026-04-04T22:34:19.000Z,Wellington,2026-04-05,0xb35aa71ef6fdfe40cfda62e8645ba2715e1b2c7aa65ea1579553573af7f2d339,exact,20,20,19.3,21.57,15.3,13.43,below_obs,0.7,0.7,0.03267411989480763,0.98,1770,712,7,390,11,2,7,5,0,,,,,
1775342059,2026-04-04T22:34:19.000Z,Wellington,2026-04-05,0xeb3eb3f21757b79331ce92e1f54ba522f0f0eaaff4d81cdbc810c6c6c5c1ec6d,exact,15,15,19.3,21.57,15.3,13.43,above_obs,-4.3,4.3,0.001,0.9987816347495438,7154,7266,0,209,11,7,2,7,0,,,,,
1775342059,2026-04-04T22:34:19.000Z,Wellington,2026-04-05,0xf869c61078deccf97fdac0cb4b87d89b46481d3e630255651cde0f9ee7b8a2d0,exact,12,12,19.3,21.57,15.3,13.43,above_obs,-7.3,7.3,0.001,0.999,67666,45596,0,158,11,10,3,11,0,,,,,
1775398661,2026-04-05T14:17:41.000Z,Hong Kong,2026-04-05,0x1abbd6306fd2618bfa1b454c5334440819a5afd37a82d01feafddf4a5455672e,exact,24,24,26.5,36.29,23.4,1.71,above_obs,-2.5,2.5,0.024,0.7599999140028143,6,14,185,462,11,5,10,2,1,NO,0.7563768844221106,17.835366934673367,5.520273065326631,closed
1775398661,2026-04-05T14:17:41.000Z,Hong Kong,2026-04-05,0x225973af89bf6cd4c8370708019517a310442099c960f0cf05acfd0ca8ed43af,exact,23,23,26.5,36.29,23.4,1.71,above_obs,-3.5,3.5,0.001,0.999,7452,690,1,604,11,7,1,6,0,,,,,
1775398661,2026-04-05T14:17:41.000Z,Hong Kong,2026-04-05,0x3f372f191a2956b1b35824f5417fd6d494be7e356871c98a85bd1a2a742eeb97,exact,27,27,26.5,36.29,23.4,1.71,below_obs,0.5,0.5,0.006,0.994,6,6,109,1040,11,1,8,4,0,,,,,
1775398661,2026-04-05T14:17:41.000Z,Hong Kong,2026-04-05,0x47159668a9532407ac543a459ab6ef76c33b5af13e2e02e29a24bbe479ae972f,exact,21,21,26.5,36.29,23.4,1.71,above_obs,-5.5,5.5,0.001,0.999,82264,4058,0,134,11,9,2,7,0,,,,,
1775398661,2026-04-05T14:17:41.000Z,Hong Kong,2026-04-05,0x9649e14b2bbc0d8d85bf1d93ff9689e4febcccccc22d4656000846a71faea618,exact,20,20,26.5,36.29,23.4,1.71,above_obs,-6.5,6.5,0.001,0.999,82264,82040,0,141,11,10,3,8,0,,,,,
1775398661,2026-04-05T14:17:41.000Z,Hong Kong,2026-04-05,0xae7cb249746d0df2e7e34d9f79cdeb7ad1025154a3233b04a13c871adcd08e93,exact,28,28,26.5,36.29,23.4,1.71,below_obs,1.5,1.5,0.003,0.997,6,6,117,993,11,3,7,5,0,,,,,
1775398661,2026-04-05T14:17:41.000Z,Hong Kong,2026-04-05,0xc09befb88401c1282d036269220df229f0b51d945a5c900cc026c6a600089435,exact,29,29,26.5,36.29,23.4,1.71,below_obs,2.5,2.5,0.001,0.999,6,6,104,927,11,6,4,9,0,,,,,
1775398661,2026-04-05T14:17:41.000Z,Hong Kong,2026-04-05,0xc1d81d5f2d7f426de2c9c3a1176d476f515accca6413795bc1f056383c30d16f,exact,26,26,26.5,36.29,23.4,1.71,above_obs,-0.5,0.5,0.012,0.987999999600403,6,6,126,1198,11,2,9,3,0,,,,,
1775398661,2026-04-05T14:17:41.000Z,Hong Kong,2026-04-05,0xd4224e0b052998bdd9110c70165bb389ea9ac846638a122c3d9c8b78d535019e,exact,25,25,26.5,36.29,23.4,1.71,above_obs,-1.5,1.5,0.9360914664809268,0.08864803507123846,10,360,145,1265,11,4,11,1,0,,,,,
1775398661,2026-04-05T14:17:41.000Z,Hong Kong,2026-04-05,0xe179c9e250a1671e365c7977029873f80e5b0e85f44cdd21ad7fc7769430aae9,exact,22,22,26.5,36.29,23.4,1.71,above_obs,-4.5,4.5,0.001,0.999,82262,694,1,138,11,8,5,10,0,,,,,
1775398661,2026-04-05T14:17:41.000Z,Hong Kong,2026-04-05,0xe417b62e3d584d7124db6d54cc97168126a35aef08e6aaed9b7498ca1a270e0a,or_below,,19,26.5,36.29,23.4,1.71,above_obs,-7.5,7.5,0.001,0.999,82266,31786,0,148,11,11,6,11,0,,,,,
1775440385,2026-04-06T01:53:05.000Z,Wellington,2026-04-06,0x04527f388e1a2ceb639563b35f9d4347ba9fc7a316a8b84b4b8d5209afdb565a,exact,16,16,19.7,0.88,19.7,10.12,above_obs,-3.7,3.7,0.001,0.999,15780,12248,0,227,11,8,1,3,0,,,,,
1775440385,2026-04-06T01:53:05.000Z,Wellington,2026-04-06,0x334134940349e2ee9bd917fc742b18c98caa5fd3e5544551860510f5e3971a56,exact,14,14,19.7,0.88,19.7,10.12,above_obs,-5.7,5.7,0.001,0.999,66334,39752,0,235,11,10,2,4,0,,,,,
1775440385,2026-04-06T01:53:05.000Z,Wellington,2026-04-06,0x38ecbc37ce0f15d2e6cb28906e0255264af68f75a5753c5449c7f2b862619518,exact,19,19,19.7,0.88,19.7,10.12,above_obs,-0.7,0.7,0.001,0.999,1690,1252,4,615,11,2,3,5,0,,,,,
1775440385,2026-04-06T01:53:05.000Z,Wellington,2026-04-06,0x3dafdff680ae254033cdeafa23b6e56c641ade285f7dfa399dc6eb1ea1c46472,exact,22,22,19.7,0.88,19.7,10.12,below_obs,2.3,2.3,0.96,0.06032880368842514,14,124,126,642,11,5,11,1,0,,,,,
1775440385,2026-04-06T01:53:05.000Z,Wellington,2026-04-06,0x5082c0f0a376a0fa8ed21cd192d3917ed4a001c41e270c4a71aa04bea59345d8,exact,17,17,19.7,0.88,19.7,10.12,above_obs,-2.7,2.7,0.001,0.999,1690,11920,3,252,11,6,4,6,0,,,,,
1775440385,2026-04-06T01:53:05.000Z,Wellington,2026-04-06,0x50a801e3ad973e1d981954204bafe2edd3cd8179440ce49d1fa26532b3640276,exact,23,23,19.7,0.88,19.7,10.12,below_obs,3.3,3.3,0.109,0.961,262,16,69,186,11,7,10,2,1,YES,0.039,4.1925,10.985,closed
1775440385,2026-04-06T01:53:05.000Z,Wellington,2026-04-06,0x51667bd4f6ac3ad129b059b5b894e8a6b9ddfb15638d20f322995623cdf71f42,exact,15,15,19.7,0.88,19.7,10.12,above_obs,-4.7,4.7,0.001,0.999,42178,20214,0,182,11,9,5,7,0,,,,,
1775440385,2026-04-06T01:53:05.000Z,Wellington,2026-04-06,0x5a021594e663bcb0082101a6f5d31064c016cbd5ccb868abbc78fc7a6ad5ffa8,or_below,,13,19.7,0.88,19.7,10.12,above_obs,-6.7,6.7,0.003,0.999,132888,82382,0,45,11,11,9,8,0,,,,,
1775440385,2026-04-06T01:53:05.000Z,Wellington,2026-04-06,0xb85affedcfe763d940c70670098f7603d57adf1f3f362ff7b7f5ce08e8700042,exact,18,18,19.7,0.88,19.7,10.12,above_obs,-1.7,1.7,0.001,0.999,1690,5438,4,374,11,4,6,9,0,,,,,
1775440385,2026-04-06T01:53:05.000Z,Wellington,2026-04-06,0xe19ae1e35bcb4277bc9a1f1aa9fe3c2f722d56b079e75f2ee137e61c516841e6,exact,21,21,19.7,0.88,19.7,10.12,below_obs,1.3,1.3,0.001,0.999,828,206,112,678,11,3,7,10,0,,,,,
1775440385,2026-04-06T01:53:05.000Z,Wellington,2026-04-06,0xeafc6df14219079518571f8e7626598eafd6e7c6d2867a506a150dfd598b1fc6,exact,20,20,19.7,0.88,19.7,10.12,below_obs,0.3,0.3,0.001,0.999,1690,540,14,745,11,1,8,11,0,,,,,
1775428451,2026-04-05T22:34:11.000Z,Wellington,2026-04-06,0x04527f388e1a2ceb639563b35f9d4347ba9fc7a316a8b84b4b8d5209afdb565a,exact,16,16,17.1,0.57,17.1,13.43,above_obs,-1.1,1.1,0.001,0.999,3846,314,2,227,11,3,1,6,0,,,,,
1775428451,2026-04-05T22:34:11.000Z,Wellington,2026-04-06,0x334134940349e2ee9bd917fc742b18c98caa5fd3e5544551860510f5e3971a56,exact,14,14,17.1,0.57,17.1,13.43,above_obs,-3.1,3.1,0.001,0.999,54400,27818,0,235,11,7,2,7,0,,,,,
1775428451,2026-04-05T22:34:11.000Z,Wellington,2026-04-06,0x38ecbc37ce0f15d2e6cb28906e0255264af68f75a5753c5449c7f2b862619518,exact,19,19,17.1,0.57,17.1,13.43,below_obs,1.9,1.9,0.08,0.979,378,6,15,577,11,4,7,4,0,,,,,
1775428451,2026-04-05T22:34:11.000Z,Wellington,2026-04-06,0x3dafdff680ae254033cdeafa23b6e56c641ade285f7dfa399dc6eb1ea1c46472,exact,22,22,17.1,0.57,17.1,13.43,below_obs,4.9,4.9,0.201976837727713,0.85,272,514,8,414,11,10,9,3,0,,,,,
1775428451,2026-04-05T22:34:11.000Z,Wellington,2026-04-06,0x5082c0f0a376a0fa8ed21cd192d3917ed4a001c41e270c4a71aa04bea59345d8,exact,17,17,17.1,0.57,17.1,13.43,above_obs,-0.1,0.1,0.0011560890058094925,0.999,352,4,9,245,11,1,4,8,0,,,,,
1775428451,2026-04-05T22:34:11.000Z,Wellington,2026-04-06,0x50a801e3ad973e1d981954204bafe2edd3cd8179440ce49d1fa26532b3640276,exact,23,23,17.1,0.57,17.1,13.43,below_obs,5.9,5.9,,,,,0,0,11,11,,,0,,,,,
1775428451,2026-04-05T22:34:11.000Z,Wellington,2026-04-06,0x51667bd4f6ac3ad129b059b5b894e8a6b9ddfb15638d20f322995623cdf71f42,exact,15,15,17.1,0.57,17.1,13.43,above_obs,-2.1,2.1,0.001,0.999,30244,8280,0,182,11,5,3,9,0,,,,,
1775428451,2026-04-05T22:34:11.000Z,Wellington,2026-04-06,0x5a021594e663bcb0082101a6f5d31064c016cbd5ccb868abbc78fc7a6ad5ffa8,or_below,,13,17.1,0.57,17.1,13.43,above_obs,-4.1,4.1,0.003,0.999,120954,70448,0,45,11,9,5,10,0,,,,,
1775428451,2026-04-05T22:34:11.000Z,Wellington,2026-04-06,0xb85affedcfe763d940c70670098f7603d57adf1f3f362ff7b7f5ce08e8700042,exact,18,18,17.1,0.57,17.1,13.43,below_obs,0.9,0.9,0.011896019746991669,0.991,366,108,10,354,11,2,6,5,1,NO,0.9966120041960818,702.9109548316185,,open
1775428451,2026-04-05T22:34:11.000Z,Wellington,2026-04-06,0xe19ae1e35bcb4277bc9a1f1aa9fe3c2f722d56b079e75f2ee137e61c516841e6,exact,21,21,17.1,0.57,17.1,13.43,below_obs,3.9,3.9,0.49,0.51,238,234,10,404,11,8,10,1,0,,,,,
1775428451,2026-04-05T22:34:11.000Z,Wellington,2026-04-06,0xeafc6df14219079518571f8e7626598eafd6e7c6d2867a506a150dfd598b1fc6,exact,20,20,17.1,0.57,17.1,13.43,below_obs,2.9,2.9,0.1440411195577056,0.83,322,514,5,665,11,6,8,2,0,,,,,
1775431993,2026-04-05T23:33:13.000Z,Wellington,2026-04-06,0x04527f388e1a2ceb639563b35f9d4347ba9fc7a316a8b84b4b8d5209afdb565a,exact,16,16,18.5,0.55,18.5,12.45,above_obs,-2.5,2.5,0.001,0.999,7388,3856,0,227,11,5,1,5,0,,,,,
1775431993,2026-04-05T23:33:13.000Z,Wellington,2026-04-06,0x334134940349e2ee9bd917fc742b18c98caa5fd3e5544551860510f5e3971a56,exact,14,14,18.5,0.55,18.5,12.45,above_obs,-4.5,4.5,0.001,0.999,57942,31360,0,235,11,9,2,6,0,,,,,
1775431993,2026-04-05T23:33:13.000Z,Wellington,2026-04-06,0x38ecbc37ce0f15d2e6cb28906e0255264af68f75a5753c5449c7f2b862619518,exact,19,19,18.5,0.55,18.5,12.45,below_obs,0.5,0.5,0.001,0.999,1772,124,29,604,11,1,3,7,0,,,,,
1775431993,2026-04-05T23:33:13.000Z,Wellington,2026-04-06,0x3dafdff680ae254033cdeafa23b6e56c641ade285f7dfa399dc6eb1ea1c46472,exact,22,22,18.5,0.55,18.5,12.45,below_obs,3.5,3.5,0.23,0.77,928,858,20,434,11,7,10,2,0,,,,,
1775431993,2026-04-05T23:33:13.000Z,Wellington,2026-04-06,0x5082c0f0a376a0fa8ed21cd192d3917ed4a001c41e270c4a71aa04bea59345d8,exact,17,17,18.5,0.55,18.5,12.45,above_obs,-1.5,1.5,0.0011560890058094925,0.999,3894,3528,5,249,11,3,5,8,0,,,,,
1775431993,2026-04-05T23:33:13.000Z,Wellington,2026-04-06,0x50a801e3ad973e1d981954204bafe2edd3cd8179440ce49d1fa26532b3640276,exact,23,23,18.5,0.55,18.5,12.45,below_obs,4.5,4.5,0.125,0.9279999777279337,534,1056,24,24,11,10,9,3,0,,,,,
1775431993,2026-04-05T23:33:13.000Z,Wellington,2026-04-06,0x51667bd4f6ac3ad129b059b5b894e8a6b9ddfb15638d20f322995623cdf71f42,exact,15,15,18.5,0.55,18.5,12.45,above_obs,-3.5,3.5,0.001,0.999,33786,11822,0,182,11,8,4,9,0,,,,,
1775431993,2026-04-05T23:33:13.000Z,Wellington,2026-04-06,0x5a021594e663bcb0082101a6f5d31064c016cbd5ccb868abbc78fc7a6ad5ffa8,or_below,,13,18.5,0.55,18.5,12.45,above_obs,-5.5,5.5,0.003,0.999,124496,73990,0,45,11,11,6,10,0,,,,,
1775431993,2026-04-05T23:33:13.000Z,Wellington,2026-04-06,0xb85affedcfe763d940c70670098f7603d57adf1f3f362ff7b7f5ce08e8700042,exact,18,18,18.5,0.55,18.5,12.45,above_obs,-0.5,0.5,0.011896019746991669,0.999,3908,158,13,367,11,2,7,11,0,,,,,
1775431993,2026-04-05T23:33:13.000Z,Wellington,2026-04-06,0xe19ae1e35bcb4277bc9a1f1aa9fe3c2f722d56b079e75f2ee137e61c516841e6,exact,21,21,18.5,0.55,18.5,12.45,below_obs,2.5,2.5,0.5534364261168385,0.45999995951999545,106,554,38,442,11,6,11,1,0,,,,,
1775431993,2026-04-05T23:33:13.000Z,Wellington,2026-04-06,0xeafc6df14219079518571f8e7626598eafd6e7c6d2867a506a150dfd598b1fc6,exact,20,20,18.5,0.55,18.5,12.45,below_obs,1.5,1.5,0.06999941032490846,0.9315159345391903,174,96,41,706,11,4,8,4,1,NO,0.9887168785547006,354.43290313962444,,open
1775439193,2026-04-06T01:33:13.000Z,Wellington,2026-04-06,0x04527f388e1a2ceb639563b35f9d4347ba9fc7a316a8b84b4b8d5209afdb565a,exact,16,16,19.7,0.55,19.7,10.45,above_obs,-3.7,3.7,0.001,0.999,14588,11056,0,227,11,8,1,4,0,,,,,
1775439193,2026-04-06T01:33:13.000Z,Wellington,2026-04-06,0x334134940349e2ee9bd917fc742b18c98caa5fd3e5544551860510f5e3971a56,exact,14,14,19.7,0.55,19.7,10.45,above_obs,-5.7,5.7,0.001,0.999,65142,38560,0,235,11,10,2,5,0,,,,,
1775439193,2026-04-06T01:33:13.000Z,Wellington,2026-04-06,0x38ecbc37ce0f15d2e6cb28906e0255264af68f75a5753c5449c7f2b862619518,exact,19,19,19.7,0.55,19.7,10.45,above_obs,-0.7,0.7,0.001,0.999,498,60,5,615,11,2,3,6,0,,,,,
1775439193,2026-04-06T01:33:13.000Z,Wellington,2026-04-06,0x3dafdff680ae254033cdeafa23b6e56c641ade285f7dfa399dc6eb1ea1c46472,exact,22,22,19.7,0.55,19.7,10.45,below_obs,2.3,2.3,0.8199999901599953,0.22,28,4,87,596,11,5,11,1,0,,,,,
1775439193,2026-04-06T01:33:13.000Z,Wellington,2026-04-06,0x5082c0f0a376a0fa8ed21cd192d3917ed4a001c41e270c4a71aa04bea59345d8,exact,17,17,19.7,0.55,19.7,10.45,above_obs,-2.7,2.7,0.001,0.999,498,10728,3,252,11,6,4,7,0,,,,,
1775439193,2026-04-06T01:33:13.000Z,Wellington,2026-04-06,0x50a801e3ad973e1d981954204bafe2edd3cd8179440ce49d1fa26532b3640276,exact,23,23,19.7,0.55,19.7,10.45,below_obs,3.3,3.3,0.12674036252233853,0.853,170,14,59,163,11,7,10,2,0,,,,,
1775439193,2026-04-06T01:33:13.000Z,Wellington,2026-04-06,0x51667bd4f6ac3ad129b059b5b894e8a6b9ddfb15638d20f322995623cdf71f42,exact,15,15,19.7,0.55,19.7,10.45,above_obs,-4.7,4.7,0.001,0.999,40986,19022,0,182,11,9,5,8,0,,,,,
1775439193,2026-04-06T01:33:13.000Z,Wellington,2026-04-06,0x5a021594e663bcb0082101a6f5d31064c016cbd5ccb868abbc78fc7a6ad5ffa8,or_below,,13,19.7,0.55,19.7,10.45,above_obs,-6.7,6.7,0.003,0.999,131696,81190,0,45,11,11,8,9,0,,,,,
1775439193,2026-04-06T01:33:13.000Z,Wellington,2026-04-06,0xb85affedcfe763d940c70670098f7603d57adf1f3f362ff7b7f5ce08e8700042,exact,18,18,19.7,0.55,19.7,10.45,above_obs,-1.7,1.7,0.001,0.999,498,4246,4,374,11,4,6,10,0,,,,,
1775439193,2026-04-06T01:33:13.000Z,Wellington,2026-04-06,0xe19ae1e35bcb4277bc9a1f1aa9fe3c2f722d56b079e75f2ee137e61c516841e6,exact,21,21,19.7,0.55,19.7,10.45,below_obs,1.3,1.3,0.1158311345646438,0.98,120,44,110,659,11,3,9,3,1,NO,0.9900000000000001,238.6389258,,open
1775439193,2026-04-06T01:33:13.000Z,Wellington,2026-04-06,0xeafc6df14219079518571f8e7626598eafd6e7c6d2867a506a150dfd598b1fc6,exact,20,20,19.7,0.55,19.7,10.45,below_obs,0.3,0.3,0.001,0.999,498,34,15,744,11,1,7,11,0,,,,,
1775449717,2026-04-06T04:28:37.000Z,Tokyo,2026-04-06,0x07a1b5a8e1b48fc4a6a2298c19690796bcf7a471447950152205f04088094f7c,exact,19,19,23.2,23.48,22,10.52,above_obs,-4.2,4.2,0.001,0.999,1586,1682,3,551,11,5,1,4,0,,,,,
1775449717,2026-04-06T04:28:37.000Z,Tokyo,2026-04-06,0x0d5d296e18362e96fc00a77d1b6e43f81f78debbdbe662f4fa9ad89659ede591,exact,23,23,23.2,23.48,22,10.52,above_obs,-0.2,0.2,0.34,0.6570432812849876,30,128,64,159,11,1,10,2,1,YES,0.40320714384222867,39.83686581161219,9.784734188387802,closed
1775449717,2026-04-06T04:28:37.000Z,Tokyo,2026-04-06,0x24a95642fa2ae4c95f6455299f37c165653b38c190535ef5b8203516a43dc9d1,exact,15,15,23.2,23.48,22,10.52,above_obs,-8.2,8.2,0.001,0.999,79938,29550,0,163,11,9,2,5,0,,,,,
1775449717,2026-04-06T04:28:37.000Z,Tokyo,2026-04-06,0x5730aec7ba1f6857f5b3be84401045319551d2bdc306271dd57f2f7aa72de74c,exact,18,18,23.2,23.48,22,10.52,above_obs,-5.2,5.2,0.001,0.999,10298,9044,0,77,11,6,3,6,0,,,,,
1775449717,2026-04-06T04:28:37.000Z,Tokyo,2026-04-06,0x5aa23da906473cc0e866300a13a6dd7f2604c46d4ce9294ef2c3e7125e2580dc,exact,20,20,23.2,23.48,22,10.52,above_obs,-3.2,3.2,0.001,0.999,3010,66,15,635,11,4,4,7,0,,,,,
1775449717,2026-04-06T04:28:37.000Z,Tokyo,2026-04-06,0x64de548529b94cee2f6100249ce7ddae10ce6d04465f5e1b7a31d7fbd53645cf,exact,16,16,23.2,23.48,22,10.52,above_obs,-7.2,7.2,0.001,0.999,59066,51780,0,216,11,8,5,8,0,,,,,
1775449717,2026-04-06T04:28:37.000Z,Tokyo,2026-04-06,0x74a9c3d9b22fe6ad104a9fdbba3ba2d4302990fa2d76af821bee78cecd09bd26,exact,17,17,23.2,23.48,22,10.52,above_obs,-6.2,6.2,0.001,0.999,14976,28946,0,290,11,7,6,9,0,,,,,
1775449717,2026-04-06T04:28:37.000Z,Tokyo,2026-04-06,0x881461989f40c741754641fd1568cf291a0b389e6c1622d13f486cbe5db452be,exact,14,14,23.2,23.48,22,10.52,above_obs,-9.2,9.2,0.002,0.999,73304,29540,0,168,11,10,8,10,0,,,,,
1775449717,2026-04-06T04:28:37.000Z,Tokyo,2026-04-06,0x89415470109a368cadc38b18e46a696c7fc3628f23b3c7dd9c556a9fba25202c,exact,22,22,23.2,23.48,22,10.52,above_obs,-1.2,1.2,0.5,0.5698151425762045,36,114,61,103,11,2,11,1,0,,,,,
1775449717,2026-04-06T04:28:37.000Z,Tokyo,2026-04-06,0x8a2a6e871db7bed8f87e464b68ee42e727b0d6707433b5654138e55e89a049fd,or_below,,13,23.2,23.48,22,10.52,above_obs,-10.2,10.2,0.001,0.999,49548,40546,0,134,11,11,7,11,0,,,,,
1775449717,2026-04-06T04:28:37.000Z,Tokyo,2026-04-06,0xc8ccc05dcb042dd4b6830275d67bdc53c00d5f8a772a6019097b7879dffb2be0,exact,21,21,23.2,23.48,22,10.52,above_obs,-2.2,2.2,0.1,0.91,54,2,82,154,11,3,9,3,0,,,,,
1775449967,2026-04-06T04:32:47.000Z,Tokyo,2026-04-06,0x07a1b5a8e1b48fc4a6a2298c19690796bcf7a471447950152205f04088094f7c,exact,19,19,23.2,23.55,22,10.45,above_obs,-4.2,4.2,0.001,0.999,1836,1932,2,551,11,5,1,4,0,,,,,
1775449967,2026-04-06T04:32:47.000Z,Tokyo,2026-04-06,0x0d5d296e18362e96fc00a77d1b6e43f81f78debbdbe662f4fa9ad89659ede591,exact,23,23,23.2,23.55,22,10.45,above_obs,-0.2,0.2,0.36,0.64,2,24,75,170,11,1,10,2,0,,,,,
1775449967,2026-04-06T04:32:47.000Z,Tokyo,2026-04-06,0x24a95642fa2ae4c95f6455299f37c165653b38c190535ef5b8203516a43dc9d1,exact,15,15,23.2,23.55,22,10.45,above_obs,-8.2,8.2,0.001,0.999,80188,29800,0,163,11,9,2,5,0,,,,,
1775449967,2026-04-06T04:32:47.000Z,Tokyo,2026-04-06,0x5730aec7ba1f6857f5b3be84401045319551d2bdc306271dd57f2f7aa72de74c,exact,18,18,23.2,23.55,22,10.45,above_obs,-5.2,5.2,0.001,0.999,10548,9294,0,77,11,6,3,6,0,,,,,
1775449967,2026-04-06T04:32:47.000Z,Tokyo,2026-04-06,0x5aa23da906473cc0e866300a13a6dd7f2604c46d4ce9294ef2c3e7125e2580dc,exact,20,20,23.2,23.55,22,10.45,above_obs,-3.2,3.2,0.001,0.999,3260,316,14,635,11,4,4,7,0,,,,,
1775449967,2026-04-06T04:32:47.000Z,Tokyo,2026-04-06,0x64de548529b94cee2f6100249ce7ddae10ce6d04465f5e1b7a31d7fbd53645cf,exact,16,16,23.2,23.55,22,10.45,above_obs,-7.2,7.2,0.001,0.999,59316,52030,0,216,11,8,5,8,0,,,,,
1775449967,2026-04-06T04:32:47.000Z,Tokyo,2026-04-06,0x74a9c3d9b22fe6ad104a9fdbba3ba2d4302990fa2d76af821bee78cecd09bd26,exact,17,17,23.2,23.55,22,10.45,above_obs,-6.2,6.2,0.001,0.999,15226,29196,0,290,11,7,6,9,0,,,,,
1775449967,2026-04-06T04:32:47.000Z,Tokyo,2026-04-06,0x881461989f40c741754641fd1568cf291a0b389e6c1622d13f486cbe5db452be,exact,14,14,23.2,23.55,22,10.45,above_obs,-9.2,9.2,0.002,0.999,73554,29790,0,168,11,10,8,10,0,,,,,
1775449967,2026-04-06T04:32:47.000Z,Tokyo,2026-04-06,0x89415470109a368cadc38b18e46a696c7fc3628f23b3c7dd9c556a9fba25202c,exact,22,22,23.2,23.55,22,10.45,above_obs,-1.2,1.2,0.5,0.45,286,140,59,106,11,2,11,1,0,,,,,
1775449967,2026-04-06T04:32:47.000Z,Tokyo,2026-04-06,0x8a2a6e871db7bed8f87e464b68ee42e727b0d6707433b5654138e55e89a049fd,or_below,,13,23.2,23.55,22,10.45,above_obs,-10.2,10.2,0.001,0.999,49798,40796,0,134,11,11,7,11,0,,,,,
1775449967,2026-04-06T04:32:47.000Z,Tokyo,2026-04-06,0xc8ccc05dcb042dd4b6830275d67bdc53c00d5f8a772a6019097b7879dffb2be0,exact,21,21,23.2,23.55,22,10.45,above_obs,-2.2,2.2,0.03,0.96,24,140,97,169,11,3,9,3,1,NO,0.9821430218590533,723.8559562200408,,open
1775485259,2026-04-06T14:20:59.000Z,Amsterdam,2026-04-06,0x33485e5d2953c5a0a723b062c5f997a6bfffb883c11dca4a99705f4e0865c337,exact,12,12,14.6,37.35,11.8,7.65,above_obs,-2.6,2.6,0.25999996463999775,0.95,72,364,40,60,11,5,10,2,1,NO,0.8943551027833364,48.894393469165,1.2788065308349985,closed
1775485259,2026-04-06T14:20:59.000Z,Amsterdam,2026-04-06,0x36087aae55a14cec130433584f13ab18b3e2ac9e35ea6e3ff3ea467c883108bf,exact,8,8,14.6,37.35,11.8,7.65,above_obs,-6.6,6.6,0.001,0.999,27512,24618,0,58,11,9,1,7,0,,,,,
1775485259,2026-04-06T14:20:59.000Z,Amsterdam,2026-04-06,0x380262166544936542a5787ae03db3858955ceefec0fc4f9f46be212b7cc8ecf,exact,14,14,14.6,37.35,11.8,7.65,above_obs,-0.6,0.6,0.03,0.978,66,680,25,111,11,2,9,3,0,,,,,
1775485259,2026-04-06T14:20:59.000Z,Amsterdam,2026-04-06,0x3d5c701020e70de29db4b661bca6e6d47cee7dda5740ae38e36e8e354260997d,exact,10,10,14.6,37.35,11.8,7.65,above_obs,-4.6,4.6,0.004,0.999,19440,8692,0,70,11,7,6,8,0,,,,,
1775485259,2026-04-06T14:20:59.000Z,Amsterdam,2026-04-06,0x40bb59284d44f11508652aa4a42aae9469eef73d4665970c7e007785de5d6b62,exact,11,11,14.6,37.35,11.8,7.65,above_obs,-3.6,3.6,0.001,0.999,7708,1572,2,170,11,6,2,9,0,,,,,
1775485259,2026-04-06T14:20:59.000Z,Amsterdam,2026-04-06,0x5f1e79d8f78260732104b7c53f1d1b0298ca85fc58237cb618cbcc70be090b9c,exact,7,7,14.6,37.35,11.8,7.65,above_obs,-7.6,7.6,0.001,0.9989999901294455,27512,26618,0,114,11,10,3,6,0,,,,,
1775485259,2026-04-06T14:20:59.000Z,Amsterdam,2026-04-06,0x673f86ceb2f675d018d0f42a28ff1042568f3c6a0cfc7dd4ad150e369c63c16d,exact,9,9,14.6,37.35,11.8,7.65,above_obs,-5.6,5.6,0.001,0.999,27512,19084,0,47,11,8,4,10,0,,,,,
1775485259,2026-04-06T14:20:59.000Z,Amsterdam,2026-04-06,0xbb05d94d1618ee88d4ce35904199a7ffaf605af211bd103dce957a3e8eb0eb7d,exact,13,13,14.6,37.35,11.8,7.65,above_obs,-1.6,1.6,0.57,0.16,118,676,40,198,11,4,11,1,0,,,,,
1775485259,2026-04-06T14:20:59.000Z,Amsterdam,2026-04-06,0xbb1784baead4dc2bf53f6f7d95cbbb5a4f2383fbc6ff71e93fcbdbf68605252f,or_below,,6,14.6,37.35,11.8,7.65,above_obs,-8.6,8.6,0.001,0.999,91650,94448,0,33,11,11,5,11,0,,,,,
1775485259,2026-04-06T14:20:59.000Z,Amsterdam,2026-04-06,0xd9a234c9eab649e2e8f0b45e490684ee446848c801c8bdcfd21d873da3f1ac35,exact,16,16,14.6,37.35,11.8,7.65,below_obs,1.4,1.4,0.005,0.995,676,128,184,264,11,3,7,4,0,,,,,
1775485259,2026-04-06T14:20:59.000Z,Amsterdam,2026-04-06,0xe49d858182bcdd3984ae24bf978dee912c75a207e1601ceff0171f28d5490a77,exact,15,15,14.6,37.35,11.8,7.65,below_obs,0.4,0.4,0.029,0.995,676,388,21,120,11,1,8,5,0,,,,,
1775545419,2026-04-07T07:03:39.000Z,Tokyo,2026-04-07,0x1eba0a190be56ad7e3a452d0c32b06315776d2f79058026183ca3497ca0ed252,exact,23,23,22.7,26.06,17.9,7.94,below_obs,0.3,0.3,0.001,0.997,112,6752,4,537,11,1,1,5,0,,,,,
1775545419,2026-04-07T07:03:39.000Z,Tokyo,2026-04-07,0x285f2dd1c4b5b809f8896cea25fd79303b38c817a4e233ae63438cae4eb25237,exact,15,15,22.7,26.06,17.9,7.94,above_obs,-7.7,7.7,0.001,0.999,51860,54650,0,200,11,10,2,6,0,,,,,
1775545419,2026-04-07T07:03:39.000Z,Tokyo,2026-04-07,0x32d2526898502473222aebb66c92674466a3e0090c9325da3e015588793954af,exact,17,17,22.7,26.06,17.9,7.94,above_obs,-5.7,5.7,0.001,0.999,51860,44954,0,350,11,8,3,7,0,,,,,
1775545419,2026-04-07T07:03:39.000Z,Tokyo,2026-04-07,0x502c70a2f1ac5a343eb3d2abf7178eaa50de2b888f8176e6e58a709b3274f2f7,exact,21,21,22.7,26.06,17.9,7.94,above_obs,-1.7,1.7,0.012842666666666667,0.976,112,138,61,638,11,4,9,3,0,,,,,
1775545419,2026-04-07T07:03:39.000Z,Tokyo,2026-04-07,0x5044a72834444ceb27cd80e4485d749b6d3d3da962fec6883066543f735ef9a1,or_below,,14,22.7,26.06,17.9,7.94,above_obs,-8.7,8.7,0.007,0.9840427698574338,167484,166362,0,93,11,11,8,4,0,,,,,
1775545419,2026-04-07T07:03:39.000Z,Tokyo,2026-04-07,0x517d6f6be5c37e6355006c4e869859b1ae5f4633971add7b12f89c2b2fc7f735,exact,20,20,22.7,26.06,17.9,7.94,above_obs,-2.7,2.7,0.10065541275291122,0.955,114,518,39,49,11,5,10,2,0,,,,,
1775545419,2026-04-07T07:03:39.000Z,Tokyo,2026-04-07,0x6154d3c5c5b7f2eae42af56eb61812f44feb949b63f2a930e8acd834562a9356,exact,16,16,22.7,26.06,17.9,7.94,above_obs,-6.7,6.7,0.001,0.999,50530,47356,0,267,11,9,4,8,0,,,,,
1775545419,2026-04-07T07:03:39.000Z,Tokyo,2026-04-07,0x64558a6022f8fb1070105c912e74dbd2c05449a7c0cfa0632ab6b08c5ec069f2,exact,24,24,22.7,26.06,17.9,7.94,below_obs,1.3,1.3,0.001,0.999,3336,2830,2,638,11,3,5,9,0,,,,,
1775545419,2026-04-07T07:03:39.000Z,Tokyo,2026-04-07,0xce29f49854e98f45af49a05f2185080c01b06824eba6d149c9f89edceabfa32a,exact,22,22,22.7,26.06,17.9,7.94,above_obs,-0.7,0.7,0.001,0.999,112,676,56,564,11,2,6,10,0,,,,,
1775545419,2026-04-07T07:03:39.000Z,Tokyo,2026-04-07,0xd5437502ffbecb95195eac82c75e98bcc46a8bb5f8f3413d0dabb9e3ed831978,exact,19,19,22.7,26.06,17.9,7.94,above_obs,-3.7,3.7,0.921,0.079,112,30,68,367,11,6,11,1,1,NO,0.07480532511481788,12.805175553154527,5.184104446845474,closed
1775545419,2026-04-07T07:03:39.000Z,Tokyo,2026-04-07,0xf5d2f2ce12690536d55011f2c92404368d7a44fc02c07c98f09c18a4712af9f0,exact,18,18,22.7,26.06,17.9,7.94,above_obs,-4.7,4.7,0.001,0.999,47032,44988,0,430,11,7,7,11,0,,,,,
1775546265,2026-04-07T07:17:45.000Z,Tokyo,2026-04-07,0x1eba0a190be56ad7e3a452d0c32b06315776d2f79058026183ca3497ca0ed252,exact,23,23,22.7,26.3,17.9,7.7,below_obs,0.3,0.3,0.001,0.999,688,614,14,548,11,1,1,5,0,,,,,
1775546265,2026-04-07T07:17:45.000Z,Tokyo,2026-04-07,0x285f2dd1c4b5b809f8896cea25fd79303b38c817a4e233ae63438cae4eb25237,exact,15,15,22.7,26.3,17.9,7.7,above_obs,-7.7,7.7,0.001,0.999,52706,55496,0,200,11,10,2,6,0,,,,,
1775546265,2026-04-07T07:17:45.000Z,Tokyo,2026-04-07,0x32d2526898502473222aebb66c92674466a3e0090c9325da3e015588793954af,exact,17,17,22.7,26.3,17.9,7.7,above_obs,-5.7,5.7,0.001,0.999,52706,45800,0,350,11,8,3,7,0,,,,,
1775546265,2026-04-07T07:17:45.000Z,Tokyo,2026-04-07,0x502c70a2f1ac5a343eb3d2abf7178eaa50de2b888f8176e6e58a709b3274f2f7,exact,21,21,22.7,26.3,17.9,7.7,above_obs,-1.7,1.7,0.007,0.9969999999884392,688,360,74,653,11,4,8,4,0,,,,,
1775546265,2026-04-07T07:17:45.000Z,Tokyo,2026-04-07,0x5044a72834444ceb27cd80e4485d749b6d3d3da962fec6883066543f735ef9a1,or_below,,14,22.7,26.3,17.9,7.7,above_obs,-8.7,8.7,0.007,0.9840427698574338,168330,167208,0,93,11,11,9,3,0,,,,,
1775546265,2026-04-07T07:17:45.000Z,Tokyo,2026-04-07,0x517d6f6be5c37e6355006c4e869859b1ae5f4633971add7b12f89c2b2fc7f735,exact,20,20,22.7,26.3,17.9,7.7,above_obs,-2.7,2.7,0.04733333333333333,0.952,32,24,58,72,11,5,10,2,0,,,,,
1775546265,2026-04-07T07:17:45.000Z,Tokyo,2026-04-07,0x6154d3c5c5b7f2eae42af56eb61812f44feb949b63f2a930e8acd834562a9356,exact,16,16,22.7,26.3,17.9,7.7,above_obs,-6.7,6.7,0.001,0.999,51376,48202,0,267,11,9,4,8,0,,,,,
1775546265,2026-04-07T07:17:45.000Z,Tokyo,2026-04-07,0x64558a6022f8fb1070105c912e74dbd2c05449a7c0cfa0632ab6b08c5ec069f2,exact,24,24,22.7,26.3,17.9,7.7,below_obs,1.3,1.3,0.001,0.999,4182,3676,0,638,11,3,5,9,0,,,,,
1775546265,2026-04-07T07:17:45.000Z,Tokyo,2026-04-07,0xce29f49854e98f45af49a05f2185080c01b06824eba6d149c9f89edceabfa32a,exact,22,22,22.7,26.3,17.9,7.7,above_obs,-0.7,0.7,0.001,0.999,688,94,68,577,11,2,6,10,0,,,,,
1775546265,2026-04-07T07:17:45.000Z,Tokyo,2026-04-07,0xd5437502ffbecb95195eac82c75e98bcc46a8bb5f8f3413d0dabb9e3ed831978,exact,19,19,22.7,26.3,17.9,7.7,above_obs,-3.7,3.7,0.952,0.1,104,652,80,388,11,6,11,1,1,NO,0.06964,0.0004756412000000543,,open
1775546265,2026-04-07T07:17:45.000Z,Tokyo,2026-04-07,0xf5d2f2ce12690536d55011f2c92404368d7a44fc02c07c98f09c18a4712af9f0,exact,18,18,22.7,26.3,17.9,7.7,above_obs,-4.7,4.7,0.001,0.999,47878,45834,0,430,11,7,7,11,0,,,,,
1775548619,2026-04-07T07:56:59.000Z,Tokyo,2026-04-07,0x1eba0a190be56ad7e3a452d0c32b06315776d2f79058026183ca3497ca0ed252,exact,23,23,22.7,26.95,17.9,7.05,below_obs,0.3,0.3,0.001,0.999,392,2968,15,549,11,1,1,6,0,,,,,
1775548619,2026-04-07T07:56:59.000Z,Tokyo,2026-04-07,0x285f2dd1c4b5b809f8896cea25fd79303b38c817a4e233ae63438cae4eb25237,exact,15,15,22.7,26.95,17.9,7.05,above_obs,-7.7,7.7,0.001,0.999,55060,57850,0,200,11,10,2,7,0,,,,,
1775548619,2026-04-07T07:56:59.000Z,Tokyo,2026-04-07,0x32d2526898502473222aebb66c92674466a3e0090c9325da3e015588793954af,exact,17,17,22.7,26.95,17.9,7.05,above_obs,-5.7,5.7,0.001,0.999,55060,48154,0,350,11,8,3,8,0,,,,,
1775548619,2026-04-07T07:56:59.000Z,Tokyo,2026-04-07,0x502c70a2f1ac5a343eb3d2abf7178eaa50de2b888f8176e6e58a709b3274f2f7,exact,21,21,22.7,26.95,17.9,7.05,above_obs,-1.7,1.7,0.007,0.992,4,90,131,763,11,4,8,4,0,,,,,
1775548619,2026-04-07T07:56:59.000Z,Tokyo,2026-04-07,0x5044a72834444ceb27cd80e4485d749b6d3d3da962fec6883066543f735ef9a1,or_below,,14,22.7,26.95,17.9,7.05,above_obs,-8.7,8.7,0.007,0.9840427698574338,170684,169562,0,93,11,11,9,3,0,,,,,
1775548619,2026-04-07T07:56:59.000Z,Tokyo,2026-04-07,0x517d6f6be5c37e6355006c4e869859b1ae5f4633971add7b12f89c2b2fc7f735,exact,20,20,22.7,26.95,17.9,7.05,above_obs,-2.7,2.7,0.05058695652173913,0.927,2,68,142,187,11,5,10,2,0,,,,,
1775548619,2026-04-07T07:56:59.000Z,Tokyo,2026-04-07,0x6154d3c5c5b7f2eae42af56eb61812f44feb949b63f2a930e8acd834562a9356,exact,16,16,22.7,26.95,17.9,7.05,above_obs,-6.7,6.7,0.001,0.999,53730,50556,0,267,11,9,4,9,0,,,,,
1775548619,2026-04-07T07:56:59.000Z,Tokyo,2026-04-07,0x64558a6022f8fb1070105c912e74dbd2c05449a7c0cfa0632ab6b08c5ec069f2,exact,24,24,22.7,26.95,17.9,7.05,below_obs,1.3,1.3,0.001,0.999,390,6030,1,639,11,3,5,10,0,,,,,
1775548619,2026-04-07T07:56:59.000Z,Tokyo,2026-04-07,0xce29f49854e98f45af49a05f2185080c01b06824eba6d149c9f89edceabfa32a,exact,22,22,22.7,26.95,17.9,7.05,above_obs,-0.7,0.7,0.003,0.997,4,126,127,688,11,2,7,5,0,,,,,
1775548619,2026-04-07T07:56:59.000Z,Tokyo,2026-04-07,0xd5437502ffbecb95195eac82c75e98bcc46a8bb5f8f3413d0dabb9e3ed831978,exact,19,19,22.7,26.95,17.9,7.05,above_obs,-3.7,3.7,0.9462239072661871,0.079,4,204,120,477,11,6,11,1,1,YES,0.9496264577858431,740.4568910989985,,open
1775548619,2026-04-07T07:56:59.000Z,Tokyo,2026-04-07,0xf5d2f2ce12690536d55011f2c92404368d7a44fc02c07c98f09c18a4712af9f0,exact,18,18,22.7,26.95,17.9,7.05,above_obs,-4.7,4.7,0.001,0.999,50232,48188,0,430,11,7,6,11,0,,,,,
1775580747,2026-04-07T16:52:27.000Z,Sao Paulo,2026-04-07,0x216df17c4ec1916480b12833b8451c3d324aa7533ea9cd3a9d4550dee8787d1b,exact,34,34,27.9,0.87,27.9,10.13,below_obs,6.1,6.1,0.001,0.999,280,848,21,241,11,10,1,7,0,,,,,
1775580747,2026-04-07T16:52:27.000Z,Sao Paulo,2026-04-07,0x404c0ddfd1bcdd647a657003d2f351d78dedb5c55d813a97843f9bf7d421ff03,exact,33,33,27.9,0.87,27.9,10.13,below_obs,5.1,5.1,0.002,0.998,280,848,19,282,11,9,5,5,0,,,,,
1775580747,2026-04-07T16:52:27.000Z,Sao Paulo,2026-04-07,0x56d072bdd890af6f36e85b2ff458b35453f78946f4fdebbcf39fb84c9243e330,exact,31,31,27.9,0.87,27.9,10.13,below_obs,3.1,3.1,0.002,0.992,280,526,33,425,11,7,6,4,0,,,,,
1775580747,2026-04-07T16:52:27.000Z,Sao Paulo,2026-04-07,0x6a72e37f394ba90b48cbbb5b0042214358fcdc10b09786f1b44587247d81e86d,exact,26,26,27.9,0.87,27.9,10.13,above_obs,-1.9,1.9,0.001,0.999,1532,6664,1,255,11,4,2,8,0,,,,,
1775580747,2026-04-07T16:52:27.000Z,Sao Paulo,2026-04-07,0x770fc04a913d2f63aa6a94fa81e24a76a9ee9d94489b49e95a640017a8e7c9f3,exact,30,30,27.9,0.87,27.9,10.13,below_obs,2.1,2.1,0.016,0.984,280,148,50,459,11,5,9,3,0,,,,,
1775580747,2026-04-07T16:52:27.000Z,Sao Paulo,2026-04-07,0x7b57dbab5223f0c595974260298f3190ed0fa15ef7aaac6d5bb207b2f94e6c80,exact,28,28,27.9,0.87,27.9,10.13,below_obs,0.1,0.1,0.6978145550246536,0.329,24,54,124,687,11,1,11,1,0,,,,,
1775580747,2026-04-07T16:52:27.000Z,Sao Paulo,2026-04-07,0x9011a870efa22a007b35141efe8dc45a97713b2e25616386f80daaa26167b749,exact,27,27,27.9,0.87,27.9,10.13,above_obs,-0.9,0.9,0.001,0.999,1532,420,18,406,11,2,3,9,0,,,,,
1775580747,2026-04-07T16:52:27.000Z,Sao Paulo,2026-04-07,0x9a2af62d995f24986df328d79f198ae7f51167469eb380bcd9f7dd54e9c47937,exact,32,32,27.9,0.87,27.9,10.13,below_obs,4.1,4.1,0.002,0.998,280,848,18,333,11,8,7,6,0,,,,,
1775580747,2026-04-07T16:52:27.000Z,Sao Paulo,2026-04-07,0xa83efa3e7150b320f3004d971fa43dec8f3c61730995e815d981926b4f8cd814,exact,29,29,27.9,0.87,27.9,10.13,below_obs,1.1,1.1,0.29,0.7099999502999869,280,254,64,106,11,3,10,2,1,NO,0.71,2.5276,0.8899999999999997,closed
1775580747,2026-04-07T16:52:27.000Z,Sao Paulo,2026-04-07,0xa9d1c50a1334f5adc445f6e0ab6771a65bac4f354b4a6e44aeaaaa6187e3d371,exact,35,35,27.9,0.87,27.9,10.13,below_obs,7.1,7.1,0.005,0.999,914,9792,10,206,11,11,8,10,0,,,,,
1775580747,2026-04-07T16:52:27.000Z,Sao Paulo,2026-04-07,0xf52f3f99041b450ebdd0efcfdec3b66f9a96675ea05baf86f7ae853595056228,or_below,,25,27.9,0.87,27.9,10.13,above_obs,-2.9,2.9,0.001,0.999,452,9078,2,348,11,6,4,11,0,,,,,
1775663903,2026-04-08T15:58:23.000Z,Sao Paulo,2026-04-08,0x1ac635f57b440a09bd92895b3848f310e03fa038842d2b7a6c018cbb4d97a2f9,exact,27,27,27.9,23.97,23.6,11.03,above_obs,-0.9,0.9,0.49,0.58,4,106,54,95,11,2,11,2,1,YES,0.5408768267223382,20.25042839248434,14.617451607515658,closed
1775663903,2026-04-08T15:58:23.000Z,Sao Paulo,2026-04-08,0x2fa2f29c506a0aa29aed7828462a29cf09ea15ffdefbc862edd38a7b2a771d12,exact,24,24,27.9,23.97,23.6,11.03,above_obs,-3.9,3.9,0.001,0.999,1756,10526,3,166,11,8,1,7,0,,,,,
1775663903,2026-04-08T15:58:23.000Z,Sao Paulo,2026-04-08,0x59d4ae5271729549d0dea061595422ddbce993884bab04e7636a8cbf42d519ff,exact,29,29,27.9,23.97,23.6,11.03,below_obs,1.1,1.1,0.17799987041596474,0.917,1886,44,33,403,11,3,9,3,0,,,,,
1775663903,2026-04-08T15:58:23.000Z,Sao Paulo,2026-04-08,0x5ba63dd7625c5c98fa232d153cc6d0af98cb3ecfc62d9285e9c7f703f318b059,exact,23,23,27.9,23.97,23.6,11.03,above_obs,-4.9,4.9,0.001,0.999,13494,29442,0,147,11,9,2,8,0,,,,,
1775663903,2026-04-08T15:58:23.000Z,Sao Paulo,2026-04-08,0x8660005648f70ff0decc2f6d3d02e67fe3561f22befa24af2f154dbafeda724b,or_below,,21,27.9,23.97,23.6,11.03,above_obs,-6.9,6.9,0.001,0.996,56650,69866,0,107,11,11,3,5,0,,,,,
1775663903,2026-04-08T15:58:23.000Z,Sao Paulo,2026-04-08,0x8941e91652a013dcad62ab473a4e725be2914756b2792c4654a27e059b79daba,exact,30,30,27.9,23.97,23.6,11.03,below_obs,2.1,2.1,0.029382929652612327,0.986,458,48,20,379,11,5,8,4,0,,,,,
1775663903,2026-04-08T15:58:23.000Z,Sao Paulo,2026-04-08,0x8c1c6056639d208c2dc21ca42487c2e0ba9c603bd5c30146cdf392820f82a519,exact,22,22,27.9,23.97,23.6,11.03,above_obs,-5.9,5.9,0.001,0.999,13494,37260,0,138,11,10,4,9,0,,,,,
1775663903,2026-04-08T15:58:23.000Z,Sao Paulo,2026-04-08,0x91b5c70bb7c7cbd5d0931dd362508cfb9149841631888924c28b8d92b3fb0c28,exact,28,28,27.9,23.97,23.6,11.03,below_obs,0.1,0.1,0.42,0.52,40,250,19,360,11,1,10,1,0,,,,,
1775663903,2026-04-08T15:58:23.000Z,Sao Paulo,2026-04-08,0x9b3fc4c3e4d27d2a41b276ff4e9910b9c66cdd8e833581ccc39a53f306cc4911,exact,25,25,27.9,23.97,23.6,11.03,above_obs,-2.9,2.9,0.001,0.999,1570,3342,4,261,11,6,5,10,0,,,,,
1775663903,2026-04-08T15:58:23.000Z,Sao Paulo,2026-04-08,0xb373d26ff45b54ba411d31e78b4e59752c6d8732593b313843ad137233f00cac,exact,31,31,27.9,23.97,23.6,11.03,below_obs,3.1,3.1,0.002,0.996,2054,48,12,270,11,7,7,6,0,,,,,
1775663903,2026-04-08T15:58:23.000Z,Sao Paulo,2026-04-08,0xdc47cefab9e5d6aa78704675f23b2fb4ce9b65eed494fff58c0688a25cc91312,exact,26,26,27.9,23.97,23.6,11.03,above_obs,-1.9,1.9,0.001,0.999,1752,592,17,424,11,4,6,11,0,,,,,
1775709457,2026-04-09T04:37:37.000Z,Jakarta,2026-04-09,0x3423189d586ea822854d32ab147fa301fec26abb692f3a321811d34f223ab495,exact,35,35,32,22.63,29.8,12.37,below_obs,3,3,0.003,0.997,1338,1238,3,94,11,6,3,6,0,,,,,
1775709457,2026-04-09T04:37:37.000Z,Jakarta,2026-04-09,0x41d49016f888ef8030b8557339963f4b64a3fd45b8a01fe0c2eee7f119e34092,exact,31,31,32,22.63,29.8,12.37,above_obs,-1,1,0.3349999028499796,0.68,658,1238,11,20,11,2,9,2,1,YES,0.44180363470110867,7.382538735855526,1.7415612641444742,closed
1775709457,2026-04-09T04:37:37.000Z,Jakarta,2026-04-09,0x437d1e4577e024bf4e5b045bf9f049ecb35be41e9add5edc05100efc87e8ad17,exact,27,27,32,22.63,29.8,12.37,above_obs,-5,5,0.001,0.999,16252,17850,0,70,11,10,1,7,0,,,,,
1775709457,2026-04-09T04:37:37.000Z,Jakarta,2026-04-09,0x58a9d24401db05aae60b0f51af67dc46ca80dd82b38209b2086b9706ad78bf95,exact,34,34,32,22.63,29.8,12.37,below_obs,2,2,0.05867,0.96,1338,840,5,91,11,4,8,4,0,,,,,
1775709457,2026-04-09T04:37:37.000Z,Jakarta,2026-04-09,0x8d88a179b60fff8c114ff1d4996c9eab9a774a63a795388780b866c96652991a,exact,36,36,32,22.63,29.8,12.37,below_obs,4,4,0.004,0.996,5508,8722,0,80,11,8,4,5,0,,,,,
1775709457,2026-04-09T04:37:37.000Z,Jakarta,2026-04-09,0x9466040be5e7a98bbcf9dd37d160a9e4e028117211aa1466c9a45f163c0be71a,exact,32,32,32,22.63,29.8,12.37,contains,0,0,0.35,0.64,804,1070,8,67,11,1,11,1,0,,,,,
1775709457,2026-04-09T04:37:37.000Z,Jakarta,2026-04-09,0xa52ae4bfe722a7ef35c9d7f9175dd55f797fe8606f81ae6efd7a38d3cbac7ad3,exact,28,28,32,22.63,29.8,12.37,above_obs,-4,4,0.004,0.999,16252,9632,0,83,11,9,5,8,0,,,,,
1775709457,2026-04-09T04:37:37.000Z,Jakarta,2026-04-09,0xadd1459dd5fe8dc75d1d598f6b19817d4b0c19120ddfc663d316072ce6c6678d,exact,29,29,32,22.63,29.8,12.37,above_obs,-3,3,0.01,0.999,7592,6054,0,96,11,7,7,9,0,,,,,
1775709457,2026-04-09T04:37:37.000Z,Jakarta,2026-04-09,0xbe5ee9737d55573cbf0e930c10afef4d172ef663812adb0ba0b0a0bfa49f00aa,exact,30,30,32,22.63,29.8,12.37,above_obs,-2,2,0.008,0.999,4924,2070,1,125,11,5,6,10,0,,,,,
1775709457,2026-04-09T04:37:37.000Z,Jakarta,2026-04-09,0xce87c8c94a6078424f73c22fb60585cf4d2d677b8266287c66260f9613a94e46,or_below,,26,32,22.63,29.8,12.37,above_obs,-6,6,0.001,0.999,16252,47446,0,51,11,11,2,11,0,,,,,
1775709457,2026-04-09T04:37:37.000Z,Jakarta,2026-04-09,0xe3f6bb446678b213a2f7041508243b450b33f8a29e819ab7afc7c5cb1bd6eb0c,exact,33,33,32,22.63,29.8,12.37,below_obs,1,1,0.34754764930114357,0.71,1342,422,4,83,11,3,10,3,0,,,,,
1775701895,2026-04-09T02:31:35.000Z,Jakarta,2026-04-09,0x3423189d586ea822854d32ab147fa301fec26abb692f3a321811d34f223ab495,exact,35,35,32,20.53,28.7,14.47,below_obs,3,3,0.03799996412799799,0.995,856,20,8,89,11,6,7,7,0,,,,,
1775701895,2026-04-09T02:31:35.000Z,Jakarta,2026-04-09,0x41d49016f888ef8030b8557339963f4b64a3fd45b8a01fe0c2eee7f119e34092,exact,31,31,32,20.53,28.7,14.47,above_obs,-1,1,0.17894695787831513,0.868999981218849,1722,2918,3,3,11,2,9,4,0,,,,,
1775701895,2026-04-09T02:31:35.000Z,Jakarta,2026-04-09,0x437d1e4577e024bf4e5b045bf9f049ecb35be41e9add5edc05100efc87e8ad17,exact,27,27,32,20.53,28.7,14.47,above_obs,-5,5,0.001,0.999,8690,10288,0,70,11,10,1,9,0,,,,,
1775701895,2026-04-09T02:31:35.000Z,Jakarta,2026-04-09,0x58a9d24401db05aae60b0f51af67dc46ca80dd82b38209b2086b9706ad78bf95,exact,34,34,32,20.53,28.7,14.47,below_obs,2,2,0.14986638830897703,0.84,658,774,9,74,11,4,8,3,0,,,,,
1775701895,2026-04-09T02:31:35.000Z,Jakarta,2026-04-09,0x8d88a179b60fff8c114ff1d4996c9eab9a774a63a795388780b866c96652991a,exact,36,36,32,20.53,28.7,14.47,below_obs,4,4,0.005533666666666667,0.996,5604,1160,3,79,11,8,4,8,0,,,,,
1775701895,2026-04-09T02:31:35.000Z,Jakarta,2026-04-09,0x9466040be5e7a98bbcf9dd37d160a9e4e028117211aa1466c9a45f163c0be71a,exact,32,32,32,20.53,28.7,14.47,contains,0,0,0.22,0.78,8574,1920,1,56,11,1,10,1,0,,,,,
1775701895,2026-04-09T02:31:35.000Z,Jakarta,2026-04-09,0xa52ae4bfe722a7ef35c9d7f9175dd55f797fe8606f81ae6efd7a38d3cbac7ad3,exact,28,28,32,20.53,28.7,14.47,above_obs,-4,4,0.004,0.999,8690,2070,4,83,11,9,3,10,0,,,,,
1775701895,2026-04-09T02:31:35.000Z,Jakarta,2026-04-09,0xadd1459dd5fe8dc75d1d598f6b19817d4b0c19120ddfc663d316072ce6c6678d,exact,29,29,32,20.53,28.7,14.47,above_obs,-3,3,0.01,0.99,30,16,2,81,11,7,5,6,1,NO,0.9964590074021785,940.2615991512272,,open
1775701895,2026-04-09T02:31:35.000Z,Jakarta,2026-04-09,0xbe5ee9737d55573cbf0e930c10afef4d172ef663812adb0ba0b0a0bfa49f00aa,exact,30,30,32,20.53,28.7,14.47,above_obs,-2,2,0.011,0.989,216,20,4,106,11,5,6,5,0,,,,,
1775701895,2026-04-09T02:31:35.000Z,Jakarta,2026-04-09,0xce87c8c94a6078424f73c22fb60585cf4d2d677b8266287c66260f9613a94e46,or_below,,26,32,20.53,28.7,14.47,above_obs,-6,6,0.001,0.999,8690,39884,0,51,11,11,2,11,0,,,,,
1775701895,2026-04-09T02:31:35.000Z,Jakarta,2026-04-09,0xe3f6bb446678b213a2f7041508243b450b33f8a29e819ab7afc7c5cb1bd6eb0c,exact,33,33,32,20.53,28.7,14.47,below_obs,1,1,0.22999982749995687,0.8,666,1766,7,74,11,3,11,2,0,,,,,
1775750291,2026-04-09T15:58:11.000Z,Sao Paulo,2026-04-09,0x21b88bbb7f575ac6b7b297db8fcf3eb8e4307da97df3a1cd7c404086a488ce31,exact,30,30,24.8,19.97,24.2,11.03,below_obs,5.2,5.2,0.001,0.999,86,94,38,297,11,9,1,6,0,,,,,
1775750291,2026-04-09T15:58:11.000Z,Sao Paulo,2026-04-09,0x26d8adc4b26a80038d35eb6afb07f5898d9a37bb39dff6633765305bbf188bec,exact,23,23,24.8,19.97,24.2,11.03,above_obs,-1.8,1.8,0.001,0.999,14268,13476,0,204,11,4,2,7,0,,,,,
1775750291,2026-04-09T15:58:11.000Z,Sao Paulo,2026-04-09,0x5c6a26ca32f0f98290073300c35270f507eb27890ea17c33be8d88f1ecbbbd5a,exact,29,29,24.8,19.97,24.2,11.03,below_obs,4.2,4.2,0.135,0.9453627593248219,142,4,53,397,11,8,10,3,0,,,,,
1775750291,2026-04-09T15:58:11.000Z,Sao Paulo,2026-04-09,0x617b0918439fa9ee4036508099f0e918cc713fdf8abea41f12eeb3636ab19913,exact,27,27,24.8,19.97,24.2,11.03,below_obs,2.2,2.2,0.1,0.8517241379310345,80,58,117,569,11,5,9,2,0,,,,,
1775750291,2026-04-09T15:58:11.000Z,Sao Paulo,2026-04-09,0x733591f9beca1aa982083fcc07dd04bb780a348f1f3e91d266f427d67b1988e8,or_below,,22,24.8,19.97,24.2,11.03,above_obs,-2.8,2.8,0.001,0.999,50328,49910,0,157,11,6,3,8,0,,,,,
1775750291,2026-04-09T15:58:11.000Z,Sao Paulo,2026-04-09,0xa49703026626e9ddb6e3acdea92d70e54710892a39c60736af58307a7ae41094,exact,32,32,24.8,19.97,24.2,11.03,below_obs,7.2,7.2,0.003,0.998,238,2132,24,162,11,11,7,4,0,,,,,
1775750291,2026-04-09T15:58:11.000Z,Sao Paulo,2026-04-09,0xa596fd64681988516f9be84b5ad81ba836ff9be3bd8e60137d346a20187a5d89,exact,28,28,24.8,19.97,24.2,11.03,below_obs,3.2,3.2,0.3395736137667304,0.272,38,34,112,181,11,7,11,1,1,NO,0.28,10.318000000000001,2.6900499999999976,closed
1775750291,2026-04-09T15:58:11.000Z,Sao Paulo,2026-04-09,0xabee210d830e787bc583720ba3ae3f146fb2a04fc822fe50abc78eb22cd30539,exact,24,24,24.8,19.97,24.2,11.03,above_obs,-0.8,0.8,0.001,0.999,2952,1086,2,324,11,2,4,9,0,,,,,
1775750291,2026-04-09T15:58:11.000Z,Sao Paulo,2026-04-09,0xaf716ce4c5ab767f3ea2167f74f789a06b66c7729ea4fa0549afe0cc1eae5271,exact,31,31,24.8,19.97,24.2,11.03,below_obs,6.2,6.2,0.004,0.998,238,3396,22,165,11,10,8,5,0,,,,,
1775750291,2026-04-09T15:58:11.000Z,Sao Paulo,2026-04-09,0xb59a42e7ea7f658135b943a28bfee3a585539e8835df468ad435b7c0e07b2093,exact,25,25,24.8,19.97,24.2,11.03,below_obs,0.2,0.2,0.001,0.999,2952,34,5,473,11,1,5,10,0,,,,,
1775750291,2026-04-09T15:58:11.000Z,Sao Paulo,2026-04-09,0xeb91cefeb3f31db08c5642f2be0ce2d178c94454a381b184e9a93cc94a29ecd5,exact,26,26,24.8,19.97,24.2,11.03,below_obs,1.2,1.2,0.001,0.999,2952,1572,19,422,11,3,6,11,0,,,,,
1775757865,2026-04-09T18:04:25.000Z,Buenos Aires,2026-04-09,0x1001b16fef981034ee2eb009980f79d1a74138ae1812dbd7924d82f0c2a1ea09,exact,17,17,21.2,23.07,20.5,8.93,above_obs,-4.2,4.2,0.002,0.998,15534,35946,0,233,11,9,7,4,0,,,,,
1775757865,2026-04-09T18:04:25.000Z,Buenos Aires,2026-04-09,0x1f70699d2ce8aa0cb39123c3706483318177f9f0ef0f78dc2a8af8a409b67be9,exact,22,22,21.2,23.07,20.5,8.93,below_obs,0.8,0.8,0.35,0.65,2,2,51,508,11,2,10,2,0,,,,,
1775757865,2026-04-09T18:04:25.000Z,Buenos Aires,2026-04-09,0x2acefccb0a5e1a4a8a7d9e4507c2b8ed3dde9924d5dea57568c0fa53a1cf9944,exact,16,16,21.2,23.07,20.5,8.93,above_obs,-5.2,5.2,0.001,0.999,20414,115964,0,153,11,10,1,5,0,,,,,
1775757865,2026-04-09T18:04:25.000Z,Buenos Aires,2026-04-09,0x30160e3172e2fa0acfe2a7b5dc7c9411887f7976f6271d36d3be85ecbb221700,exact,19,19,21.2,23.07,20.5,8.93,above_obs,-2.2,2.2,0.001,0.999,3732,450,1,504,11,5,2,6,0,,,,,
1775757865,2026-04-09T18:04:25.000Z,Buenos Aires,2026-04-09,0x61b52403cfb4bb00c251703ab5743becb174f7ea0d04d246f9811bb19473e7eb,exact,23,23,21.2,23.07,20.5,8.93,below_obs,1.8,1.8,0.003,0.9953135435992578,2,2,36,506,11,4,8,3,0,,,,,
1775757865,2026-04-09T18:04:25.000Z,Buenos Aires,2026-04-09,0x763c1f171c0083024d2b32bb6c1df34b96394ff35033ba4304e44142d0bda6bf,or_below,,15,21.2,23.07,20.5,8.93,above_obs,-6.2,6.2,0.004,0.999,20414,20750,0,169,11,11,9,7,0,,,,,
1775757865,2026-04-09T18:04:25.000Z,Buenos Aires,2026-04-09,0xc7bc88e13d0d1308a04869e2c52a3ef6e96f354cbd53b0cae07e42ecbb877696,exact,24,24,21.2,23.07,20.5,8.93,below_obs,2.8,2.8,0.001,0.999,2,2,30,346,11,6,3,8,0,,,,,
1775757865,2026-04-09T18:04:25.000Z,Buenos Aires,2026-04-09,0xce4610f1009228fd8c6c4ccec976a897d7b611c94c85a91dbaae7bcc9e099de4,exact,25,25,21.2,23.07,20.5,8.93,below_obs,3.8,3.8,0.001,0.999,2,2,30,387,11,8,4,9,0,,,,,
1775757865,2026-04-09T18:04:25.000Z,Buenos Aires,2026-04-09,0xce76e0f4bc97c60d38e420fb2d927dab19551329e26cb66d164f0c975aac573c,exact,20,20,21.2,23.07,20.5,8.93,above_obs,-1.2,1.2,0.001,0.999,3066,558,10,541,11,3,5,10,0,,,,,
1775757865,2026-04-09T18:04:25.000Z,Buenos Aires,2026-04-09,0xdb33f956d46a8c86cd88367796fbe1f6655429c5892e283d0ac39ff2a06a7d54,exact,21,21,21.2,23.07,20.5,8.93,above_obs,-0.2,0.2,0.6434999929149994,0.38,4,104,74,137,11,1,11,1,1,YES,0.66,0.68041116,0.31958684000000004,closed
1775757865,2026-04-09T18:04:25.000Z,Buenos Aires,2026-04-09,0xdbd925d8581928765602cba8bdc0afdcb81a79bb8ae3999576762ac2bb0d85cc,exact,18,18,21.2,23.07,20.5,8.93,above_obs,-3.2,3.2,0.001,0.999,3732,1426,1,339,11,7,6,11,0,,,,,
1775757869,2026-04-09T18:04:29.000Z,Buenos Aires,2026-04-09,0x1001b16fef981034ee2eb009980f79d1a74138ae1812dbd7924d82f0c2a1ea09,exact,17,17,21.2,23.07,20.5,8.93,above_obs,-4.2,4.2,0.002,0.998,15538,35950,0,233,11,9,7,4,0,,,,,
1775757869,2026-04-09T18:04:29.000Z,Buenos Aires,2026-04-09,0x1f70699d2ce8aa0cb39123c3706483318177f9f0ef0f78dc2a8af8a409b67be9,exact,22,22,21.2,23.07,20.5,8.93,below_obs,0.8,0.8,0.35,0.6502292177354019,6,2,51,509,11,2,10,2,0,,,,,
1775757869,2026-04-09T18:04:29.000Z,Buenos Aires,2026-04-09,0x2acefccb0a5e1a4a8a7d9e4507c2b8ed3dde9924d5dea57568c0fa53a1cf9944,exact,16,16,21.2,23.07,20.5,8.93,above_obs,-5.2,5.2,0.001,0.999,20418,115968,0,153,11,10,1,5,0,,,,,
1775757869,2026-04-09T18:04:29.000Z,Buenos Aires,2026-04-09,0x30160e3172e2fa0acfe2a7b5dc7c9411887f7976f6271d36d3be85ecbb221700,exact,19,19,21.2,23.07,20.5,8.93,above_obs,-2.2,2.2,0.001,0.999,3736,454,1,504,11,5,2,6,0,,,,,
1775757869,2026-04-09T18:04:29.000Z,Buenos Aires,2026-04-09,0x61b52403cfb4bb00c251703ab5743becb174f7ea0d04d246f9811bb19473e7eb,exact,23,23,21.2,23.07,20.5,8.93,below_obs,1.8,1.8,0.003,0.9953135435992578,6,6,36,506,11,4,8,3,0,,,,,
1775757869,2026-04-09T18:04:29.000Z,Buenos Aires,2026-04-09,0x763c1f171c0083024d2b32bb6c1df34b96394ff35033ba4304e44142d0bda6bf,or_below,,15,21.2,23.07,20.5,8.93,above_obs,-6.2,6.2,0.004,0.999,20418,20754,0,169,11,11,9,7,0,,,,,
1775757869,2026-04-09T18:04:29.000Z,Buenos Aires,2026-04-09,0xc7bc88e13d0d1308a04869e2c52a3ef6e96f354cbd53b0cae07e42ecbb877696,exact,24,24,21.2,23.07,20.5,8.93,below_obs,2.8,2.8,0.001,0.999,6,6,30,346,11,6,3,8,0,,,,,
1775757869,2026-04-09T18:04:29.000Z,Buenos Aires,2026-04-09,0xce4610f1009228fd8c6c4ccec976a897d7b611c94c85a91dbaae7bcc9e099de4,exact,25,25,21.2,23.07,20.5,8.93,below_obs,3.8,3.8,0.001,0.999,6,6,30,387,11,8,4,9,0,,,,,
1775757869,2026-04-09T18:04:29.000Z,Buenos Aires,2026-04-09,0xce76e0f4bc97c60d38e420fb2d927dab19551329e26cb66d164f0c975aac573c,exact,20,20,21.2,23.07,20.5,8.93,above_obs,-1.2,1.2,0.001,0.999,3070,562,10,541,11,3,5,10,0,,,,,
1775757869,2026-04-09T18:04:29.000Z,Buenos Aires,2026-04-09,0xdb33f956d46a8c86cd88367796fbe1f6655429c5892e283d0ac39ff2a06a7d54,exact,21,21,21.2,23.07,20.5,8.93,above_obs,-0.2,0.2,0.66,0.38,4,108,75,138,11,1,11,1,1,YES,0.66,0.003541559999999109,,open
1775757869,2026-04-09T18:04:29.000Z,Buenos Aires,2026-04-09,0xdbd925d8581928765602cba8bdc0afdcb81a79bb8ae3999576762ac2bb0d85cc,exact,18,18,21.2,23.07,20.5,8.93,above_obs,-3.2,3.2,0.001,0.999,3736,1430,1,339,11,7,6,11,0,,,,,
1775833269,2026-04-10T15:01:09.000Z,Sao Paulo,2026-04-10,0x052d2a4e6597b3c8842714afbaaa184567bd81f92e441af27ab307faeadfc9bb,exact,26,26,25.2,23.02,21,11.98,below_obs,0.8,0.8,0.002,0.998,2262,250,3,242,11,2,2,6,0,,,,,
1775833269,2026-04-10T15:01:09.000Z,Sao Paulo,2026-04-10,0x0ed19070a0adc3ea17fb767f81348080a604bbf762a9dcdc93544d9008b39d92,exact,20,20,25.2,23.02,21,11.98,above_obs,-5.2,5.2,0.001,0.999,2376,1212,13,312,11,10,1,9,0,,,,,
1775833269,2026-04-10T15:01:09.000Z,Sao Paulo,2026-04-10,0x101224a724b944a63837ad3ccd7bd368a2a049820906f4c518c6ec90cd379f8b,exact,23,23,25.2,23.02,21,11.98,above_obs,-2.2,2.2,0.15,0.85,56,128,21,403,11,5,9,3,0,,,,,
1775833269,2026-04-10T15:01:09.000Z,Sao Paulo,2026-04-10,0x35a55d1aef4d8f44e5eadd34a6cb337867596caa4c90db0271444a2d3bab35a0,exact,25,25,25.2,23.02,21,11.98,above_obs,-0.2,0.2,0.016,0.982,2262,3020,7,275,11,1,7,5,0,,,,,
1775833269,2026-04-10T15:01:09.000Z,Sao Paulo,2026-04-10,0x4eb316c7573292061a070fb718a5897a6c4f26939767f1807b83c51da5d3b3cd,exact,21,21,25.2,23.02,21,11.98,above_obs,-4.2,4.2,0.17808785529715762,0.8,208,138,41,92,11,9,10,2,1,YES,0.2,0.634,1.4582000000000002,closed
1775833269,2026-04-10T15:01:09.000Z,Sao Paulo,2026-04-10,0x793db29ba0692bfafbef6c70540e8cf39b4c6106e7f1839f18b7f8f5fabc5db7,exact,29,29,25.2,23.02,21,11.98,below_obs,3.8,3.8,0.007,0.998000007984,2262,2460,3,209,11,8,6,8,0,,,,,
1775833269,2026-04-10T15:01:09.000Z,Sao Paulo,2026-04-10,0x7971f089d81e51a41d5a5ea9e9d00075f2e3590f4250a21efebffbb7e90dad42,exact,24,24,25.2,23.02,21,11.98,above_obs,-1.2,1.2,0.050704,0.96,52,1464,12,388,11,3,8,4,0,,,,,
1775833269,2026-04-10T15:01:09.000Z,Sao Paulo,2026-04-10,0x8add7f391a894f7bcf0dc4c61cd7837491281e477574999881fb8334dcd56abd,exact,27,27,25.2,23.02,21,11.98,below_obs,1.8,1.8,0.004,0.999,2262,6472,3,235,11,4,3,10,0,,,,,
1775833269,2026-04-10T15:01:09.000Z,Sao Paulo,2026-04-10,0x9f3429b0f46901589a7b17983e81c22260b3e59b30b5c2c7f5f6eb1279f0b617,or_below,,19,25.2,23.02,21,11.98,above_obs,-6.2,6.2,0.004,0.999,45612,41828,0,145,11,11,4,11,0,,,,,
1775833269,2026-04-10T15:01:09.000Z,Sao Paulo,2026-04-10,0xa33b96da83675cb5383a055087743a4ca20e7cc69ec85ce22ea67ac8332cb096,exact,28,28,25.2,23.02,21,11.98,below_obs,2.8,2.8,0.006,0.998,2376,4724,1,205,11,6,5,7,0,,,,,
1775833269,2026-04-10T15:01:09.000Z,Sao Paulo,2026-04-10,0xe9b95660160e33a7c2aa2879e6c0dd5f541b52781b1cd155fa020438f1f7bbd8,exact,22,22,25.2,23.02,21,11.98,above_obs,-3.2,3.2,0.5520287054926856,0.4524812030075188,20,12,23,339,11,7,11,1,0,,,,,
1775847843,2026-04-10T19:04:03.000Z,Buenos Aires,2026-04-10,0x32bc327bd1a313ecdd121358ebef936dc5d41c7618fa83f32b2f965348810b31,exact,18,18,22.2,1.07,22.1,7.93,above_obs,-4.2,4.2,0.002,0.996,20860,26976,0,186,11,17,11,5,0,,,,,
1775847843,2026-04-10T19:04:03.000Z,Buenos Aires,2026-04-10,0x5541cbc2ef438491e0635a1eac158ab82b44b0e44ccf0894c3fa610bdd731d8c,exact,20,20,22.2,1.07,22.1,7.93,above_obs,-2.2,2.2,0.009,0.999,14648,5182,0,400,11,9,17,11,0,,,,,
1775847843,2026-04-10T19:04:03.000Z,Buenos Aires,2026-04-10,0x7f19386f52c5ceb6eeb55967f25cb6109673bfe16c8b579900f87721a6899af6,exact,24,24,22.2,1.07,22.1,7.93,below_obs,1.8,1.8,0.11423122593645425,0.92,70,94,52,134,11,7,19,3,1,YES,0.23179043831589868,3.621725598685917,11.378274401314084,closed
1775847843,2026-04-10T19:04:03.000Z,Buenos Aires,2026-04-10,0x88fd45522e7ac77d881dd007604281e3550f781849055b3023a8e12462b1b5bf,or_below,,16,22.2,1.07,22.1,7.93,above_obs,-6.2,6.2,0.001,0.999,28010,19868,0,191,11,21,1,12,0,,,,,
1775847843,2026-04-10T19:04:03.000Z,Buenos Aires,2026-04-10,0x8c1a2b777adb22b0a685e9c4d8cb6b8cdd3ad554faf3863d6268f63061a41689,exact,21,21,22.2,1.07,22.1,7.93,above_obs,-1.2,1.2,0.001,0.999,4434,186,1,590,11,5,2,13,0,,,,,
1775847843,2026-04-10T19:04:03.000Z,Buenos Aires,2026-04-10,0x9741f721cb34f481b0b175339f348b1bd5e01f3eba58bffdaa95789fc62238f9,exact,19,19,22.2,1.07,22.1,7.93,above_obs,-3.2,3.2,0.001,0.999,20054,16788,0,286,11,13,3,14,0,,,,,
1775847843,2026-04-10T19:04:03.000Z,Buenos Aires,2026-04-10,0xa46caf54b4af24d92a1748de6dd33d614a6cfe8cd2f68538e50b6aceb7b548de,exact,17,17,22.2,1.07,22.1,7.93,above_obs,-5.2,5.2,0.001,0.999,25050,26302,0,155,11,19,4,15,0,,,,,
1775847843,2026-04-10T19:04:03.000Z,Buenos Aires,2026-04-10,0xaa6b3d22ab159b391a95705b220a0ddf4a6d9764dbdf3023f8c9b0afc332ded7,exact,22,22,22.2,1.07,22.1,7.93,above_obs,-0.2,0.2,0.001,0.999,6710,190,3,610,11,1,5,16,0,,,,,
1775847843,2026-04-10T19:04:03.000Z,Buenos Aires,2026-04-10,0xbd7d39316905db49243c1aac6d80b91bd7df6d47a6650220ea1b0256a141a7fd,exact,25,25,22.2,1.07,22.1,7.93,below_obs,2.8,2.8,0.002,0.998,292,292,55,535,11,11,12,9,0,,,,,
1775847843,2026-04-10T19:04:03.000Z,Buenos Aires,2026-04-10,0xbe94913f1c79bddfed510992f2be73826c95ea164a1e2269fdc14d12110789be,exact,26,26,22.2,1.07,22.1,7.93,below_obs,3.8,3.8,0.003,0.996,480,292,37,470,11,15,15,6,0,,,,,
1775847843,2026-04-10T19:04:03.000Z,Buenos Aires,2026-04-10,0xefbfbcb286d351ff8b85e7d4be524c0a7daae20c54bfe292c079363c794a2271,exact,23,23,22.2,1.07,22.1,7.93,below_obs,0.8,0.8,0.9310406169499215,0.0938781163434903,178,136,88,567,11,3,21,1,0,,,,,
1775847843,2026-04-10T19:04:03.000Z,Buenos Aires,2026-04-10,0x32bc327bd1a313ecdd121358ebef936dc5d41c7618fa83f32b2f965348810b31,exact,18,18,22.2,1.07,22.1,7.93,above_obs,-4.2,4.2,0.002,0.996,20860,26976,0,186,11,18,13,7,0,,,,,
1775847843,2026-04-10T19:04:03.000Z,Buenos Aires,2026-04-10,0x5541cbc2ef438491e0635a1eac158ab82b44b0e44ccf0894c3fa610bdd731d8c,exact,20,20,22.2,1.07,22.1,7.93,above_obs,-2.2,2.2,0.009,0.999,14648,5182,0,400,11,10,18,17,0,,,,,
1775847843,2026-04-10T19:04:03.000Z,Buenos Aires,2026-04-10,0x7f19386f52c5ceb6eeb55967f25cb6109673bfe16c8b579900f87721a6899af6,exact,24,24,22.2,1.07,22.1,7.93,below_obs,1.8,1.8,0.11423122593645425,0.92,70,94,52,134,11,8,20,4,0,,,,,
1775847843,2026-04-10T19:04:03.000Z,Buenos Aires,2026-04-10,0x88fd45522e7ac77d881dd007604281e3550f781849055b3023a8e12462b1b5bf,or_below,,16,22.2,1.07,22.1,7.93,above_obs,-6.2,6.2,0.001,0.999,28010,19868,0,191,11,22,6,18,0,,,,,
1775847843,2026-04-10T19:04:03.000Z,Buenos Aires,2026-04-10,0x8c1a2b777adb22b0a685e9c4d8cb6b8cdd3ad554faf3863d6268f63061a41689,exact,21,21,22.2,1.07,22.1,7.93,above_obs,-1.2,1.2,0.001,0.999,4434,186,1,590,11,6,7,19,0,,,,,
1775847843,2026-04-10T19:04:03.000Z,Buenos Aires,2026-04-10,0x9741f721cb34f481b0b175339f348b1bd5e01f3eba58bffdaa95789fc62238f9,exact,19,19,22.2,1.07,22.1,7.93,above_obs,-3.2,3.2,0.001,0.999,20054,16788,0,286,11,14,8,20,0,,,,,
1775847843,2026-04-10T19:04:03.000Z,Buenos Aires,2026-04-10,0xa46caf54b4af24d92a1748de6dd33d614a6cfe8cd2f68538e50b6aceb7b548de,exact,17,17,22.2,1.07,22.1,7.93,above_obs,-5.2,5.2,0.001,0.999,25050,26302,0,155,11,20,9,21,0,,,,,
1775847843,2026-04-10T19:04:03.000Z,Buenos Aires,2026-04-10,0xaa6b3d22ab159b391a95705b220a0ddf4a6d9764dbdf3023f8c9b0afc332ded7,exact,22,22,22.2,1.07,22.1,7.93,above_obs,-0.2,0.2,0.001,0.999,6710,190,3,610,11,2,10,22,0,,,,,
1775847843,2026-04-10T19:04:03.000Z,Buenos Aires,2026-04-10,0xbd7d39316905db49243c1aac6d80b91bd7df6d47a6650220ea1b0256a141a7fd,exact,25,25,22.2,1.07,22.1,7.93,below_obs,2.8,2.8,0.002,0.998,292,292,55,535,11,12,14,10,0,,,,,
1775847843,2026-04-10T19:04:03.000Z,Buenos Aires,2026-04-10,0xbe94913f1c79bddfed510992f2be73826c95ea164a1e2269fdc14d12110789be,exact,26,26,22.2,1.07,22.1,7.93,below_obs,3.8,3.8,0.003,0.996,480,292,37,470,11,16,16,8,0,,,,,
1775847843,2026-04-10T19:04:03.000Z,Buenos Aires,2026-04-10,0xefbfbcb286d351ff8b85e7d4be524c0a7daae20c54bfe292c079363c794a2271,exact,23,23,22.2,1.07,22.1,7.93,below_obs,0.8,0.8,0.9310406169499215,0.0938781163434903,178,136,88,567,11,4,22,2,1,NO,0.8769834570478083,1075.6682249134103,,open
1775860353,2026-04-10T22:32:33.000Z,Wellington,2026-04-11,0x1f02545525b7ab26caf5756e770bba37452a3ffa914b7b9f96a47e5db5ffee45,exact,15,15,16.8,0.54,16.8,13.46,above_obs,-1.8,1.8,0.001,0.999,5608,4912,0,146,11,4,1,8,0,,,,,
1775860353,2026-04-10T22:32:33.000Z,Wellington,2026-04-11,0x528a3633a69c38357180b856c31d92d865400fce64610c0cbe734bcec1d1c7d0,exact,21,21,16.8,0.54,16.8,13.46,below_obs,4.2,4.2,0.3299999495710398,0.68,274,1514,15,309,11,9,10,1,0,,,,,
1775860353,2026-04-10T22:32:33.000Z,Wellington,2026-04-11,0x741a61ef1c732ca847a40f46bc2f6d47df58f2844b55937d80717563a7d0eed5,exact,18,18,16.8,0.54,16.8,13.46,below_obs,1.2,1.2,0.044,0.956,70,34,20,28,11,3,7,5,0,,,,,
1775860353,2026-04-10T22:32:33.000Z,Wellington,2026-04-11,0x8cbfc0561e91478acbd9f02bb94120fdf36d9d7071027be2836b43e29eab7941,exact,14,14,16.8,0.54,16.8,13.46,above_obs,-2.8,2.8,0.003,0.999,9844,8994,0,365,11,6,5,9,0,,,,,
1775860353,2026-04-10T22:32:33.000Z,Wellington,2026-04-11,0xa575ce77ba4acb8c04b6d461b3f3340baac13a4bf83992f17cc7ce2dae29ae44,exact,17,17,16.8,0.54,16.8,13.46,below_obs,0.2,0.2,0.002,0.998,1002,2406,3,21,11,1,3,7,1,YES,0.005523493887906511,1.4368816999999998,0.32395830000000014,closed
1775860353,2026-04-10T22:32:33.000Z,Wellington,2026-04-11,0xb7b70d797e34a1e12ba0c788820c4db6c23e34e51b1a4f3e744046dc71523914,or_below,,13,16.8,0.54,16.8,13.46,above_obs,-3.8,3.8,0.001,0.999,77208,67298,0,115,11,8,2,10,0,,,,,
1775860353,2026-04-10T22:32:33.000Z,Wellington,2026-04-11,0xb8948821be620cae61a2406e173206fb734b977a06a819247016ca3d9e2c4953,exact,16,16,16.8,0.54,16.8,13.46,above_obs,-0.8,0.8,0.002,0.999,1002,1570,6,143,11,2,4,11,0,,,,,
1775860353,2026-04-10T22:32:33.000Z,Wellington,2026-04-11,0xbef60744dd4321857605609ebf12cd39aff7b4af227f451ffb0bdd91f3a4757f,exact,23,23,16.8,0.54,16.8,13.46,below_obs,6.2,6.2,0.08,0.929,1002,312,5,289,11,11,8,4,0,,,,,
1775860353,2026-04-10T22:32:33.000Z,Wellington,2026-04-11,0xbf671446d859458c2bd404f504be43bbd33953f3ba3c21edfd2cf88c253b3ded,exact,20,20,16.8,0.54,16.8,13.46,below_obs,3.2,3.2,0.12,0.86,686,494,12,377,11,7,9,3,0,,,,,
1775860353,2026-04-10T22:32:33.000Z,Wellington,2026-04-11,0xc6c7872f9f4d7f3a90979be727d6c9949301e975db5b8bf772927dd5353d9cfc,exact,22,22,16.8,0.54,16.8,13.46,below_obs,5.2,5.2,0.3946173254835997,0.6851654890875505,556,560,13,293,11,10,11,2,0,,,,,
1775860353,2026-04-10T22:32:33.000Z,Wellington,2026-04-11,0xd2c662d490be9fee01c9800fb77238bcc64a50dbf6b1b8b8bb6f6f4e39a98767,exact,19,19,16.8,0.54,16.8,13.46,below_obs,2.2,2.2,0.03,0.973,384,2404,6,25,11,5,6,6,0,,,,,
1775860155,2026-04-10T22:29:15.000Z,Wellington,2026-04-11,0x1f02545525b7ab26caf5756e770bba37452a3ffa914b7b9f96a47e5db5ffee45,exact,15,15,16.8,0.49,16.8,13.51,above_obs,-1.8,1.8,0.001,0.999,5410,4714,0,146,11,4,1,8,0,,,,,
1775860155,2026-04-10T22:29:15.000Z,Wellington,2026-04-11,0x528a3633a69c38357180b856c31d92d865400fce64610c0cbe734bcec1d1c7d0,exact,21,21,16.8,0.49,16.8,13.51,below_obs,4.2,4.2,0.3299999495710398,0.68,76,1316,15,309,11,9,10,1,0,,,,,
1775860155,2026-04-10T22:29:15.000Z,Wellington,2026-04-11,0x741a61ef1c732ca847a40f46bc2f6d47df58f2844b55937d80717563a7d0eed5,exact,18,18,16.8,0.49,16.8,13.51,below_obs,1.2,1.2,0.008,0.998,804,2208,3,11,11,3,6,6,1,YES,0.016373518122351816,8.411567464995796,-4.358387464995797,closed
1775860155,2026-04-10T22:29:15.000Z,Wellington,2026-04-11,0x8cbfc0561e91478acbd9f02bb94120fdf36d9d7071027be2836b43e29eab7941,exact,14,14,16.8,0.49,16.8,13.51,above_obs,-2.8,2.8,0.003,0.999,9646,8796,0,365,11,6,5,9,0,,,,,
1775860155,2026-04-10T22:29:15.000Z,Wellington,2026-04-11,0xa575ce77ba4acb8c04b6d461b3f3340baac13a4bf83992f17cc7ce2dae29ae44,exact,17,17,16.8,0.49,16.8,13.51,below_obs,0.2,0.2,0.002,0.998,804,2208,3,21,11,1,3,7,0,,,,,
1775860155,2026-04-10T22:29:15.000Z,Wellington,2026-04-11,0xb7b70d797e34a1e12ba0c788820c4db6c23e34e51b1a4f3e744046dc71523914,or_below,,13,16.8,0.49,16.8,13.51,above_obs,-3.8,3.8,0.001,0.999,77010,67100,0,115,11,8,2,10,0,,,,,
1775860155,2026-04-10T22:29:15.000Z,Wellington,2026-04-11,0xb8948821be620cae61a2406e173206fb734b977a06a819247016ca3d9e2c4953,exact,16,16,16.8,0.49,16.8,13.51,above_obs,-0.8,0.8,0.002,0.999,804,1372,6,143,11,2,4,11,0,,,,,
1775860155,2026-04-10T22:29:15.000Z,Wellington,2026-04-11,0xbef60744dd4321857605609ebf12cd39aff7b4af227f451ffb0bdd91f3a4757f,exact,23,23,16.8,0.49,16.8,13.51,below_obs,6.2,6.2,0.08,0.929,804,114,5,289,11,11,8,4,0,,,,,
1775860155,2026-04-10T22:29:15.000Z,Wellington,2026-04-11,0xbf671446d859458c2bd404f504be43bbd33953f3ba3c21edfd2cf88c253b3ded,exact,20,20,16.8,0.49,16.8,13.51,below_obs,3.2,3.2,0.12,0.86,488,296,12,377,11,7,9,3,0,,,,,
1775860155,2026-04-10T22:29:15.000Z,Wellington,2026-04-11,0xc6c7872f9f4d7f3a90979be727d6c9949301e975db5b8bf772927dd5353d9cfc,exact,22,22,16.8,0.49,16.8,13.51,below_obs,5.2,5.2,0.3946173254835997,0.6851654890875505,358,362,13,293,11,10,11,2,0,,,,,
1775860155,2026-04-10T22:29:15.000Z,Wellington,2026-04-11,0xd2c662d490be9fee01c9800fb77238bcc64a50dbf6b1b8b8bb6f6f4e39a98767,exact,19,19,16.8,0.49,16.8,13.51,below_obs,2.2,2.2,0.03,0.973,186,2206,7,25,11,5,7,5,0,,,,,
1775860977,2026-04-10T22:42:57.000Z,Wellington,2026-04-11,0x1f02545525b7ab26caf5756e770bba37452a3ffa914b7b9f96a47e5db5ffee45,exact,15,15,16.8,0.72,16.8,13.28,above_obs,-1.8,1.8,0.001,0.999,6232,5536,0,146,11,4,1,8,0,,,,,
1775860977,2026-04-10T22:42:57.000Z,Wellington,2026-04-11,0x528a3633a69c38357180b856c31d92d865400fce64610c0cbe734bcec1d1c7d0,exact,21,21,16.8,0.72,16.8,13.28,below_obs,4.2,4.2,0.3299999495710398,0.66,898,4,15,310,11,9,10,2,0,,,,,
1775860977,2026-04-10T22:42:57.000Z,Wellington,2026-04-11,0x741a61ef1c732ca847a40f46bc2f6d47df58f2844b55937d80717563a7d0eed5,exact,18,18,16.8,0.72,16.8,13.28,below_obs,1.2,1.2,0.01751275444473074,0.9829999950847149,404,470,22,31,11,3,5,6,0,,,,,
1775860977,2026-04-10T22:42:57.000Z,Wellington,2026-04-11,0x8cbfc0561e91478acbd9f02bb94120fdf36d9d7071027be2836b43e29eab7941,exact,14,14,16.8,0.72,16.8,13.28,above_obs,-2.8,2.8,0.003,0.999,10468,9618,0,365,11,6,4,9,0,,,,,
1775860977,2026-04-10T22:42:57.000Z,Wellington,2026-04-11,0xa575ce77ba4acb8c04b6d461b3f3340baac13a4bf83992f17cc7ce2dae29ae44,exact,17,17,16.8,0.72,16.8,13.28,below_obs,0.2,0.2,0.02185714316938776,0.998,596,3030,7,25,11,1,6,7,0,,,,,
1775860977,2026-04-10T22:42:57.000Z,Wellington,2026-04-11,0xb7b70d797e34a1e12ba0c788820c4db6c23e34e51b1a4f3e744046dc71523914,or_below,,13,16.8,0.72,16.8,13.28,above_obs,-3.8,3.8,0.001,0.999,77832,67922,0,115,11,8,2,10,0,,,,,
1775860977,2026-04-10T22:42:57.000Z,Wellington,2026-04-11,0xb8948821be620cae61a2406e173206fb734b977a06a819247016ca3d9e2c4953,exact,16,16,16.8,0.72,16.8,13.28,above_obs,-0.8,0.8,0.002,0.999,1626,546,6,144,11,2,3,11,0,,,,,
1775860977,2026-04-10T22:42:57.000Z,Wellington,2026-04-11,0xbef60744dd4321857605609ebf12cd39aff7b4af227f451ffb0bdd91f3a4757f,exact,23,23,16.8,0.72,16.8,13.28,below_obs,6.2,6.2,0.08,0.929,1626,110,5,290,11,11,8,4,0,,,,,
1775860977,2026-04-10T22:42:57.000Z,Wellington,2026-04-11,0xbf671446d859458c2bd404f504be43bbd33953f3ba3c21edfd2cf88c253b3ded,exact,20,20,16.8,0.72,16.8,13.28,below_obs,3.2,3.2,0.12,0.86,1310,1118,12,377,11,7,9,3,0,,,,,
1775860977,2026-04-10T22:42:57.000Z,Wellington,2026-04-11,0xc6c7872f9f4d7f3a90979be727d6c9949301e975db5b8bf772927dd5353d9cfc,exact,22,22,16.8,0.72,16.8,13.28,below_obs,5.2,5.2,0.4,0.56,590,248,14,295,11,10,11,1,0,,,,,
1775860977,2026-04-10T22:42:57.000Z,Wellington,2026-04-11,0xd2c662d490be9fee01c9800fb77238bcc64a50dbf6b1b8b8bb6f6f4e39a98767,exact,19,19,16.8,0.72,16.8,13.28,below_obs,2.2,2.2,0.03715,0.971,522,146,8,28,11,5,7,5,1,YES,0.030632007575757576,2.8303975,34.25560250000001,closed
1775867941,2026-04-11T00:39:01.000Z,Wellington,2026-04-11,0x1f02545525b7ab26caf5756e770bba37452a3ffa914b7b9f96a47e5db5ffee45,exact,15,15,18.4,0.65,18.4,11.35,above_obs,-3.4,3.4,0.001,0.999,13196,12500,0,146,11,7,1,9,0,,,,,
1775867941,2026-04-11T00:39:01.000Z,Wellington,2026-04-11,0x528a3633a69c38357180b856c31d92d865400fce64610c0cbe734bcec1d1c7d0,exact,21,21,18.4,0.65,18.4,11.35,below_obs,2.6,2.6,0.17,0.83,126,244,46,388,11,6,9,3,0,,,,,
1775867941,2026-04-11T00:39:01.000Z,Wellington,2026-04-11,0x741a61ef1c732ca847a40f46bc2f6d47df58f2844b55937d80717563a7d0eed5,exact,18,18,18.4,0.65,18.4,11.35,above_obs,-0.4,0.4,0.03,0.98,30,14,71,147,11,1,6,6,1,YES,0.02,0.0001233000000007678,,open
1775867941,2026-04-11T00:39:01.000Z,Wellington,2026-04-11,0x8cbfc0561e91478acbd9f02bb94120fdf36d9d7071027be2836b43e29eab7941,exact,14,14,18.4,0.65,18.4,11.35,above_obs,-4.4,4.4,0.003,0.999,17432,16582,0,365,11,9,4,10,0,,,,,
1775867941,2026-04-11T00:39:01.000Z,Wellington,2026-04-11,0xa575ce77ba4acb8c04b6d461b3f3340baac13a4bf83992f17cc7ce2dae29ae44,exact,17,17,18.4,0.65,18.4,11.35,above_obs,-1.4,1.4,0.013,0.9876739130434783,126,34,43,108,11,3,5,7,0,,,,,
1775867941,2026-04-11T00:39:01.000Z,Wellington,2026-04-11,0xb7b70d797e34a1e12ba0c788820c4db6c23e34e51b1a4f3e744046dc71523914,or_below,,13,18.4,0.65,18.4,11.35,above_obs,-5.4,5.4,0.001,0.999,84796,74886,0,115,11,11,2,11,0,,,,,
1775867941,2026-04-11T00:39:01.000Z,Wellington,2026-04-11,0xb8948821be620cae61a2406e173206fb734b977a06a819247016ca3d9e2c4953,exact,16,16,18.4,0.65,18.4,11.35,above_obs,-2.4,2.4,0.001400012725312893,0.998,3886,3870,0,151,11,5,3,8,0,,,,,
1775867941,2026-04-11T00:39:01.000Z,Wellington,2026-04-11,0xbef60744dd4321857605609ebf12cd39aff7b4af227f451ffb0bdd91f3a4757f,exact,23,23,18.4,0.65,18.4,11.35,below_obs,4.6,4.6,0.04,0.941,126,474,29,346,11,10,7,5,0,,,,,
1775867941,2026-04-11T00:39:01.000Z,Wellington,2026-04-11,0xbf671446d859458c2bd404f504be43bbd33953f3ba3c21edfd2cf88c253b3ded,exact,20,20,18.4,0.65,18.4,11.35,below_obs,1.6,1.6,0.4567560855443721,0.52,130,84,25,427,11,4,11,1,0,,,,,
1775867941,2026-04-11T00:39:01.000Z,Wellington,2026-04-11,0xc6c7872f9f4d7f3a90979be727d6c9949301e975db5b8bf772927dd5353d9cfc,exact,22,22,18.4,0.65,18.4,11.35,below_obs,3.6,3.6,0.04,0.92,62,270,39,389,11,8,8,4,0,,,,,
1775867941,2026-04-11T00:39:01.000Z,Wellington,2026-04-11,0xd2c662d490be9fee01c9800fb77238bcc64a50dbf6b1b8b8bb6f6f4e39a98767,exact,19,19,18.4,0.65,18.4,11.35,below_obs,0.6,0.6,0.215,0.76,126,126,63,143,11,2,10,2,0,,,,,
1775863007,2026-04-10T23:16:47.000Z,Wellington,2026-04-11,0x1f02545525b7ab26caf5756e770bba37452a3ffa914b7b9f96a47e5db5ffee45,exact,15,15,18.1,0.28,18.1,12.72,above_obs,-3.1,3.1,0.001,0.999,8262,7566,0,146,11,7,1,8,0,,,,,
1775863007,2026-04-10T23:16:47.000Z,Wellington,2026-04-11,0x528a3633a69c38357180b856c31d92d865400fce64610c0cbe734bcec1d1c7d0,exact,21,21,18.1,0.28,18.1,12.72,below_obs,2.9,2.9,0.37999990700420294,0.68,388,948,16,322,11,6,10,2,0,,,,,
1775863007,2026-04-10T23:16:47.000Z,Wellington,2026-04-11,0x741a61ef1c732ca847a40f46bc2f6d47df58f2844b55937d80717563a7d0eed5,exact,18,18,18.1,0.28,18.1,12.72,above_obs,-0.1,0.1,0.03953654503446011,0.978,148,46,39,50,11,1,6,6,0,,,,,
1775863007,2026-04-10T23:16:47.000Z,Wellington,2026-04-11,0x8cbfc0561e91478acbd9f02bb94120fdf36d9d7071027be2836b43e29eab7941,exact,14,14,18.1,0.28,18.1,12.72,above_obs,-4.1,4.1,0.003,0.999,12498,11648,0,365,11,9,4,9,0,,,,,
1775863007,2026-04-10T23:16:47.000Z,Wellington,2026-04-11,0xa575ce77ba4acb8c04b6d461b3f3340baac13a4bf83992f17cc7ce2dae29ae44,exact,17,17,18.1,0.28,18.1,12.72,above_obs,-1.1,1.1,0.006616573171931896,0.995713,332,1266,17,38,11,3,5,7,1,YES,0.004,0.0000262000000000171,,open
1775863007,2026-04-10T23:16:47.000Z,Wellington,2026-04-11,0xb7b70d797e34a1e12ba0c788820c4db6c23e34e51b1a4f3e744046dc71523914,or_below,,13,18.1,0.28,18.1,12.72,above_obs,-5.1,5.1,0.001,0.999,79862,69952,0,115,11,11,2,10,0,,,,,
1775863007,2026-04-10T23:16:47.000Z,Wellington,2026-04-11,0xb8948821be620cae61a2406e173206fb734b977a06a819247016ca3d9e2c4953,exact,16,16,18.1,0.28,18.1,12.72,above_obs,-2.1,2.1,0.002,0.999,3656,2576,1,144,11,5,3,11,0,,,,,
1775863007,2026-04-10T23:16:47.000Z,Wellington,2026-04-11,0xbef60744dd4321857605609ebf12cd39aff7b4af227f451ffb0bdd91f3a4757f,exact,23,23,18.1,0.28,18.1,12.72,below_obs,4.9,4.9,0.08,0.929,3656,336,11,299,11,10,8,4,0,,,,,
1775863007,2026-04-10T23:16:47.000Z,Wellington,2026-04-11,0xbf671446d859458c2bd404f504be43bbd33953f3ba3c21edfd2cf88c253b3ded,exact,20,20,18.1,0.28,18.1,12.72,below_obs,1.9,1.9,0.19607843137254902,0.84,268,1302,14,389,11,4,9,3,0,,,,,
1775863007,2026-04-10T23:16:47.000Z,Wellington,2026-04-11,0xc6c7872f9f4d7f3a90979be727d6c9949301e975db5b8bf772927dd5353d9cfc,exact,22,22,18.1,0.28,18.1,12.72,below_obs,3.9,3.9,0.42,0.59,1248,1336,15,306,11,8,11,1,0,,,,,
1775863007,2026-04-10T23:16:47.000Z,Wellington,2026-04-11,0xd2c662d490be9fee01c9800fb77238bcc64a50dbf6b1b8b8bb6f6f4e39a98767,exact,19,19,18.1,0.28,18.1,12.72,below_obs,0.9,0.9,0.04098249124562281,0.951,244,352,33,57,11,2,7,5,0,,,,,
1775861855,2026-04-10T22:57:35.000Z,Wellington,2026-04-11,0x1f02545525b7ab26caf5756e770bba37452a3ffa914b7b9f96a47e5db5ffee45,exact,15,15,16.8,0.96,16.8,13.04,above_obs,-1.8,1.8,0.001,0.999,7110,6414,0,146,11,4,1,8,0,,,,,
1775861855,2026-04-10T22:57:35.000Z,Wellington,2026-04-11,0x528a3633a69c38357180b856c31d92d865400fce64610c0cbe734bcec1d1c7d0,exact,21,21,16.8,0.96,16.8,13.04,below_obs,4.2,4.2,0.339999829999915,0.68,824,252,18,316,11,9,10,2,0,,,,,
1775861855,2026-04-10T22:57:35.000Z,Wellington,2026-04-11,0x741a61ef1c732ca847a40f46bc2f6d47df58f2844b55937d80717563a7d0eed5,exact,18,18,16.8,0.96,16.8,13.04,below_obs,1.2,1.2,0.014,0.987,110,152,32,42,11,3,6,6,0,,,,,
1775861855,2026-04-10T22:57:35.000Z,Wellington,2026-04-11,0x8cbfc0561e91478acbd9f02bb94120fdf36d9d7071027be2836b43e29eab7941,exact,14,14,16.8,0.96,16.8,13.04,above_obs,-2.8,2.8,0.003,0.999,11346,10496,0,365,11,6,5,9,0,,,,,
1775861855,2026-04-10T22:57:35.000Z,Wellington,2026-04-11,0xa575ce77ba4acb8c04b6d461b3f3340baac13a4bf83992f17cc7ce2dae29ae44,exact,17,17,16.8,0.96,16.8,13.04,below_obs,0.2,0.2,0.0011659355330917414,0.995713,110,114,17,37,11,1,3,7,0,,,,,
1775861855,2026-04-10T22:57:35.000Z,Wellington,2026-04-11,0xb7b70d797e34a1e12ba0c788820c4db6c23e34e51b1a4f3e744046dc71523914,or_below,,13,16.8,0.96,16.8,13.04,above_obs,-3.8,3.8,0.001,0.999,78710,68800,0,115,11,8,2,10,0,,,,,
1775861855,2026-04-10T22:57:35.000Z,Wellington,2026-04-11,0xb8948821be620cae61a2406e173206fb734b977a06a819247016ca3d9e2c4953,exact,16,16,16.8,0.96,16.8,13.04,above_obs,-0.8,0.8,0.002,0.999,2504,1424,5,144,11,2,4,11,0,,,,,
1775861855,2026-04-10T22:57:35.000Z,Wellington,2026-04-11,0xbef60744dd4321857605609ebf12cd39aff7b4af227f451ffb0bdd91f3a4757f,exact,23,23,16.8,0.96,16.8,13.04,below_obs,6.2,6.2,0.08,0.9289992335740994,2504,208,13,298,11,11,8,4,0,,,,,
1775861855,2026-04-10T22:57:35.000Z,Wellington,2026-04-11,0xbf671446d859458c2bd404f504be43bbd33953f3ba3c21edfd2cf88c253b3ded,exact,20,20,16.8,0.96,16.8,13.04,below_obs,3.2,3.2,0.16639833139805632,0.84,90,150,19,387,11,7,9,3,0,,,,,
1775861855,2026-04-10T22:57:35.000Z,Wellington,2026-04-11,0xc6c7872f9f4d7f3a90979be727d6c9949301e975db5b8bf772927dd5353d9cfc,exact,22,22,16.8,0.96,16.8,13.04,below_obs,5.2,5.2,0.42,0.59,96,184,23,306,11,10,11,1,0,,,,,
1775861855,2026-04-10T22:57:35.000Z,Wellington,2026-04-11,0xd2c662d490be9fee01c9800fb77238bcc64a50dbf6b1b8b8bb6f6f4e39a98767,exact,19,19,16.8,0.96,16.8,13.04,below_obs,2.2,2.2,0.035104,0.968,56,96,25,48,11,5,7,5,1,YES,0.031,0.00023249999999978854,,open
1775869381,2026-04-11T01:03:01.000Z,Wellington,2026-04-11,0x1f02545525b7ab26caf5756e770bba37452a3ffa914b7b9f96a47e5db5ffee45,exact,15,15,19.4,0.05,19.4,10.95,above_obs,-4.4,4.4,0.001,0.999,14636,13940,0,146,11,9,1,9,0,,,,,
1775869381,2026-04-11T01:03:01.000Z,Wellington,2026-04-11,0x528a3633a69c38357180b856c31d92d865400fce64610c0cbe734bcec1d1c7d0,exact,21,21,19.4,0.05,19.4,10.95,below_obs,1.6,1.6,0.1899998645544179,0.83,138,108,48,410,11,4,9,3,0,,,,,
1775869381,2026-04-11T01:03:01.000Z,Wellington,2026-04-11,0x741a61ef1c732ca847a40f46bc2f6d47df58f2844b55937d80717563a7d0eed5,exact,18,18,19.4,0.05,19.4,10.95,above_obs,-1.4,1.4,0.11,0.89,166,110,75,186,11,3,8,4,0,,,,,
1775869381,2026-04-11T01:03:01.000Z,Wellington,2026-04-11,0x8cbfc0561e91478acbd9f02bb94120fdf36d9d7071027be2836b43e29eab7941,exact,14,14,19.4,0.05,19.4,10.95,above_obs,-5.4,5.4,0.003,0.999,18872,18022,0,365,11,10,4,10,0,,,,,
1775869381,2026-04-11T01:03:01.000Z,Wellington,2026-04-11,0xa575ce77ba4acb8c04b6d461b3f3340baac13a4bf83992f17cc7ce2dae29ae44,exact,17,17,19.4,0.05,19.4,10.95,above_obs,-2.4,2.4,0.003888542131074454,0.992,84,182,49,135,11,5,5,7,1,NO,0.9969963884080001,3541.247922426784,,open
1775869381,2026-04-11T01:03:01.000Z,Wellington,2026-04-11,0xb7b70d797e34a1e12ba0c788820c4db6c23e34e51b1a4f3e744046dc71523914,or_below,,13,19.4,0.05,19.4,10.95,above_obs,-6.4,6.4,0.001,0.999,86236,76326,0,115,11,11,2,11,0,,,,,
1775869381,2026-04-11T01:03:01.000Z,Wellington,2026-04-11,0xb8948821be620cae61a2406e173206fb734b977a06a819247016ca3d9e2c4953,exact,16,16,19.4,0.05,19.4,10.95,above_obs,-3.4,3.4,0.001400012725312893,0.998,5326,5310,0,151,11,7,3,8,0,,,,,
1775869381,2026-04-11T01:03:01.000Z,Wellington,2026-04-11,0xbef60744dd4321857605609ebf12cd39aff7b4af227f451ffb0bdd91f3a4757f,exact,23,23,19.4,0.05,19.4,10.95,below_obs,3.6,3.6,0.05907134437358173,0.9867542565955324,42,46,50,374,11,8,6,6,0,,,,,
1775869381,2026-04-11T01:03:01.000Z,Wellington,2026-04-11,0xbf671446d859458c2bd404f504be43bbd33953f3ba3c21edfd2cf88c253b3ded,exact,20,20,19.4,0.05,19.4,10.95,below_obs,0.6,0.6,0.44999990585772087,0.61,196,416,29,439,11,2,11,1,0,,,,,
1775869381,2026-04-11T01:03:01.000Z,Wellington,2026-04-11,0xc6c7872f9f4d7f3a90979be727d6c9949301e975db5b8bf772927dd5353d9cfc,exact,22,22,19.4,0.05,19.4,10.95,below_obs,2.6,2.6,0.07,0.93,874,108,38,401,11,6,7,5,0,,,,,
1775869381,2026-04-11T01:03:01.000Z,Wellington,2026-04-11,0xd2c662d490be9fee01c9800fb77238bcc64a50dbf6b1b8b8bb6f6f4e39a98767,exact,19,19,19.4,0.05,19.4,10.95,above_obs,-0.4,0.4,0.3323076655657918,0.675,282,72,57,175,11,1,10,2,0,,,,,
1775919677,2026-04-11T15:01:17.000Z,Panama City,2026-04-11,0x087fa861b0ebf217b27057cfb714fe15f103e961107df2fa32d74b762672a41b,exact,26,26,33.2,23.02,30.8,13.98,above_obs,-7.2,7.2,0.002,0.998,83790,55588,0,133,11,7,7,5,0,,,,,
1775919677,2026-04-11T15:01:17.000Z,Panama City,2026-04-11,0x099a7139dda221034ff1482ee5a76b7f769fb0c10faf8b8a839c4319a754d382,exact,30,30,33.2,23.02,30.8,13.98,above_obs,-3.2,3.2,0.03735405010946242,0.9679997986556392,70,1530,12,33,11,3,9,3,1,YES,0.048,1.008,2.6050000000000004,closed
1775919677,2026-04-11T15:01:17.000Z,Panama City,2026-04-11,0x353ec3c48605d2625fd46bdc749446bdb7cde3ec39f9c4993865858008dad19a,or_below,,22,33.2,23.02,30.8,13.98,above_obs,-11.2,11.2,0.001,0.999,118296,122208,0,26,11,11,1,6,0,,,,,
1775919677,2026-04-11T15:01:17.000Z,Panama City,2026-04-11,0x709dbffdd90dd27373c195429d180039eef5a919925222ea72b3b56bf90aed51,exact,25,25,33.2,23.02,30.8,13.98,above_obs,-8.2,8.2,0.001,0.999,103340,105920,0,46,11,8,2,7,0,,,,,
1775919677,2026-04-11T15:01:17.000Z,Panama City,2026-04-11,0x7cd1f7fbe12d45e4138c4961374927cc1e7b988953f39789de2d1bfb59fefcd7,exact,24,24,33.2,23.02,30.8,13.98,above_obs,-9.2,9.2,0.001,0.999,107988,105930,0,44,11,9,3,8,0,,,,,
1775919677,2026-04-11T15:01:17.000Z,Panama City,2026-04-11,0x8c801e2bcc3099afe140c9a93e923596003a198bf85f0aa81caa08013182656e,exact,28,28,33.2,23.02,30.8,13.98,above_obs,-5.2,5.2,0.001,0.999,2574,3536,3,71,11,5,4,9,0,,,,,
1775919677,2026-04-11T15:01:17.000Z,Panama City,2026-04-11,0x9d6172f0f2759185c79107e0a8504f24d80cd96f637ad8dec437cabf05c2791a,exact,32,32,33.2,23.02,30.8,13.98,above_obs,-1.2,1.2,0.75,0.25,1324,256,8,151,11,1,11,1,0,,,,,
1775919677,2026-04-11T15:01:17.000Z,Panama City,2026-04-11,0xb01835cb05ca8fb67a9a4d550bb18e339aa6c8873307df7a24edcfdfba257f15,exact,27,27,33.2,23.02,30.8,13.98,above_obs,-6.2,6.2,0.001,0.999,83790,32372,0,70,11,6,5,10,0,,,,,
1775919677,2026-04-11T15:01:17.000Z,Panama City,2026-04-11,0xd044b3a1849327a7347222f2fc004af2647f7e69ee206e8babcce6c87369ce65,exact,29,29,33.2,23.02,30.8,13.98,above_obs,-4.2,4.2,0.0225490196520569,0.997,64,1218,16,31,11,4,8,4,0,,,,,
1775919677,2026-04-11T15:01:17.000Z,Panama City,2026-04-11,0xf2ddadaaeb559707b8a4c618d563887d2a1f4ce12ddbbc44c7edcf2c7a728cc2,exact,23,23,33.2,23.02,30.8,13.98,above_obs,-10.2,10.2,0.001,0.999,107988,115552,0,29,11,10,6,11,0,,,,,
1775919677,2026-04-11T15:01:17.000Z,Panama City,2026-04-11,0xfc9f896dba33062f2c74ac008f753b9251cbb81c4bac87a8b3171bb0253fa59b,exact,31,31,33.2,23.02,30.8,13.98,above_obs,-2.2,2.2,0.2399998559999424,0.78,50,1218,9,104,11,2,10,2,0,,,,,
1775919685,2026-04-11T15:01:25.000Z,Panama City,2026-04-11,0x087fa861b0ebf217b27057cfb714fe15f103e961107df2fa32d74b762672a41b,exact,26,26,33.2,23.02,30.8,13.98,above_obs,-7.2,7.2,0.002,0.998,83798,55596,0,133,11,7,7,5,0,,,,,
1775919685,2026-04-11T15:01:25.000Z,Panama City,2026-04-11,0x099a7139dda221034ff1482ee5a76b7f769fb0c10faf8b8a839c4319a754d382,exact,30,30,33.2,23.02,30.8,13.98,above_obs,-3.2,3.2,0.11626344086021505,0.9679997986556392,2,1538,16,37,11,3,9,3,0,,,,,
1775919685,2026-04-11T15:01:25.000Z,Panama City,2026-04-11,0x353ec3c48605d2625fd46bdc749446bdb7cde3ec39f9c4993865858008dad19a,or_below,,22,33.2,23.02,30.8,13.98,above_obs,-11.2,11.2,0.001,0.999,118304,122216,0,26,11,11,1,6,0,,,,,
1775919685,2026-04-11T15:01:25.000Z,Panama City,2026-04-11,0x709dbffdd90dd27373c195429d180039eef5a919925222ea72b3b56bf90aed51,exact,25,25,33.2,23.02,30.8,13.98,above_obs,-8.2,8.2,0.001,0.999,103348,105928,0,46,11,8,2,7,0,,,,,
1775919685,2026-04-11T15:01:25.000Z,Panama City,2026-04-11,0x7cd1f7fbe12d45e4138c4961374927cc1e7b988953f39789de2d1bfb59fefcd7,exact,24,24,33.2,23.02,30.8,13.98,above_obs,-9.2,9.2,0.001,0.999,107996,105938,0,44,11,9,3,8,0,,,,,
1775919685,2026-04-11T15:01:25.000Z,Panama City,2026-04-11,0x8c801e2bcc3099afe140c9a93e923596003a198bf85f0aa81caa08013182656e,exact,28,28,33.2,23.02,30.8,13.98,above_obs,-5.2,5.2,0.001,0.999,2582,3544,3,71,11,5,4,9,0,,,,,
1775919685,2026-04-11T15:01:25.000Z,Panama City,2026-04-11,0x9d6172f0f2759185c79107e0a8504f24d80cd96f637ad8dec437cabf05c2791a,exact,32,32,33.2,23.02,30.8,13.98,above_obs,-1.2,1.2,0.75,0.25,1332,264,8,151,11,1,11,1,0,,,,,
1775919685,2026-04-11T15:01:25.000Z,Panama City,2026-04-11,0xb01835cb05ca8fb67a9a4d550bb18e339aa6c8873307df7a24edcfdfba257f15,exact,27,27,33.2,23.02,30.8,13.98,above_obs,-6.2,6.2,0.001,0.999,83798,32380,0,70,11,6,5,10,0,,,,,
1775919685,2026-04-11T15:01:25.000Z,Panama City,2026-04-11,0xd044b3a1849327a7347222f2fc004af2647f7e69ee206e8babcce6c87369ce65,exact,29,29,33.2,23.02,30.8,13.98,above_obs,-4.2,4.2,0.0225490196520569,0.997,72,1226,16,31,11,4,8,4,1,YES,0.023,0.89723,3.05095,closed
1775919685,2026-04-11T15:01:25.000Z,Panama City,2026-04-11,0xf2ddadaaeb559707b8a4c618d563887d2a1f4ce12ddbbc44c7edcf2c7a728cc2,exact,23,23,33.2,23.02,30.8,13.98,above_obs,-10.2,10.2,0.001,0.999,107996,115560,0,29,11,10,6,11,0,,,,,
1775919685,2026-04-11T15:01:25.000Z,Panama City,2026-04-11,0xfc9f896dba33062f2c74ac008f753b9251cbb81c4bac87a8b3171bb0253fa59b,exact,31,31,33.2,23.02,30.8,13.98,above_obs,-2.2,2.2,0.2399998559999424,0.78,58,1226,9,104,11,2,10,2,0,,,,,
1775919737,2026-04-11T15:02:17.000Z,Panama City,2026-04-11,0x087fa861b0ebf217b27057cfb714fe15f103e961107df2fa32d74b762672a41b,exact,26,26,33.2,23.04,30.8,13.96,above_obs,-7.2,7.2,0.002,0.998,83850,55648,0,133,11,7,7,5,0,,,,,
1775919737,2026-04-11T15:02:17.000Z,Panama City,2026-04-11,0x099a7139dda221034ff1482ee5a76b7f769fb0c10faf8b8a839c4319a754d382,exact,30,30,33.2,23.04,30.8,13.96,above_obs,-3.2,3.2,0.12440118750421698,0.9679997986556392,46,1590,17,38,11,3,9,3,0,,,,,
1775919737,2026-04-11T15:02:17.000Z,Panama City,2026-04-11,0x353ec3c48605d2625fd46bdc749446bdb7cde3ec39f9c4993865858008dad19a,or_below,,22,33.2,23.04,30.8,13.96,above_obs,-11.2,11.2,0.001,0.999,118356,122268,0,26,11,11,1,6,0,,,,,
1775919737,2026-04-11T15:02:17.000Z,Panama City,2026-04-11,0x709dbffdd90dd27373c195429d180039eef5a919925222ea72b3b56bf90aed51,exact,25,25,33.2,23.04,30.8,13.96,above_obs,-8.2,8.2,0.001,0.999,103400,105980,0,46,11,8,2,7,0,,,,,
1775919737,2026-04-11T15:02:17.000Z,Panama City,2026-04-11,0x7cd1f7fbe12d45e4138c4961374927cc1e7b988953f39789de2d1bfb59fefcd7,exact,24,24,33.2,23.04,30.8,13.96,above_obs,-9.2,9.2,0.001,0.999,108048,105990,0,44,11,9,3,8,0,,,,,
1775919737,2026-04-11T15:02:17.000Z,Panama City,2026-04-11,0x8c801e2bcc3099afe140c9a93e923596003a198bf85f0aa81caa08013182656e,exact,28,28,33.2,23.04,30.8,13.96,above_obs,-5.2,5.2,0.001,0.999,2634,3596,3,71,11,5,4,9,0,,,,,
1775919737,2026-04-11T15:02:17.000Z,Panama City,2026-04-11,0x9d6172f0f2759185c79107e0a8504f24d80cd96f637ad8dec437cabf05c2791a,exact,32,32,33.2,23.04,30.8,13.96,above_obs,-1.2,1.2,0.75,0.25,1384,316,8,151,11,1,11,1,0,,,,,
1775919737,2026-04-11T15:02:17.000Z,Panama City,2026-04-11,0xb01835cb05ca8fb67a9a4d550bb18e339aa6c8873307df7a24edcfdfba257f15,exact,27,27,33.2,23.04,30.8,13.96,above_obs,-6.2,6.2,0.001,0.999,83850,32432,0,70,11,6,5,10,0,,,,,
1775919737,2026-04-11T15:02:17.000Z,Panama City,2026-04-11,0xd044b3a1849327a7347222f2fc004af2647f7e69ee206e8babcce6c87369ce65,exact,29,29,33.2,23.04,30.8,13.96,above_obs,-4.2,4.2,0.029256383102255368,0.972,42,34,18,34,11,4,8,4,1,YES,0.03,0.00010019999999961726,,open
1775919737,2026-04-11T15:02:17.000Z,Panama City,2026-04-11,0xf2ddadaaeb559707b8a4c618d563887d2a1f4ce12ddbbc44c7edcf2c7a728cc2,exact,23,23,33.2,23.04,30.8,13.96,above_obs,-10.2,10.2,0.001,0.999,108048,115612,0,29,11,10,6,11,0,,,,,
1775919737,2026-04-11T15:02:17.000Z,Panama City,2026-04-11,0xfc9f896dba33062f2c74ac008f753b9251cbb81c4bac87a8b3171bb0253fa59b,exact,31,31,33.2,23.04,30.8,13.96,above_obs,-2.2,2.2,0.2399998559999424,0.78,110,1278,9,104,11,2,10,2,0,,,,,
1776016919,2026-04-12T18:01:59.000Z,Sao Paulo,2026-04-12,0x17e52315bcfcc68e7fda90785f8084257835c2dc87a205286120729555c9a940,exact,29,29,26.4,0.03,26.4,8.97,below_obs,2.6,2.6,0.039,0.997,236,54,29,341,11,6,9,4,0,,,,,
1776016919,2026-04-12T18:01:59.000Z,Sao Paulo,2026-04-12,0x1bedeaea833f5dfa1a0d8fea3a4b290d27b232dbfbffbc801338df20cdae49f9,exact,31,31,26.4,0.03,26.4,8.97,below_obs,4.6,4.6,0.002,0.999,236,54,17,168,11,10,4,6,0,,,,,
1776016919,2026-04-12T18:01:59.000Z,Sao Paulo,2026-04-12,0x400e0c3878f7cd22ae54221f8abfd5350185c37e3851ff9fc63e691f31a2d0cc,or_below,,21,26.4,0.03,26.4,8.97,above_obs,-5.4,5.4,0.004,0.999,60788,19926,0,83,11,11,7,7,0,,,,,
1776016919,2026-04-12T18:01:59.000Z,Sao Paulo,2026-04-12,0x71ffa3ba794f79a54a6503d8fc86701ee55c1c92bb732e58f814dd326cde6b6c,exact,28,28,26.4,0.03,26.4,8.97,below_obs,1.6,1.6,0.008,0.992,22,16,42,433,11,4,8,3,0,,,,,
1776016919,2026-04-12T18:01:59.000Z,Sao Paulo,2026-04-12,0x84e8376bb1eda4a4ec845fb1dc9a25964d875b70c99f80dd662b0df6e70e2d05,exact,22,22,26.4,0.03,26.4,8.97,above_obs,-4.4,4.4,0.001,0.999,35298,54504,0,91,11,9,1,8,0,,,,,
1776016919,2026-04-12T18:01:59.000Z,Sao Paulo,2026-04-12,0x94933a5469f7f19dbda718589a09e49abe41ec55c5f86015da492d854d09ee64,exact,26,26,26.4,0.03,26.4,8.97,above_obs,-0.4,0.4,0.15554404145077722,0.6932698748457606,58,2,50,101,11,1,10,2,1,YES,0.21000001733758325,2.177700179790738,7.051599820209262,closed
1776016919,2026-04-12T18:01:59.000Z,Sao Paulo,2026-04-12,0xb4482086e04d09dbee64dc6f38851c34ff45c6cfb24c6874d57447065454a478,exact,23,23,26.4,0.03,26.4,8.97,above_obs,-3.4,3.4,0.001,0.999,35300,33974,0,140,11,7,2,9,0,,,,,
1776016919,2026-04-12T18:01:59.000Z,Sao Paulo,2026-04-12,0xc07da69e1d7f9bea7ea488d121c77de3ffa1409f643c2ac585d0d70ae5932784,exact,27,27,26.4,0.03,26.4,8.97,below_obs,0.6,0.6,0.85,0.1504306220095694,82,54,42,391,11,2,11,1,0,,,,,
1776016919,2026-04-12T18:01:59.000Z,Sao Paulo,2026-04-12,0xcb61706b13bb16f299f45f581ea48df34d8bf3c243b5aca41bd6bbaac5506e45,exact,25,25,26.4,0.03,26.4,8.97,above_obs,-1.4,1.4,0.001,0.999,7464,1724,3,348,11,3,3,10,0,,,,,
1776016919,2026-04-12T18:01:59.000Z,Sao Paulo,2026-04-12,0xd01139ef66f0555793624ec54104e4e79f11e65595c891a2b6a2ba2fcedca536,exact,30,30,26.4,0.03,26.4,8.97,below_obs,3.6,3.6,0.003,0.998,236,54,22,170,11,8,6,5,0,,,,,
1776016919,2026-04-12T18:01:59.000Z,Sao Paulo,2026-04-12,0xf97ae9bf8026b72bb4d168d2ff955b0bf4d0f1d00fc73db7b9605b9c9774325a,exact,24,24,26.4,0.03,26.4,8.97,above_obs,-2.4,2.4,0.002,0.999,8112,5326,0,206,11,5,5,11,0,,,,,
1776027801,2026-04-12T21:03:21.000Z,Buenos Aires,2026-04-12,0x005d0712ff9edb0302fef683fa2fd2ffcf078f9efbf9d88938f9879879a0170d,exact,25,25,25.2,3.06,23.6,5.94,above_obs,-0.2,0.2,0.001,0.999,6912,9844,0,328,11,1,1,4,0,,,,,
1776027801,2026-04-12T21:03:21.000Z,Buenos Aires,2026-04-12,0x1c0b0dda51c5e6fc3feb8da975ec97f149fe2557887c5f48b035fc242293b91f,exact,20,20,25.2,3.06,23.6,5.94,above_obs,-5.2,5.2,0.001,0.999,31996,28510,0,75,11,10,2,5,0,,,,,
1776027801,2026-04-12T21:03:21.000Z,Buenos Aires,2026-04-12,0x1c45b677558d209f53f7f1b427b6cd8b79960a4f1b3c6205d49b9c44d4dcd09f,exact,27,27,25.2,3.06,23.6,5.94,below_obs,1.8,1.8,0.005,0.9949999903813085,1538,104,12,93,11,4,8,2,1,NO,0.995569731534925,309.82130045366864,1.0674995463313621,closed
1776027801,2026-04-12T21:03:21.000Z,Buenos Aires,2026-04-12,0x1d71b5a7e46cc588516623ca1e5f8b84ab9a81be3dc3a81568acaf96a369b1fc,or_below,,19,25.2,3.06,23.6,5.94,above_obs,-6.2,6.2,0.001,0.999,31996,52346,0,125,11,11,3,6,0,,,,,
1776027801,2026-04-12T21:03:21.000Z,Buenos Aires,2026-04-12,0x2c1933421780f0d9830673fad6153b7ff743d79e02b3180e9ccc0726dd8d442e,exact,28,28,25.2,3.06,23.6,5.94,below_obs,2.8,2.8,0.003,0.998,4508,2136,6,303,11,6,7,3,0,,,,,
1776027801,2026-04-12T21:03:21.000Z,Buenos Aires,2026-04-12,0x2d809648b6be8552ed444d08315db5b5ae5a723ed22d50ea1f6990eb59288bdb,exact,23,23,25.2,3.06,23.6,5.94,above_obs,-2.2,2.2,0.016,0.999,22800,12982,0,273,11,5,10,7,0,,,,,
1776027801,2026-04-12T21:03:21.000Z,Buenos Aires,2026-04-12,0x4879629beee62b53ecd4686827f64b37295c2fbf3f944030742eb871a34fbda0,exact,21,21,25.2,3.06,23.6,5.94,above_obs,-4.2,4.2,0.001,0.999,31996,17252,0,165,11,9,4,8,0,,,,,
1776027801,2026-04-12T21:03:21.000Z,Buenos Aires,2026-04-12,0x49e3c3e43e1b49df6376ffdc96c85ee7f8e42412d5dc70836ff9ccc51cf76515,exact,24,24,25.2,3.06,23.6,5.94,above_obs,-1.2,1.2,0.001,0.999,4292,4152,0,396,11,3,5,9,0,,,,,
1776027801,2026-04-12T21:03:21.000Z,Buenos Aires,2026-04-12,0x6b93edd227945f102026e4728619fc74aeca43ab9b0112b4954e2ed20ce78a53,exact,26,26,25.2,3.06,23.6,5.94,below_obs,0.8,0.8,0.997,0.036,60,2560,42,474,11,2,11,1,0,,,,,
1776027801,2026-04-12T21:03:21.000Z,Buenos Aires,2026-04-12,0x7812c354fa88d060942a3f764e9f50c75319d3fe9775332769b9b7aefe5da207,exact,29,29,25.2,3.06,23.6,5.94,below_obs,3.8,3.8,0.001,0.999,4508,3786,0,259,11,8,6,10,0,,,,,
1776027801,2026-04-12T21:03:21.000Z,Buenos Aires,2026-04-12,0x883bfab4af6910408d549f5184d25a8d20a652e9dd10268a75daf0305dd59155,exact,22,22,25.2,3.06,23.6,5.94,above_obs,-3.2,3.2,0.005,0.999,25456,14108,0,203,11,7,9,11,0,,,,,
1776016931,2026-04-12T18:02:11.000Z,Buenos Aires,2026-04-12,0x005d0712ff9edb0302fef683fa2fd2ffcf078f9efbf9d88938f9879879a0170d,exact,25,25,25.2,0.04,25.2,8.96,above_obs,-0.2,0.2,0.27,0.58,378,378,11,306,11,1,17,1,0,,,,,
1776016931,2026-04-12T18:02:11.000Z,Buenos Aires,2026-04-12,0x1c0b0dda51c5e6fc3feb8da975ec97f149fe2557887c5f48b035fc242293b91f,exact,20,20,25.2,0.04,25.2,8.96,above_obs,-5.2,5.2,0.001,0.999,21126,17640,0,75,11,19,1,9,0,,,,,
1776016931,2026-04-12T18:02:11.000Z,Buenos Aires,2026-04-12,0x1c45b677558d209f53f7f1b427b6cd8b79960a4f1b3c6205d49b9c44d4dcd09f,exact,27,27,25.2,0.04,25.2,8.96,below_obs,1.8,1.8,,,,,0,0,11,7,,,0,,,,,
1776016931,2026-04-12T18:02:11.000Z,Buenos Aires,2026-04-12,0x1d71b5a7e46cc588516623ca1e5f8b84ab9a81be3dc3a81568acaf96a369b1fc,or_below,,19,25.2,0.04,25.2,8.96,above_obs,-6.2,6.2,0.001,0.999,21126,41476,0,125,11,21,2,10,0,,,,,
1776016931,2026-04-12T18:02:11.000Z,Buenos Aires,2026-04-12,0x2c1933421780f0d9830673fad6153b7ff743d79e02b3180e9ccc0726dd8d442e,exact,28,28,25.2,0.04,25.2,8.96,below_obs,2.8,2.8,0.002,0.998,378,378,6,207,11,11,9,7,0,,,,,
1776016931,2026-04-12T18:02:11.000Z,Buenos Aires,2026-04-12,0x2d809648b6be8552ed444d08315db5b5ae5a723ed22d50ea1f6990eb59288bdb,exact,23,23,25.2,0.04,25.2,8.96,above_obs,-2.2,2.2,0.016,0.999,11930,2112,1,273,11,9,15,11,0,,,,,
1776016931,2026-04-12T18:02:11.000Z,Buenos Aires,2026-04-12,0x4879629beee62b53ecd4686827f64b37295c2fbf3f944030742eb871a34fbda0,exact,21,21,25.2,0.04,25.2,8.96,above_obs,-4.2,4.2,0.001,0.999,21126,6382,0,165,11,17,3,12,0,,,,,
1776016931,2026-04-12T18:02:11.000Z,Buenos Aires,2026-04-12,0x49e3c3e43e1b49df6376ffdc96c85ee7f8e42412d5dc70836ff9ccc51cf76515,exact,24,24,25.2,0.04,25.2,8.96,above_obs,-1.2,1.2,0.01,0.99,378,378,38,379,11,5,13,5,0,,,,,
1776016931,2026-04-12T18:02:11.000Z,Buenos Aires,2026-04-12,0x6b93edd227945f102026e4728619fc74aeca43ab9b0112b4954e2ed20ce78a53,exact,26,26,25.2,0.04,25.2,8.96,below_obs,0.8,0.8,0.4509062426572735,0.75,382,1514,9,314,11,3,19,3,1,YES,0.7717874647014116,429.77569986796357,,open
1776016931,2026-04-12T18:02:11.000Z,Buenos Aires,2026-04-12,0x7812c354fa88d060942a3f764e9f50c75319d3fe9775332769b9b7aefe5da207,exact,29,29,25.2,0.04,25.2,8.96,below_obs,3.8,3.8,0.001,0.999,34,378,6,194,11,15,4,13,0,,,,,
1776016931,2026-04-12T18:02:11.000Z,Buenos Aires,2026-04-12,0x883bfab4af6910408d549f5184d25a8d20a652e9dd10268a75daf0305dd59155,exact,22,22,25.2,0.04,25.2,8.96,above_obs,-3.2,3.2,0.005,0.999,14586,3238,1,203,11,13,11,14,0,,,,,
1776016931,2026-04-12T18:02:11.000Z,Buenos Aires,2026-04-12,0x005d0712ff9edb0302fef683fa2fd2ffcf078f9efbf9d88938f9879879a0170d,exact,25,25,25.2,0.04,25.2,8.96,above_obs,-0.2,0.2,0.27,0.58,378,378,11,306,11,2,18,2,0,,,,,
1776016931,2026-04-12T18:02:11.000Z,Buenos Aires,2026-04-12,0x1c0b0dda51c5e6fc3feb8da975ec97f149fe2557887c5f48b035fc242293b91f,exact,20,20,25.2,0.04,25.2,8.96,above_obs,-5.2,5.2,0.001,0.999,21126,17640,0,75,11,20,5,15,0,,,,,
1776016931,2026-04-12T18:02:11.000Z,Buenos Aires,2026-04-12,0x1c45b677558d209f53f7f1b427b6cd8b79960a4f1b3c6205d49b9c44d4dcd09f,exact,27,27,25.2,0.04,25.2,8.96,below_obs,1.8,1.8,,,,,0,0,11,8,,,0,,,,,
1776016931,2026-04-12T18:02:11.000Z,Buenos Aires,2026-04-12,0x1d71b5a7e46cc588516623ca1e5f8b84ab9a81be3dc3a81568acaf96a369b1fc,or_below,,19,25.2,0.04,25.2,8.96,above_obs,-6.2,6.2,0.001,0.999,21126,41476,0,125,11,22,6,16,0,,,,,
1776016931,2026-04-12T18:02:11.000Z,Buenos Aires,2026-04-12,0x2c1933421780f0d9830673fad6153b7ff743d79e02b3180e9ccc0726dd8d442e,exact,28,28,25.2,0.04,25.2,8.96,below_obs,2.8,2.8,0.002,0.998,378,378,6,207,11,12,10,8,0,,,,,
1776016931,2026-04-12T18:02:11.000Z,Buenos Aires,2026-04-12,0x2d809648b6be8552ed444d08315db5b5ae5a723ed22d50ea1f6990eb59288bdb,exact,23,23,25.2,0.04,25.2,8.96,above_obs,-2.2,2.2,0.016,0.999,11930,2112,1,273,11,10,16,17,0,,,,,
1776016931,2026-04-12T18:02:11.000Z,Buenos Aires,2026-04-12,0x4879629beee62b53ecd4686827f64b37295c2fbf3f944030742eb871a34fbda0,exact,21,21,25.2,0.04,25.2,8.96,above_obs,-4.2,4.2,0.001,0.999,21126,6382,0,165,11,18,7,18,0,,,,,
1776016931,2026-04-12T18:02:11.000Z,Buenos Aires,2026-04-12,0x49e3c3e43e1b49df6376ffdc96c85ee7f8e42412d5dc70836ff9ccc51cf76515,exact,24,24,25.2,0.04,25.2,8.96,above_obs,-1.2,1.2,0.01,0.99,378,378,38,379,11,6,14,6,1,NO,0.9951794113577279,230.3259749624554,,open
1776016931,2026-04-12T18:02:11.000Z,Buenos Aires,2026-04-12,0x6b93edd227945f102026e4728619fc74aeca43ab9b0112b4954e2ed20ce78a53,exact,26,26,25.2,0.04,25.2,8.96,below_obs,0.8,0.8,0.4509062426572735,0.75,382,1514,9,314,11,4,20,4,0,,,,,
1776016931,2026-04-12T18:02:11.000Z,Buenos Aires,2026-04-12,0x7812c354fa88d060942a3f764e9f50c75319d3fe9775332769b9b7aefe5da207,exact,29,29,25.2,0.04,25.2,8.96,below_obs,3.8,3.8,0.001,0.999,34,378,6,194,11,16,8,19,0,,,,,
1776016931,2026-04-12T18:02:11.000Z,Buenos Aires,2026-04-12,0x883bfab4af6910408d549f5184d25a8d20a652e9dd10268a75daf0305dd59155,exact,22,22,25.2,0.04,25.2,8.96,above_obs,-3.2,3.2,0.005,0.999,14586,3238,1,203,11,14,12,20,0,,,,,
1776016935,2026-04-12T18:02:15.000Z,Buenos Aires,2026-04-12,0x005d0712ff9edb0302fef683fa2fd2ffcf078f9efbf9d88938f9879879a0170d,exact,25,25,25.2,0.04,25.2,8.96,above_obs,-0.2,0.2,0.27,0.8086003333333334,382,4,13,308,11,1,9,2,1,NO,0.9900000000000001,759.8745,,open
1776016935,2026-04-12T18:02:15.000Z,Buenos Aires,2026-04-12,0x1c0b0dda51c5e6fc3feb8da975ec97f149fe2557887c5f48b035fc242293b91f,exact,20,20,25.2,0.04,25.2,8.96,above_obs,-5.2,5.2,0.001,0.999,21130,17644,0,75,11,10,1,4,0,,,,,
1776016935,2026-04-12T18:02:15.000Z,Buenos Aires,2026-04-12,0x1c45b677558d209f53f7f1b427b6cd8b79960a4f1b3c6205d49b9c44d4dcd09f,exact,27,27,25.2,0.04,25.2,8.96,below_obs,1.8,1.8,,,,,0,0,11,4,,,0,,,,,
1776016935,2026-04-12T18:02:15.000Z,Buenos Aires,2026-04-12,0x1d71b5a7e46cc588516623ca1e5f8b84ab9a81be3dc3a81568acaf96a369b1fc,or_below,,19,25.2,0.04,25.2,8.96,above_obs,-6.2,6.2,0.001,0.999,21130,41480,0,125,11,11,2,5,0,,,,,
1776016935,2026-04-12T18:02:15.000Z,Buenos Aires,2026-04-12,0x2c1933421780f0d9830673fad6153b7ff743d79e02b3180e9ccc0726dd8d442e,exact,28,28,25.2,0.04,25.2,8.96,below_obs,2.8,2.8,0.002,0.998,382,382,6,207,11,6,5,3,0,,,,,
1776016935,2026-04-12T18:02:15.000Z,Buenos Aires,2026-04-12,0x2d809648b6be8552ed444d08315db5b5ae5a723ed22d50ea1f6990eb59288bdb,exact,23,23,25.2,0.04,25.2,8.96,above_obs,-2.2,2.2,0.016,0.999,11934,2116,1,273,11,5,8,6,0,,,,,
1776016935,2026-04-12T18:02:15.000Z,Buenos Aires,2026-04-12,0x4879629beee62b53ecd4686827f64b37295c2fbf3f944030742eb871a34fbda0,exact,21,21,25.2,0.04,25.2,8.96,above_obs,-4.2,4.2,0.001,0.999,21130,6386,0,165,11,9,3,7,0,,,,,
1776016935,2026-04-12T18:02:15.000Z,Buenos Aires,2026-04-12,0x49e3c3e43e1b49df6376ffdc96c85ee7f8e42412d5dc70836ff9ccc51cf76515,exact,24,24,25.2,0.04,25.2,8.96,above_obs,-1.2,1.2,0.01,0.999,382,4,42,383,11,3,7,8,0,,,,,
1776016935,2026-04-12T18:02:15.000Z,Buenos Aires,2026-04-12,0x6b93edd227945f102026e4728619fc74aeca43ab9b0112b4954e2ed20ce78a53,exact,26,26,25.2,0.04,25.2,8.96,below_obs,0.8,0.8,0.5510380976732293,0.75,4,1518,10,315,11,2,10,1,0,,,,,
1776016935,2026-04-12T18:02:15.000Z,Buenos Aires,2026-04-12,0x7812c354fa88d060942a3f764e9f50c75319d3fe9775332769b9b7aefe5da207,exact,29,29,25.2,0.04,25.2,8.96,below_obs,3.8,3.8,0.001,0.999,38,382,6,194,11,8,4,9,0,,,,,
1776016935,2026-04-12T18:02:15.000Z,Buenos Aires,2026-04-12,0x883bfab4af6910408d549f5184d25a8d20a652e9dd10268a75daf0305dd59155,exact,22,22,25.2,0.04,25.2,8.96,above_obs,-3.2,3.2,0.005,0.999,14590,3242,1,203,11,7,6,10,0,,,,,
1776106127,2026-04-13T18:48:47.000Z,Toronto,2026-04-13,0x2bc3cb2f9c4bd1aadeccdaa963f512af1d23dd9b01afa8b7444d0df3e41fbba1,exact,16,16,20.1,0.81,20.1,9.19,above_obs,-4.1,4.1,0.0013360927152317882,0.999,15832,11940,0,413,11,9,4,6,0,,,,,
1776106127,2026-04-13T18:48:47.000Z,Toronto,2026-04-13,0x48a1b66cfee489459260dcf50bd46a2fed0a7cbacbcca96b3fca57c0f2f3ad79,exact,24,24,20.1,0.81,20.1,9.19,below_obs,3.9,3.9,0.015,0.9929999982819552,488,1254,26,492,11,8,7,5,0,,,,,
1776106127,2026-04-13T18:48:47.000Z,Toronto,2026-04-13,0x4ca05ec8dd27c5650562dc7bc794c3450f13a1ddeccbf7b192c6a69a65dbab84,or_below,,14,20.1,0.81,20.1,9.19,above_obs,-6.1,6.1,0.001,0.999,23586,24468,0,467,11,11,1,7,0,,,,,
1776106127,2026-04-13T18:48:47.000Z,Toronto,2026-04-13,0x5968fd060de2eb9021379a4854d76909dbd86567d3aa99482a0dac4920aebf3c,exact,22,22,20.1,0.81,20.1,9.19,below_obs,1.9,1.9,0.1,0.89,40,478,47,669,11,4,9,3,0,,,,,
1776106127,2026-04-13T18:48:47.000Z,Toronto,2026-04-13,0x5f93c80e7ae770e7a13c890731f31f25353fe7636fc25a92f9b87d554c4d17eb,exact,18,18,20.1,0.81,20.1,9.19,above_obs,-2.1,2.1,0.001,0.999,10440,538,6,597,11,5,2,8,0,,,,,
1776106127,2026-04-13T18:48:47.000Z,Toronto,2026-04-13,0x670eefb7eccfcfe56adc799c88e421dfbfaf81f5c58fb9b2f5917540e4ffd0ef,exact,20,20,20.1,0.81,20.1,9.19,above_obs,-0.1,0.1,0.27285242030696577,0.746,58,62,88,134,11,1,10,2,1,YES,0.14,4.978400000000001,19.89395,closed
1776106127,2026-04-13T18:48:47.000Z,Toronto,2026-04-13,0xacbde5e1cd0db9cb706332d3fe7d2306ed70bd68463301ec8e4e9ead77a3808e,exact,23,23,20.1,0.81,20.1,9.19,below_obs,2.9,2.9,0.016,0.9861315355730785,488,1138,33,445,11,6,8,4,0,,,,,
1776106127,2026-04-13T18:48:47.000Z,Toronto,2026-04-13,0xb95d409906748d7c56731d85f49e565a4810686b818da0015277ed3747a0b0cd,exact,15,15,20.1,0.81,20.1,9.19,above_obs,-5.1,5.1,0.001,0.999,23632,16096,0,425,11,10,3,9,0,,,,,
1776106127,2026-04-13T18:48:47.000Z,Toronto,2026-04-13,0xc100ab120c5ebdc923b2ef80b2633e68df90df025aeb62bc6e359eb083ed9597,exact,19,19,20.1,0.81,20.1,9.19,above_obs,-1.1,1.1,0.012,0.999,10410,544,4,619,11,3,6,10,0,,,,,
1776106127,2026-04-13T18:48:47.000Z,Toronto,2026-04-13,0xc17dc2295ce3a72bcc31c76e82ad7a1ef5f6771ea638d6273ff71f678121479b,exact,17,17,20.1,0.81,20.1,9.19,above_obs,-3.1,3.1,0.002,0.999,19216,5238,0,414,11,7,5,11,0,,,,,
1776106127,2026-04-13T18:48:47.000Z,Toronto,2026-04-13,0xe48ddaf94b4f64525cc2f3054de59f4464760ccbee4adddde3bd44e5266b76d1,exact,21,21,20.1,0.81,20.1,9.19,below_obs,0.9,0.9,0.66,0.4110714285714286,274,580,50,639,11,2,11,1,0,,,,,
1776180499,2026-04-14T15:28:19.000Z,Paris,2026-04-14,0x01db3dee3cdc59ee4d9db8c94a34fd3df1ac72c02ef2e6fcd8b729f1b27d3895,exact,21,21,17.1,0.47,17.1,6.53,below_obs,3.9,3.9,0.001,0.999,178,146,105,337,11,8,1,4,0,,,,,
1776180499,2026-04-14T15:28:19.000Z,Paris,2026-04-14,0x1496d7a4b38374bcb16ff9930c898aaec570c51299e4edc98673ae88d8f790dd,exact,13,13,17.1,0.47,17.1,6.53,above_obs,-4.1,4.1,0.001,0.999,10846,4532,0,144,11,9,2,5,0,,,,,
1776180499,2026-04-14T15:28:19.000Z,Paris,2026-04-14,0x4310dec68fe3b73f2c511e4c2bbb63be5aa0075025c245fe7ee3314f65baa4e9,exact,14,14,17.1,0.47,17.1,6.53,above_obs,-3.1,3.1,0.005,0.999,12994,9534,0,277,11,7,8,6,0,,,,,
1776180499,2026-04-14T15:28:19.000Z,Paris,2026-04-14,0x44d066ed4ec57b739c53607e416e1ee70531ced41ed2e6a422e6abff0bc15054,or_below,,12,17.1,0.47,17.1,6.53,above_obs,-5.1,5.1,0.001,0.999,23776,14618,0,311,11,11,3,7,0,,,,,
1776180499,2026-04-14T15:28:19.000Z,Paris,2026-04-14,0x7640ca1fc76689e22af364e115052bc40c450431fa6a284260cd0b2bfcf724f9,exact,19,19,17.1,0.47,17.1,6.53,below_obs,1.9,1.9,0.042,0.958,146,146,148,1025,11,4,9,3,0,,,,,
1776180499,2026-04-14T15:28:19.000Z,Paris,2026-04-14,0x80b197213a620878f9996f2a1e2704c707e65ce84304c5c1eed654bc7faf9123,exact,15,15,17.1,0.47,17.1,6.53,above_obs,-2.1,2.1,0.001,0.999,8726,444,2,1006,11,5,4,8,0,,,,,
1776180499,2026-04-14T15:28:19.000Z,Paris,2026-04-14,0xa3f706b6a724bed2947c96a95200aa6da21f027a01ab97598435b3f1d3535574,exact,18,18,17.1,0.47,17.1,6.53,below_obs,0.9,0.9,0.659999991199999,0.34,10,30,238,558,11,2,11,1,1,YES,0.7326401978477375,108.14501960430454,35.03668039569547,closed
1776180499,2026-04-14T15:28:19.000Z,Paris,2026-04-14,0xcf82ee625a7f9a138d294e36647e24eb82c8f6d902c8492b948836856d31b9f1,exact,17,17,17.1,0.47,17.1,6.53,above_obs,-0.1,0.1,0.3,0.72,44,26,339,751,11,1,10,2,0,,,,,
1776180499,2026-04-14T15:28:19.000Z,Paris,2026-04-14,0xd54044b85d6fe19a629f58bea6b98d27442303e4df0b8537fce67a18cb06c725,exact,16,16,17.1,0.47,17.1,6.53,above_obs,-1.1,1.1,0.001,0.999,4488,796,4,1214,11,3,5,9,0,,,,,
1776180499,2026-04-14T15:28:19.000Z,Paris,2026-04-14,0xd64e5735353b5b13274e3fd94b75858e0b86430e5354b2fc950313ca43741050,exact,20,20,17.1,0.47,17.1,6.53,below_obs,2.9,2.9,0.001,0.999,178,146,105,556,11,6,6,10,0,,,,,
1776180499,2026-04-14T15:28:19.000Z,Paris,2026-04-14,0xf84df40aed9b17b1b94511ba049ec8e2c926b24288fbb20dc47cc3ed42de1d42,exact,22,22,17.1,0.47,17.1,6.53,below_obs,4.9,4.9,0.001,0.999,358,22718,19,186,11,10,7,11,0,,,,,
1776276434,2026-04-15T18:07:14.000Z,Buenos Aires,2026-04-15,0x05017c3f3c7d27dbf084058b886a0f3a0cc3374eca0f87eaa8ac7db1244a8bb9,exact,28,28,24.4,25.12,22.4,8.88,below_obs,3.6,3.6,0.002,0.999,21686,1924,2,187,11,8,5,6,0,,,,,
1776276434,2026-04-15T18:07:14.000Z,Buenos Aires,2026-04-15,0x07312070b6b6899b9c6a31dec7c60e8a9f7a07d82180ff47754cf18f4a840e48,exact,20,20,24.4,25.12,22.4,8.88,above_obs,-4.4,4.4,0.019606521311588885,0.999,44090,40564,0,104,11,9,8,7,0,,,,,
1776276434,2026-04-15T18:07:14.000Z,Buenos Aires,2026-04-15,0x3d04ec42a916b5f42bc704a4fefd000fdffa45864d0990cc9b71a8a30cc03945,exact,23,23,24.4,25.12,22.4,8.88,above_obs,-1.4,1.4,0.34,0.68,180,1320,43,90,11,3,10,2,1,YES,0.5363751298926221,22.066472843782474,17.427927156217525,closed
1776276434,2026-04-15T18:07:14.000Z,Buenos Aires,2026-04-15,0x756b54ee6a26431fd57e4beae3fc971fd364b466cc6cad66c1cfd6f50728b0a0,or_below,,18,24.4,25.12,22.4,8.88,above_obs,-6.4,6.4,0.001,0.999,47496,45806,0,179,11,11,1,8,0,,,,,
1776276434,2026-04-15T18:07:14.000Z,Buenos Aires,2026-04-15,0x95c093289a142309b496ccc6ac2d888907da3ae135af1392e1b9e3e252baf0e3,exact,25,25,24.4,25.12,22.4,8.88,below_obs,0.6,0.6,0.008,0.99,258,538,31,377,11,2,7,4,0,,,,,
1776276434,2026-04-15T18:07:14.000Z,Buenos Aires,2026-04-15,0xa0afcec9f7f635172b1e0fd3b67af414cb61fde9faaa3d72b2704a05fb300539,exact,22,22,24.4,25.12,22.4,8.88,above_obs,-2.4,2.4,0.65,0.49,20,2,53,430,11,5,11,1,0,,,,,
1776276434,2026-04-15T18:07:14.000Z,Buenos Aires,2026-04-15,0xcc9a0ca45f228ea28b057a303893a6608872c42dcce6d228c657c06f6ba244e3,exact,21,21,24.4,25.12,22.4,8.88,above_obs,-3.4,3.4,0.001,0.999,10772,8262,0,71,11,7,2,9,0,,,,,
1776276434,2026-04-15T18:07:14.000Z,Buenos Aires,2026-04-15,0xefa428a9bcaeab3352f3f20ff95d23d6ae3b1ef8ccc6dae694db075fa0d523e5,exact,19,19,24.4,25.12,22.4,8.88,above_obs,-5.4,5.4,0.001,0.999,47494,49506,0,138,11,10,3,10,0,,,,,
1776276434,2026-04-15T18:07:14.000Z,Buenos Aires,2026-04-15,0xefe7bf4793ad8e54580474745b7d873e9c18cb15baffed5537f33021bf8ec4f0,exact,26,26,24.4,25.12,22.4,8.88,below_obs,1.6,1.6,0.002,0.998,180,2790,27,321,11,4,6,5,0,,,,,
1776276434,2026-04-15T18:07:14.000Z,Buenos Aires,2026-04-15,0xf80f69ee21b2422c2bc34805202da5ef7d0096917aff81b3048bd64ae11ef7e3,exact,27,27,24.4,25.12,22.4,8.88,below_obs,2.6,2.6,0.001,0.999,180,692,24,331,11,6,4,11,0,,,,,
1776276434,2026-04-15T18:07:14.000Z,Buenos Aires,2026-04-15,0xfe878a6272f31f4f15e2cbeb5a795d1e72087c73dd144cf92e75b07c38fa460a,exact,24,24,24.4,25.12,22.4,8.88,above_obs,-0.4,0.4,0.021,0.978,258,1320,27,355,11,1,9,3,0,,,,,
1776275754,2026-04-15T17:55:54.000Z,Sao Paulo,2026-04-15,0x31443a27fb17ef4b7ec86a461671544a054e435f95320e359323823d1f982ff1,or_below,,22,26.9,23.93,26.5,9.07,above_obs,-4.9,4.9,0.001,0.999,12064,21550,0,149,11,10,1,8,0,,,,,
1776275754,2026-04-15T17:55:54.000Z,Sao Paulo,2026-04-15,0x37c29aaa67df614429aaf2240070b2de88fa2eab63d7fab3ea6a0cdd7cb0549e,exact,27,27,26.9,23.93,26.5,9.07,below_obs,0.1,0.1,0.28,0.74,98,30,55,78,11,1,10,2,1,YES,0.8260322463875134,74.18595604806258,15.354613951937424,closed
1776275754,2026-04-15T17:55:54.000Z,Sao Paulo,2026-04-15,0x519f21035996502a19812992b307536b247f03e62d0d85eb5875d813c73c1f80,exact,31,31,26.9,23.93,26.5,9.07,below_obs,4.1,4.1,0.002596894767107533,0.997,860,4526,1,97,11,9,5,6,0,,,,,
1776275754,2026-04-15T17:55:54.000Z,Sao Paulo,2026-04-15,0x536a3fafffbf33d4003e904bd765d2aa9f6494734473bde8ebf351f7fe809e39,exact,29,29,26.9,23.93,26.5,9.07,below_obs,2.1,2.1,0.003,0.99,2654,1684,29,292,11,5,6,4,0,,,,,
1776275754,2026-04-15T17:55:54.000Z,Sao Paulo,2026-04-15,0x68c8828f4281fdefdcc6e64c0c21e4ddde58088726da952f1644468020697040,exact,32,32,26.9,23.93,26.5,9.07,below_obs,5.1,5.1,0.004,0.998,860,28390,1,119,11,11,7,7,0,,,,,
1776275754,2026-04-15T17:55:54.000Z,Sao Paulo,2026-04-15,0x7e132c98e4134d626454cb568ef067641b6d1d1cb58ffa8362e3a0afacbf4cb2,exact,24,24,26.9,23.93,26.5,9.07,above_obs,-2.9,2.9,0.001,0.999,4232,2164,1,258,11,6,2,9,0,,,,,
1776275754,2026-04-15T17:55:54.000Z,Sao Paulo,2026-04-15,0xbdc42d0313c5b64b922d98ffe3bef44ec3c643ee98604812e48dd827355ecc02,exact,23,23,26.9,23.93,26.5,9.07,above_obs,-3.9,3.9,0.002,0.999,54536,39372,0,137,11,8,4,10,0,,,,,
1776275754,2026-04-15T17:55:54.000Z,Sao Paulo,2026-04-15,0xd7e0a42b536234c0513b5ba080fd6765e60aa2bf4824b35a08c77f1a8e031678,exact,25,25,26.9,23.93,26.5,9.07,above_obs,-1.9,1.9,0.0012471627048464742,0.999,3324,272,31,410,11,4,3,11,0,,,,,
1776275754,2026-04-15T17:55:54.000Z,Sao Paulo,2026-04-15,0xe43280d8f22bc244a4703778083dd61d9612bf09fa16914ac3915e64f91c6054,exact,26,26,26.9,23.93,26.5,9.07,above_obs,-0.9,0.9,0.66,0.33,20,152,100,118,11,2,11,1,0,,,,,
1776275754,2026-04-15T17:55:54.000Z,Sao Paulo,2026-04-15,0xf4eeae7a9fbf365ad109764ad85010715df26d44cd297db147cccfcb05c8ce21,exact,30,30,26.9,23.93,26.5,9.07,below_obs,3.1,3.1,0.007,0.9949999869934629,860,2128,22,205,11,7,8,5,0,,,,,
1776275754,2026-04-15T17:55:54.000Z,Sao Paulo,2026-04-15,0xf8bf696186e543fc7518668519b855550b07e2b3d42cb1debca17c8dd56e0f2d,exact,28,28,26.9,23.93,26.5,9.07,below_obs,1.1,1.1,0.08795424164524422,0.965,18,1234,56,410,11,3,9,3,0,,,,,
1776272156,2026-04-15T16:55:56.000Z,Sao Paulo,2026-04-15,0x31443a27fb17ef4b7ec86a461671544a054e435f95320e359323823d1f982ff1,or_below,,22,26.9,22.93,26.1,10.07,above_obs,-4.9,4.9,0.001,0.999,8466,17952,0,149,11,10,1,9,0,,,,,
1776272156,2026-04-15T16:55:56.000Z,Sao Paulo,2026-04-15,0x37c29aaa67df614429aaf2240070b2de88fa2eab63d7fab3ea6a0cdd7cb0549e,exact,27,27,26.9,22.93,26.1,10.07,below_obs,0.1,0.1,0.3,0.7058816105010728,20,620,13,23,11,1,10,2,0,,,,,
1776272156,2026-04-15T16:55:56.000Z,Sao Paulo,2026-04-15,0x519f21035996502a19812992b307536b247f03e62d0d85eb5875d813c73c1f80,exact,31,31,26.9,22.93,26.1,10.07,below_obs,4.1,4.1,0.002762450980392157,0.997,3694,928,1,96,11,9,6,7,0,,,,,
1776272156,2026-04-15T16:55:56.000Z,Sao Paulo,2026-04-15,0x536a3fafffbf33d4003e904bd765d2aa9f6494734473bde8ebf351f7fe809e39,exact,29,29,26.9,22.93,26.1,10.07,below_obs,2.1,2.1,0.01,0.99,6520,4676,0,263,11,5,7,5,0,,,,,
1776272156,2026-04-15T16:55:56.000Z,Sao Paulo,2026-04-15,0x68c8828f4281fdefdcc6e64c0c21e4ddde58088726da952f1644468020697040,exact,32,32,26.9,22.93,26.1,10.07,below_obs,5.1,5.1,0.002,0.998,20592,24792,0,118,11,11,3,8,0,,,,,
1776272156,2026-04-15T16:55:56.000Z,Sao Paulo,2026-04-15,0x7e132c98e4134d626454cb568ef067641b6d1d1cb58ffa8362e3a0afacbf4cb2,exact,24,24,26.9,22.93,26.1,10.07,above_obs,-2.9,2.9,0.001,0.999,634,2686,12,257,11,6,2,10,0,,,,,
1776272156,2026-04-15T16:55:56.000Z,Sao Paulo,2026-04-15,0xbdc42d0313c5b64b922d98ffe3bef44ec3c643ee98604812e48dd827355ecc02,exact,23,23,26.9,22.93,26.1,10.07,above_obs,-3.9,3.9,0.002,0.999,50938,35774,0,137,11,8,4,11,0,,,,,
1776272156,2026-04-15T16:55:56.000Z,Sao Paulo,2026-04-15,0xd7e0a42b536234c0513b5ba080fd6765e60aa2bf4824b35a08c77f1a8e031678,exact,25,25,26.9,22.93,26.1,10.07,above_obs,-1.9,1.9,0.07,0.94,806,234,30,379,11,4,9,3,0,,,,,
1776272156,2026-04-15T16:55:56.000Z,Sao Paulo,2026-04-15,0xe43280d8f22bc244a4703778083dd61d9612bf09fa16914ac3915e64f91c6054,exact,26,26,26.9,22.93,26.1,10.07,above_obs,-0.9,0.9,0.51,0.54,460,1832,7,18,11,2,11,1,1,YES,0.5615611257695691,37.46987972080036,,open
1776272156,2026-04-15T16:55:56.000Z,Sao Paulo,2026-04-15,0xf4eeae7a9fbf365ad109764ad85010715df26d44cd297db147cccfcb05c8ce21,exact,30,30,26.9,22.93,26.1,10.07,below_obs,3.1,3.1,0.002,0.9942316763005781,11908,5942,0,183,11,7,5,6,0,,,,,
1776272156,2026-04-15T16:55:56.000Z,Sao Paulo,2026-04-15,0xf8bf696186e543fc7518668519b855550b07e2b3d42cb1debca17c8dd56e0f2d,exact,28,28,26.9,22.93,26.1,10.07,below_obs,1.1,1.1,0.04103448275862069,0.95,16,540,33,354,11,3,8,4,0,,,,,
1776275762,2026-04-15T17:56:02.000Z,Sao Paulo,2026-04-15,0x31443a27fb17ef4b7ec86a461671544a054e435f95320e359323823d1f982ff1,or_below,,22,26.9,23.93,26.5,9.07,above_obs,-4.9,4.9,0.001,0.999,12072,21558,0,149,11,10,1,8,0,,,,,
1776275762,2026-04-15T17:56:02.000Z,Sao Paulo,2026-04-15,0x37c29aaa67df614429aaf2240070b2de88fa2eab63d7fab3ea6a0cdd7cb0549e,exact,27,27,26.9,23.93,26.5,9.07,below_obs,0.1,0.1,0.9454934363673546,0.15,2,6,70,93,11,1,11,1,1,YES,0.85,0.00013599999999485134,,open
1776275762,2026-04-15T17:56:02.000Z,Sao Paulo,2026-04-15,0x519f21035996502a19812992b307536b247f03e62d0d85eb5875d813c73c1f80,exact,31,31,26.9,23.93,26.5,9.07,below_obs,4.1,4.1,0.002596894767107533,0.997,868,4534,1,97,11,9,5,6,0,,,,,
1776275762,2026-04-15T17:56:02.000Z,Sao Paulo,2026-04-15,0x536a3fafffbf33d4003e904bd765d2aa9f6494734473bde8ebf351f7fe809e39,exact,29,29,26.9,23.93,26.5,9.07,below_obs,2.1,2.1,0.003,0.983,2662,2,30,293,11,5,6,3,0,,,,,
1776275762,2026-04-15T17:56:02.000Z,Sao Paulo,2026-04-15,0x68c8828f4281fdefdcc6e64c0c21e4ddde58088726da952f1644468020697040,exact,32,32,26.9,23.93,26.5,9.07,below_obs,5.1,5.1,0.004,0.998,868,28398,1,119,11,11,7,7,0,,,,,
1776275762,2026-04-15T17:56:02.000Z,Sao Paulo,2026-04-15,0x7e132c98e4134d626454cb568ef067641b6d1d1cb58ffa8362e3a0afacbf4cb2,exact,24,24,26.9,23.93,26.5,9.07,above_obs,-2.9,2.9,0.001,0.999,4240,2172,1,258,11,6,2,9,0,,,,,
1776275762,2026-04-15T17:56:02.000Z,Sao Paulo,2026-04-15,0xbdc42d0313c5b64b922d98ffe3bef44ec3c643ee98604812e48dd827355ecc02,exact,23,23,26.9,23.93,26.5,9.07,above_obs,-3.9,3.9,0.002,0.999,54544,39380,0,137,11,8,4,10,0,,,,,
1776275762,2026-04-15T17:56:02.000Z,Sao Paulo,2026-04-15,0xd7e0a42b536234c0513b5ba080fd6765e60aa2bf4824b35a08c77f1a8e031678,exact,25,25,26.9,23.93,26.5,9.07,above_obs,-1.9,1.9,0.0012471627048464742,0.999,3332,280,27,410,11,4,3,11,0,,,,,
1776275762,2026-04-15T17:56:02.000Z,Sao Paulo,2026-04-15,0xe43280d8f22bc244a4703778083dd61d9612bf09fa16914ac3915e64f91c6054,exact,26,26,26.9,23.93,26.5,9.07,above_obs,-0.9,0.9,0.01,0.99,4,2,108,128,11,2,9,4,0,,,,,
1776275762,2026-04-15T17:56:02.000Z,Sao Paulo,2026-04-15,0xf4eeae7a9fbf365ad109764ad85010715df26d44cd297db147cccfcb05c8ce21,exact,30,30,26.9,23.93,26.5,9.07,below_obs,3.1,3.1,0.007,0.993,868,2,23,206,11,7,8,5,0,,,,,
1776275762,2026-04-15T17:56:02.000Z,Sao Paulo,2026-04-15,0xf8bf696186e543fc7518668519b855550b07e2b3d42cb1debca17c8dd56e0f2d,exact,28,28,26.9,23.93,26.5,9.07,below_obs,1.1,1.1,0.02,0.97913,6,6,58,412,11,3,10,2,0,,,,,
1776369852,2026-04-16T20:04:12.000Z,Buenos Aires,2026-04-16,0x03e90509ae609069121f950b0c8d517179f92026562fabb04363113965debdcd,exact,17,17,23.5,0.07,23.5,6.93,above_obs,-6.5,6.5,0.002,0.999,131916,60996,0,83,11,9,6,4,0,,,,,
1776369852,2026-04-16T20:04:12.000Z,Buenos Aires,2026-04-16,0x127d1524cc3f67dfcde97b11eaa5f5a5de454eb6c2e3a6031989c1bbecf0b6ef,exact,24,24,23.5,0.07,23.5,6.93,below_obs,0.5,0.5,0.32,0.75,114,184,76,223,11,1,10,2,1,YES,0.7,1.3151502,0.5448478000000001,closed
1776369852,2026-04-16T20:04:12.000Z,Buenos Aires,2026-04-16,0x138e606ded60f474c328d025ef8a4f6ed6d3e1bcd3a5168c77ee030581b13124,exact,20,20,23.5,0.07,23.5,6.93,above_obs,-3.5,3.5,0.002,0.999,61400,58740,0,43,11,6,7,5,0,,,,,
1776369852,2026-04-16T20:04:12.000Z,Buenos Aires,2026-04-16,0x169725baa7190fcb05345422fad3409463422bcf2739351633bb7798539b3abd,exact,25,25,23.5,0.07,23.5,6.93,below_obs,1.5,1.5,0.009,0.9909999998849002,114,106,62,678,11,3,9,3,0,,,,,
1776369852,2026-04-16T20:04:12.000Z,Buenos Aires,2026-04-16,0x29d412010133882cca188240615eb7e04ed1648e3b38b4f0ec91bf5c204dfdc9,exact,21,21,23.5,0.07,23.5,6.93,above_obs,-2.5,2.5,0.001,0.999,26512,22374,0,321,11,5,1,6,0,,,,,
1776369852,2026-04-16T20:04:12.000Z,Buenos Aires,2026-04-16,0x4810c8fb93622de2e325e4c80ac5cfc2952201727f8f78693b7da7dd072beaff,exact,22,22,23.5,0.07,23.5,6.93,above_obs,-1.5,1.5,0.001,0.999,6618,3608,0,184,11,4,2,7,0,,,,,
1776369852,2026-04-16T20:04:12.000Z,Buenos Aires,2026-04-16,0x8fe324ccd198c09987c61e558f33a30a83f33340a1f1f7ad635ecd2dc5e1d149,exact,19,19,23.5,0.07,23.5,6.93,above_obs,-4.5,4.5,0.002,0.999,78024,57556,0,119,11,7,8,8,0,,,,,
1776369852,2026-04-16T20:04:12.000Z,Buenos Aires,2026-04-16,0xa2019ed14684ed8d1b5478624ee5a8317e0e3d37b10a9f23f555f1d3e765df08,exact,23,23,23.5,0.07,23.5,6.93,above_obs,-0.5,0.5,0.72,0.25,114,706,89,598,11,2,11,1,0,,,,,
1776369852,2026-04-16T20:04:12.000Z,Buenos Aires,2026-04-16,0xadb8034746f0aa7276e42637409b5ad591480145ad3c8496f0db61886cec674b,exact,16,16,23.5,0.07,23.5,6.93,above_obs,-7.5,7.5,0.001,0.999,131916,93786,0,80,11,10,3,9,0,,,,,
1776369852,2026-04-16T20:04:12.000Z,Buenos Aires,2026-04-16,0xd5e8e6f81fa7c8225cdda15465c7a6af9326b64703778ecabefcad8b347589ce,exact,18,18,23.5,0.07,23.5,6.93,above_obs,-5.5,5.5,0.001,0.999,102442,100986,0,87,11,8,4,10,0,,,,,
1776369852,2026-04-16T20:04:12.000Z,Buenos Aires,2026-04-16,0xe2e7ce42e8e96168f9b6656f2d3250e0b2dcfa10ccb9428440d984da12517029,or_below,,15,23.5,0.07,23.5,6.93,above_obs,-8.5,8.5,0.001,0.999,147042,128552,0,74,11,11,5,11,0,,,,,
1776452524,2026-04-17T19:02:04.000Z,Panama City,2026-04-17,0x08e199cdf3c2b4aa859171a1cfd03b823085e9c9c4b38c26f662f371f0cecb38,exact,33,33,33.8,2.03,33.6,9.97,above_obs,-0.8,0.8,0.6033695578582485,0.4699998494530556,72,70,14,134,11,2,10,2,0,,,,,
1776452524,2026-04-17T19:02:04.000Z,Panama City,2026-04-17,0x3e82c2199322d7d31b9f5950612d037a08782b0d96e59a60e129536f95369a95,exact,34,34,33.8,2.03,33.6,9.97,below_obs,0.2,0.2,0.7292616226071102,0.34,2756,434,3,17,11,1,11,1,1,NO,0.6270440251572327,6.2641698113207545,3.416140188679246,closed
1776452524,2026-04-17T19:02:04.000Z,Panama City,2026-04-17,0x4c2190e6ed87e43829edbb01fa1a69658d159d2badff1127f8f7f6842dde49a3,exact,31,31,33.8,2.03,33.6,9.97,above_obs,-2.8,2.8,0.011,0.999,14746,2604,2,238,11,6,7,5,0,,,,,
1776452524,2026-04-17T19:02:04.000Z,Panama City,2026-04-17,0x68dcc59ec17e11efe87f5e11f00abeaca79c1b6b6a4777124bc2257bebedc077,exact,32,32,33.8,2.03,33.6,9.97,above_obs,-1.8,1.8,0.02800800800800801,0.999,8996,7174,0,107,11,4,8,6,0,,,,,
1776452524,2026-04-17T19:02:04.000Z,Panama City,2026-04-17,0x6a4b4e5ad928aa639213b62429a149467e4443781808da9a46e785ed6c39be7a,exact,38,38,33.8,2.03,33.6,9.97,below_obs,4.2,4.2,0.002,0.999,2754,27510,2,59,11,9,4,7,0,,,,,
1776452524,2026-04-17T19:02:04.000Z,Panama City,2026-04-17,0x932d7dc68f0e89b3f974fed740430fd66966ce4ade0b468764ebd8420328088d,exact,29,29,33.8,2.03,33.6,9.97,above_obs,-4.8,4.8,0.001,0.999,18180,19554,0,97,11,10,1,8,0,,,,,
1776452524,2026-04-17T19:02:04.000Z,Panama City,2026-04-17,0x97de22484a0a13d573e63d40ba1ca4fce1d0f5ad451e9888571879e8de6606bb,or_below,,28,33.8,2.03,33.6,9.97,above_obs,-5.8,5.8,0.001,0.999,18180,17698,0,67,11,11,2,9,0,,,,,
1776452524,2026-04-17T19:02:04.000Z,Panama City,2026-04-17,0xa57f5fc21d2f22a6602fcaed107cfa9123f8234276ba4bdfe369ce6d826a7b89,exact,36,36,33.8,2.03,33.6,9.97,below_obs,2.2,2.2,0.004,0.99511,308,2754,4,98,11,5,6,4,0,,,,,
1776452524,2026-04-17T19:02:04.000Z,Panama City,2026-04-17,0xa96bd63d216ff19e850426db15de6a31323fcbd2cafd2f5a3c9e1235334b0da6,exact,37,37,33.8,2.03,33.6,9.97,below_obs,3.2,3.2,0.003,0.999,5300,13926,0,79,11,7,5,10,0,,,,,
1776452524,2026-04-17T19:02:04.000Z,Panama City,2026-04-17,0xdae301c7bd5d2c01d688a6b4fb05e308df7592daca76869c822244437153fd76,exact,30,30,33.8,2.03,33.6,9.97,above_obs,-3.8,3.8,0.001,0.999,14754,7076,0,115,11,8,3,11,0,,,,,
1776452524,2026-04-17T19:02:04.000Z,Panama City,2026-04-17,0xdc70cfb00ef25026c3212db670783379a2ea2eb868ea1c490208ee5a81551a2d,exact,35,35,33.8,2.03,33.6,9.97,below_obs,1.2,1.2,0.05524,0.95,2754,434,6,114,11,3,9,3,0,,,,,
1776455028,2026-04-17T19:43:48.000Z,Mexico City,2026-04-17,0x0108af5b4c90d0551f32ebcd6624ac652d7ee4608cccce7116ea569876306f47,exact,26,26,29.8,22.73,28.7,10.27,above_obs,-3.8,3.8,0.001,0.999,9828,1366,4,316,11,8,1,6,0,,,,,
1776455028,2026-04-17T19:43:48.000Z,Mexico City,2026-04-17,0x0231a1ac200417ed765a05119d7d5ce72a5c1da457885bb66c5e5afd250791ce,exact,33,33,29.8,22.73,28.7,10.27,below_obs,3.2,3.2,0.002,0.998,9828,9824,0,120,11,7,6,4,0,,,,,
1776455028,2026-04-17T19:43:48.000Z,Mexico City,2026-04-17,0x1faacbd35c04ae3f898ec5b19dca544282fd89d9cf1034a537d560483d3290cc,or_below,,25,29.8,22.73,28.7,10.27,above_obs,-4.8,4.8,0.001,0.999,9828,6484,0,129,11,10,2,7,0,,,,,
1776455028,2026-04-17T19:43:48.000Z,Mexico City,2026-04-17,0x5f36f3cb87e5be5440ea681b79b4c78fa823326d3d159b7d4cd0d9f04adaad0d,exact,28,28,29.8,22.73,28.7,10.27,above_obs,-1.8,1.8,0.38,0.79,156,4666,3,165,11,4,9,1,0,,,,,
1776455028,2026-04-17T19:43:48.000Z,Mexico City,2026-04-17,0x6da8eae7a4730fc79574fb5b663ba3f36bf65978946de1686bdb913cbb26a1ee,exact,32,32,29.8,22.73,28.7,10.27,below_obs,2.2,2.2,0.001,0.999,9828,7424,0,198,11,5,3,8,0,,,,,
1776455028,2026-04-17T19:43:48.000Z,Mexico City,2026-04-17,0x91b4e9393af5fea708ced32660ba8b25d7a4bd520aa92565662a771b4ce212bb,exact,29,29,29.8,22.73,28.7,10.27,above_obs,-0.8,0.8,,,,,0,0,11,2,,,0,,,,,
1776455028,2026-04-17T19:43:48.000Z,Mexico City,2026-04-17,0x99ff827e178a124ba4dac273a6ffc3792622eaa51d90f2dd6dc85c5b47b8c094,exact,31,31,29.8,22.73,28.7,10.27,below_obs,1.2,1.2,0.01,0.99,9828,2244,2,224,11,3,7,3,0,,,,,
1776455028,2026-04-17T19:43:48.000Z,Mexico City,2026-04-17,0xa57bbe173eed156a8d980ef361a08ad6edc6d8c0b220e8deb1c9202552598788,exact,30,30,29.8,22.73,28.7,10.27,below_obs,0.2,0.2,,,,,0,0,11,1,,,0,,,,,
1776455028,2026-04-17T19:43:48.000Z,Mexico City,2026-04-17,0xb23381c803e49642b1dde50ae2ac2ee80f48bec62ba2e1d3af829e17b3e42694,exact,27,27,29.8,22.73,28.7,10.27,above_obs,-2.8,2.8,0.03,0.978,2616,1146,6,20,11,6,8,2,1,NO,0.9838826842272835,188.68902118110844,2.7074188188915684,closed
1776455028,2026-04-17T19:43:48.000Z,Mexico City,2026-04-17,0xb458b5407410099028a3e7f91f13de6938323adcfd702d412e5629f669ef5d4e,exact,34,34,29.8,22.73,28.7,10.27,below_obs,4.2,4.2,0.001,0.999,20902,14942,0,109,11,9,4,9,0,,,,,
1776455028,2026-04-17T19:43:48.000Z,Mexico City,2026-04-17,0xf7b7d257dd8a8e4db9066860c38002849659320d03c254248e12724af163c698,exact,35,35,29.8,22.73,28.7,10.27,below_obs,5.2,5.2,0.001,0.998,20902,14994,0,132,11,11,5,5,0,,,,,
1776455036,2026-04-17T19:43:56.000Z,Mexico City,2026-04-17,0x0108af5b4c90d0551f32ebcd6624ac652d7ee4608cccce7116ea569876306f47,exact,26,26,29.8,22.73,28.7,10.27,above_obs,-3.8,3.8,0.001,0.999,9836,1374,4,316,11,8,1,5,0,,,,,
1776455036,2026-04-17T19:43:56.000Z,Mexico City,2026-04-17,0x0231a1ac200417ed765a05119d7d5ce72a5c1da457885bb66c5e5afd250791ce,exact,33,33,29.8,22.73,28.7,10.27,below_obs,3.2,3.2,0.002,0.998,9836,9832,0,120,11,7,6,3,0,,,,,
1776455036,2026-04-17T19:43:56.000Z,Mexico City,2026-04-17,0x1faacbd35c04ae3f898ec5b19dca544282fd89d9cf1034a537d560483d3290cc,or_below,,25,29.8,22.73,28.7,10.27,above_obs,-4.8,4.8,0.001,0.999,9836,6492,0,129,11,10,2,6,0,,,,,
1776455036,2026-04-17T19:43:56.000Z,Mexico City,2026-04-17,0x5f36f3cb87e5be5440ea681b79b4c78fa823326d3d159b7d4cd0d9f04adaad0d,exact,28,28,29.8,22.73,28.7,10.27,above_obs,-1.8,1.8,0.38,0.79,164,4674,3,165,11,4,9,1,0,,,,,
1776455036,2026-04-17T19:43:56.000Z,Mexico City,2026-04-17,0x6da8eae7a4730fc79574fb5b663ba3f36bf65978946de1686bdb913cbb26a1ee,exact,32,32,29.8,22.73,28.7,10.27,below_obs,2.2,2.2,0.001,0.999,9836,7432,0,198,11,5,3,7,0,,,,,
1776455036,2026-04-17T19:43:56.000Z,Mexico City,2026-04-17,0x91b4e9393af5fea708ced32660ba8b25d7a4bd520aa92565662a771b4ce212bb,exact,29,29,29.8,22.73,28.7,10.27,above_obs,-0.8,0.8,,,,,0,0,11,2,,,0,,,,,
1776455036,2026-04-17T19:43:56.000Z,Mexico City,2026-04-17,0x99ff827e178a124ba4dac273a6ffc3792622eaa51d90f2dd6dc85c5b47b8c094,exact,31,31,29.8,22.73,28.7,10.27,below_obs,1.2,1.2,0.01,0.99,9836,2252,2,224,11,3,7,2,0,,,,,
1776455036,2026-04-17T19:43:56.000Z,Mexico City,2026-04-17,0xa57bbe173eed156a8d980ef361a08ad6edc6d8c0b220e8deb1c9202552598788,exact,30,30,29.8,22.73,28.7,10.27,below_obs,0.2,0.2,,,,,0,0,11,1,,,0,,,,,
1776455036,2026-04-17T19:43:56.000Z,Mexico City,2026-04-17,0xb23381c803e49642b1dde50ae2ac2ee80f48bec62ba2e1d3af829e17b3e42694,exact,27,27,29.8,22.73,28.7,10.27,above_obs,-2.8,2.8,0.03,0.999000000999,2624,4,11,25,11,6,8,9,1,NO,0.9909999999999999,0.005341490000019039,,open
1776455036,2026-04-17T19:43:56.000Z,Mexico City,2026-04-17,0xb458b5407410099028a3e7f91f13de6938323adcfd702d412e5629f669ef5d4e,exact,34,34,29.8,22.73,28.7,10.27,below_obs,4.2,4.2,0.001,0.999,20910,14950,0,109,11,9,4,8,0,,,,,
1776455036,2026-04-17T19:43:56.000Z,Mexico City,2026-04-17,0xf7b7d257dd8a8e4db9066860c38002849659320d03c254248e12724af163c698,exact,35,35,29.8,22.73,28.7,10.27,below_obs,5.2,5.2,0.001,0.998,20910,15002,0,132,11,11,5,4,0,,,,,
1776458426,2026-04-17T20:40:26.000Z,Mexico City,2026-04-17,0x0108af5b4c90d0551f32ebcd6624ac652d7ee4608cccce7116ea569876306f47,exact,26,26,29.8,23.67,29.2,9.33,above_obs,-3.8,3.8,0.001,0.999,13226,4764,0,316,11,8,1,5,0,,,,,
1776458426,2026-04-17T20:40:26.000Z,Mexico City,2026-04-17,0x0231a1ac200417ed765a05119d7d5ce72a5c1da457885bb66c5e5afd250791ce,exact,33,33,29.8,23.67,29.2,9.33,below_obs,3.2,3.2,0.004,0.999,910,918,5,125,11,7,6,6,0,,,,,
1776458426,2026-04-17T20:40:26.000Z,Mexico City,2026-04-17,0x1faacbd35c04ae3f898ec5b19dca544282fd89d9cf1034a537d560483d3290cc,or_below,,25,29.8,23.67,29.2,9.33,above_obs,-4.8,4.8,0.001,0.999,13226,9882,0,129,11,10,2,7,0,,,,,
1776458426,2026-04-17T20:40:26.000Z,Mexico City,2026-04-17,0x5f36f3cb87e5be5440ea681b79b4c78fa823326d3d159b7d4cd0d9f04adaad0d,exact,28,28,29.8,23.67,29.2,9.33,above_obs,-1.8,1.8,0.48,0.5,168,100,36,200,11,4,10,1,1,NO,0.8212363882994143,673.5195808028772,,open
1776458426,2026-04-17T20:40:26.000Z,Mexico City,2026-04-17,0x6da8eae7a4730fc79574fb5b663ba3f36bf65978946de1686bdb913cbb26a1ee,exact,32,32,29.8,23.67,29.2,9.33,below_obs,2.2,2.2,0.004,0.999,910,918,5,203,11,5,7,8,0,,,,,
1776458426,2026-04-17T20:40:26.000Z,Mexico City,2026-04-17,0x91b4e9393af5fea708ced32660ba8b25d7a4bd520aa92565662a771b4ce212bb,exact,29,29,29.8,23.67,29.2,9.33,above_obs,-0.8,0.8,0.52,0.52,22,56,11,11,11,2,11,2,0,,,,,
1776458426,2026-04-17T20:40:26.000Z,Mexico City,2026-04-17,0x99ff827e178a124ba4dac273a6ffc3792622eaa51d90f2dd6dc85c5b47b8c094,exact,31,31,29.8,23.67,29.2,9.33,below_obs,1.2,1.2,0.002,0.995,168,918,10,234,11,3,3,3,0,,,,,
1776458426,2026-04-17T20:40:26.000Z,Mexico City,2026-04-17,0xa57bbe173eed156a8d980ef361a08ad6edc6d8c0b220e8deb1c9202552598788,exact,30,30,29.8,23.67,29.2,9.33,below_obs,0.2,0.2,0.06,,54,,1,1,11,1,9,,0,,,,,
1776458426,2026-04-17T20:40:26.000Z,Mexico City,2026-04-17,0xb23381c803e49642b1dde50ae2ac2ee80f48bec62ba2e1d3af829e17b3e42694,exact,27,27,29.8,23.67,29.2,9.33,above_obs,-2.8,2.8,0.03,0.999,6014,878,40,60,11,6,8,9,0,,,,,
1776458426,2026-04-17T20:40:26.000Z,Mexico City,2026-04-17,0xb458b5407410099028a3e7f91f13de6938323adcfd702d412e5629f669ef5d4e,exact,34,34,29.8,23.67,29.2,9.33,below_obs,4.2,4.2,0.002,0.999,910,18340,1,110,11,9,4,10,0,,,,,
1776458426,2026-04-17T20:40:26.000Z,Mexico City,2026-04-17,0xf7b7d257dd8a8e4db9066860c38002849659320d03c254248e12724af163c698,exact,35,35,29.8,23.67,29.2,9.33,below_obs,5.2,5.2,0.002,0.998,910,18392,1,133,11,11,5,4,0,,,,,
1776467490,2026-04-17T23:11:30.000Z,Wellington,2026-04-18,0x03bd38924d0fddeb4961a9d9daba487ed669f1f11e5979d8041e6109d1c9bbbb,exact,13,13,16.8,21.19,16.2,12.81,above_obs,-3.8,3.8,0.001,0.999,40174,29760,0,674,11,8,1,5,0,,,,,
1776467490,2026-04-17T23:11:30.000Z,Wellington,2026-04-18,0x0558fe5ce4a82e27715cfd10612f5581ecf9949ab4162415fcec6a5418afafcc,exact,12,12,16.8,21.19,16.2,12.81,above_obs,-4.8,4.8,0.001,0.998,40174,73342,0,107,11,10,2,4,0,,,,,
1776467490,2026-04-17T23:11:30.000Z,Wellington,2026-04-18,0x26b0f1255da4e84fac2dc3f00e36e6997fdeb9198ffabedd634f6e2ab9b59c25,exact,14,14,16.8,21.19,16.2,12.81,above_obs,-2.8,2.8,0.001,0.999,40000,34194,0,188,11,6,3,6,0,,,,,
1776467490,2026-04-17T23:11:30.000Z,Wellington,2026-04-18,0x2e073515a575599dfa91764f1a986e8bd469223c92dbdf469a5b693d0d2bff0b,or_below,,11,16.8,21.19,16.2,12.81,above_obs,-5.8,5.8,0.001,0.999,40174,73952,0,42,11,11,4,7,0,,,,,
1776467490,2026-04-17T23:11:30.000Z,Wellington,2026-04-18,0x2eee74a98140a4ce599e20cd53d86d39483ccfc231f1f6913f5113645894eb84,exact,15,15,16.8,21.19,16.2,12.81,above_obs,-1.8,1.8,0.001,0.999,32912,31200,0,151,11,4,5,8,0,,,,,
1776467490,2026-04-17T23:11:30.000Z,Wellington,2026-04-18,0x378478f7162914c49687745f3a1897c638362398cec0a06a4a03c4d80cd455d0,exact,19,19,16.8,21.19,16.2,12.81,below_obs,2.2,2.2,0.098,0.9019999978422889,1086,1082,23,99,11,5,10,1,1,YES,0.100988821934597,11.473340059989566,16.344179940010434,closed
1776467490,2026-04-17T23:11:30.000Z,Wellington,2026-04-18,0x7ec299cc2def44b01e2cf010e00f31a4f33e3610b1d4d217384158e8485a2a82,exact,16,16,16.8,21.19,16.2,12.81,above_obs,-0.8,0.8,0.001,0.999,32416,31354,0,230,11,2,6,9,0,,,,,
1776467490,2026-04-17T23:11:30.000Z,Wellington,2026-04-18,0xb4c52754884f075f3bba37f452d2eb0e9c9f918007ea67bff8f9df9a4ad80531,exact,18,18,16.8,21.19,16.2,12.81,below_obs,1.2,1.2,,,,,0,0,11,3,,,0,,,,,
1776467490,2026-04-17T23:11:30.000Z,Wellington,2026-04-18,0xc189e986ecf87d2bade5090080b024ff6b6334f07547b7100adc0a9b48415dcd,exact,21,21,16.8,21.19,16.2,12.81,below_obs,4.2,4.2,0.009,0.995,1888,1058,9,215,11,9,8,3,0,,,,,
1776467490,2026-04-17T23:11:30.000Z,Wellington,2026-04-18,0xc7126cb816cf443558bb1f2cdab2bc43e906bafc07452dd6d813945eda84ccce,exact,17,17,16.8,21.19,16.2,12.81,below_obs,0.2,0.2,0.001,0.999,37074,38810,0,63,11,1,7,10,0,,,,,
1776467490,2026-04-17T23:11:30.000Z,Wellington,2026-04-18,0xed30e71b95c0e751b3098f71d5a1423f3089ebee837b954e9585fc0a1e093415,exact,20,20,16.8,21.19,16.2,12.81,below_obs,3.2,3.2,0.015,0.98,1742,610,11,321,11,7,9,2,0,,,,,
1776467610,2026-04-17T23:13:30.000Z,Wellington,2026-04-18,0x03bd38924d0fddeb4961a9d9daba487ed669f1f11e5979d8041e6109d1c9bbbb,exact,13,13,16.8,21.23,16.2,12.77,above_obs,-3.8,3.8,0.001,0.999,40294,29880,0,674,11,8,1,5,0,,,,,
1776467610,2026-04-17T23:13:30.000Z,Wellington,2026-04-18,0x0558fe5ce4a82e27715cfd10612f5581ecf9949ab4162415fcec6a5418afafcc,exact,12,12,16.8,21.23,16.2,12.77,above_obs,-4.8,4.8,0.001,0.998,40294,73462,0,107,11,10,2,4,0,,,,,
1776467610,2026-04-17T23:13:30.000Z,Wellington,2026-04-18,0x26b0f1255da4e84fac2dc3f00e36e6997fdeb9198ffabedd634f6e2ab9b59c25,exact,14,14,16.8,21.23,16.2,12.77,above_obs,-2.8,2.8,0.001,0.999,40120,34314,0,188,11,6,3,6,0,,,,,
1776467610,2026-04-17T23:13:30.000Z,Wellington,2026-04-18,0x2e073515a575599dfa91764f1a986e8bd469223c92dbdf469a5b693d0d2bff0b,or_below,,11,16.8,21.23,16.2,12.77,above_obs,-5.8,5.8,0.001,0.999,40294,74072,0,42,11,11,4,7,0,,,,,
1776467610,2026-04-17T23:13:30.000Z,Wellington,2026-04-18,0x2eee74a98140a4ce599e20cd53d86d39483ccfc231f1f6913f5113645894eb84,exact,15,15,16.8,21.23,16.2,12.77,above_obs,-1.8,1.8,0.001,0.999,33032,31320,0,151,11,4,5,8,0,,,,,
1776467610,2026-04-17T23:13:30.000Z,Wellington,2026-04-18,0x378478f7162914c49687745f3a1897c638362398cec0a06a4a03c4d80cd455d0,exact,19,19,16.8,21.23,16.2,12.77,below_obs,2.2,2.2,0.111,0.9019999978422889,30,1202,25,104,11,5,10,1,1,YES,0.1100000053400005,0.00021494001043489955,,open
1776467610,2026-04-17T23:13:30.000Z,Wellington,2026-04-18,0x7ec299cc2def44b01e2cf010e00f31a4f33e3610b1d4d217384158e8485a2a82,exact,16,16,16.8,21.23,16.2,12.77,above_obs,-0.8,0.8,0.001,0.999,32536,31474,0,230,11,2,6,9,0,,,,,
1776467610,2026-04-17T23:13:30.000Z,Wellington,2026-04-18,0xb4c52754884f075f3bba37f452d2eb0e9c9f918007ea67bff8f9df9a4ad80531,exact,18,18,16.8,21.23,16.2,12.77,below_obs,1.2,1.2,,,,,0,0,11,3,,,0,,,,,
1776467610,2026-04-17T23:13:30.000Z,Wellington,2026-04-18,0xc189e986ecf87d2bade5090080b024ff6b6334f07547b7100adc0a9b48415dcd,exact,21,21,16.8,21.23,16.2,12.77,below_obs,4.2,4.2,0.002,0.995,110,1178,16,225,11,9,8,3,0,,,,,
1776467610,2026-04-17T23:13:30.000Z,Wellington,2026-04-18,0xc7126cb816cf443558bb1f2cdab2bc43e906bafc07452dd6d813945eda84ccce,exact,17,17,16.8,21.23,16.2,12.77,below_obs,0.2,0.2,0.001,0.999,37194,38930,0,63,11,1,7,10,0,,,,,
1776467610,2026-04-17T23:13:30.000Z,Wellington,2026-04-18,0xed30e71b95c0e751b3098f71d5a1423f3089ebee837b954e9585fc0a1e093415,exact,20,20,16.8,21.23,16.2,12.77,below_obs,3.2,3.2,0.02,0.98,110,730,19,331,11,7,9,2,0,,,,,
1776538932,2026-04-18T19:02:12.000Z,Buenos Aires,2026-04-18,0x077a8e0c38a4d2ab3671124aa9e82acfa917439d3a84760cc29f1183f2669ccb,exact,23,23,27,1.04,26.6,7.96,above_obs,-4,4,0.001,0.999,3488,25000,1,143,11,8,1,4,0,,,,,
1776538932,2026-04-18T19:02:12.000Z,Buenos Aires,2026-04-18,0x60ab425708c0c525700c3d260a0a7c67054b03c71b3bdaa838164056e1e6f822,exact,28,28,27,1.04,26.6,7.96,below_obs,1,1,0.8,0.17,200,108,82,145,11,2,11,1,1,YES,0.9080401942622499,233.98379725749658,21.11940274250344,closed
1776538932,2026-04-18T19:02:12.000Z,Buenos Aires,2026-04-18,0x6aaa4d219427c905d09dccd42b2fb72067f8de2cd4566abcf9d8686be947e8de,exact,21,21,27,1.04,26.6,7.96,above_obs,-6,6,0.001,0.999,3488,14662,1,84,11,10,2,5,0,,,,,
1776538932,2026-04-18T19:02:12.000Z,Buenos Aires,2026-04-18,0x6ed7e5f940af212a2c678be9870e4dd56328ff4cfaed66a8166805aa7297d6b4,exact,26,26,27,1.04,26.6,7.96,above_obs,-1,1,0.001,0.999,2928,1012,29,429,11,3,3,6,0,,,,,
1776538932,2026-04-18T19:02:12.000Z,Buenos Aires,2026-04-18,0x83174c4fc601be42f1ec4d1ebd9392e4a4bbd6dbc196a8d857c2df3934cc7011,exact,30,30,27,1.04,26.6,7.96,below_obs,3,3,0.008,0.997,406,1464,61,93,11,6,9,3,0,,,,,
1776538932,2026-04-18T19:02:12.000Z,Buenos Aires,2026-04-18,0x9f813e4aac2a13477cf7df208ee71f100842807b9d0d092b12235a0f3727b64b,exact,25,25,27,1.04,26.6,7.96,above_obs,-2,2,0.001,0.999,3488,2748,2,356,11,4,4,7,0,,,,,
1776538932,2026-04-18T19:02:12.000Z,Buenos Aires,2026-04-18,0xb441384f15c50c8c9fad26d63623884ef77a828c9e64cc3a90508dd11c36af84,exact,27,27,27,1.04,26.6,7.96,contains,0,0,0.001,0.999,2928,506,26,403,11,1,5,8,0,,,,,
1776538932,2026-04-18T19:02:12.000Z,Buenos Aires,2026-04-18,0xb5cd9e3a4161f8f9beafc5d921fc6ef2c9949c8ee703eacea6ca8ceb8a304b6a,or_below,,20,27,1.04,26.6,7.96,above_obs,-7,7,0.001,0.999,17478,96208,0,51,11,11,6,9,0,,,,,
1776538932,2026-04-18T19:02:12.000Z,Buenos Aires,2026-04-18,0xcb4f446c866e188e4408bdb54d919a7874b6ff4d1efb082f2accaede1749cff3,exact,22,22,27,1.04,26.6,7.96,above_obs,-5,5,0.001,0.999,3488,16348,1,100,11,9,7,10,0,,,,,
1776538932,2026-04-18T19:02:12.000Z,Buenos Aires,2026-04-18,0xce524d7626a78888b5e1d9d4a9fe8829e419d07a98791bc3393f946857978eb4,exact,24,24,27,1.04,26.6,7.96,above_obs,-3,3,0.001,0.999,3488,7302,1,287,11,7,8,11,0,,,,,
1776538932,2026-04-18T19:02:12.000Z,Buenos Aires,2026-04-18,0xd0c9965348491ca8329945ba976346a2733b0f855717989f851b42b6ac8fa850,exact,29,29,27,1.04,26.6,7.96,below_obs,2,2,0.19227240977881258,0.807,20,64,81,126,11,5,10,2,0,,,,,
1776538952,2026-04-18T19:02:32.000Z,Buenos Aires,2026-04-18,0x077a8e0c38a4d2ab3671124aa9e82acfa917439d3a84760cc29f1183f2669ccb,exact,23,23,27,1.04,26.6,7.96,above_obs,-4,4,0.001,0.999,3508,25020,1,143,11,8,1,4,0,,,,,
1776538952,2026-04-18T19:02:32.000Z,Buenos Aires,2026-04-18,0x60ab425708c0c525700c3d260a0a7c67054b03c71b3bdaa838164056e1e6f822,exact,28,28,27,1.04,26.6,7.96,below_obs,1,1,0.93,0.17,8,128,91,154,11,2,11,1,0,,,,,
1776538952,2026-04-18T19:02:32.000Z,Buenos Aires,2026-04-18,0x6aaa4d219427c905d09dccd42b2fb72067f8de2cd4566abcf9d8686be947e8de,exact,21,21,27,1.04,26.6,7.96,above_obs,-6,6,0.001,0.999,3508,14682,1,84,11,10,2,5,0,,,,,
1776538952,2026-04-18T19:02:32.000Z,Buenos Aires,2026-04-18,0x6ed7e5f940af212a2c678be9870e4dd56328ff4cfaed66a8166805aa7297d6b4,exact,26,26,27,1.04,26.6,7.96,above_obs,-1,1,0.001,0.999,2948,1032,29,429,11,3,3,6,0,,,,,
1776538952,2026-04-18T19:02:32.000Z,Buenos Aires,2026-04-18,0x83174c4fc601be42f1ec4d1ebd9392e4a4bbd6dbc196a8d857c2df3934cc7011,exact,30,30,27,1.04,26.6,7.96,below_obs,3,3,0.008,0.997,426,1484,61,93,11,6,9,3,0,,,,,
1776538952,2026-04-18T19:02:32.000Z,Buenos Aires,2026-04-18,0x9f813e4aac2a13477cf7df208ee71f100842807b9d0d092b12235a0f3727b64b,exact,25,25,27,1.04,26.6,7.96,above_obs,-2,2,0.001,0.999,3508,2768,2,356,11,4,4,7,0,,,,,
1776538952,2026-04-18T19:02:32.000Z,Buenos Aires,2026-04-18,0xb441384f15c50c8c9fad26d63623884ef77a828c9e64cc3a90508dd11c36af84,exact,27,27,27,1.04,26.6,7.96,contains,0,0,0.001,0.999,2948,526,26,403,11,1,5,8,0,,,,,
1776538952,2026-04-18T19:02:32.000Z,Buenos Aires,2026-04-18,0xb5cd9e3a4161f8f9beafc5d921fc6ef2c9949c8ee703eacea6ca8ceb8a304b6a,or_below,,20,27,1.04,26.6,7.96,above_obs,-7,7,0.001,0.999,17498,96228,0,51,11,11,6,9,0,,,,,
1776538952,2026-04-18T19:02:32.000Z,Buenos Aires,2026-04-18,0xcb4f446c866e188e4408bdb54d919a7874b6ff4d1efb082f2accaede1749cff3,exact,22,22,27,1.04,26.6,7.96,above_obs,-5,5,0.001,0.999,3508,16368,1,100,11,9,7,10,0,,,,,
1776538952,2026-04-18T19:02:32.000Z,Buenos Aires,2026-04-18,0xce524d7626a78888b5e1d9d4a9fe8829e419d07a98791bc3393f946857978eb4,exact,24,24,27,1.04,26.6,7.96,above_obs,-3,3,0.001,0.999,3508,7322,1,287,11,7,8,11,0,,,,,
1776538952,2026-04-18T19:02:32.000Z,Buenos Aires,2026-04-18,0xd0c9965348491ca8329945ba976346a2733b0f855717989f851b42b6ac8fa850,exact,29,29,27,1.04,26.6,7.96,below_obs,2,2,0.19227240977881258,0.807,40,84,80,126,11,5,10,2,1,NO,0.857,0.857,0.132,closed
1776535440,2026-04-18T18:04:00.000Z,Buenos Aires,2026-04-18,0x077a8e0c38a4d2ab3671124aa9e82acfa917439d3a84760cc29f1183f2669ccb,exact,23,23,27,0.07,27,8.93,above_obs,-4,4,0.001,0.999,40434,21508,0,142,11,15,1,11,0,,,,,
1776535440,2026-04-18T18:04:00.000Z,Buenos Aires,2026-04-18,0x60ab425708c0c525700c3d260a0a7c67054b03c71b3bdaa838164056e1e6f822,exact,28,28,27,0.07,27,8.93,below_obs,1,1,0.24,0.8,482,624,43,63,11,3,19,3,0,,,,,
1776535440,2026-04-18T18:04:00.000Z,Buenos Aires,2026-04-18,0x6aaa4d219427c905d09dccd42b2fb72067f8de2cd4566abcf9d8686be947e8de,exact,21,21,27,0.07,27,8.93,above_obs,-6,6,0.001,0.999,35678,11170,0,83,11,19,2,12,0,,,,,
1776535440,2026-04-18T18:04:00.000Z,Buenos Aires,2026-04-18,0x6ed7e5f940af212a2c678be9870e4dd56328ff4cfaed66a8166805aa7297d6b4,exact,26,26,27,0.07,27,8.93,above_obs,-1,1,0.062,0.95,482,270,35,400,11,4,17,5,0,,,,,
1776535440,2026-04-18T18:04:00.000Z,Buenos Aires,2026-04-18,0x83174c4fc601be42f1ec4d1ebd9392e4a4bbd6dbc196a8d857c2df3934cc7011,exact,30,30,27,0.07,27,8.93,below_obs,3,3,0.01,0.9979999079843901,634,438,11,32,11,11,13,9,0,,,,,
1776535440,2026-04-18T18:04:00.000Z,Buenos Aires,2026-04-18,0x9f813e4aac2a13477cf7df208ee71f100842807b9d0d092b12235a0f3727b64b,exact,25,25,27,0.07,27,8.93,above_obs,-2,2,0.020344723183391002,0.999,11082,4254,0,354,11,7,15,13,0,,,,,
1776535440,2026-04-18T18:04:00.000Z,Buenos Aires,2026-04-18,0xb441384f15c50c8c9fad26d63623884ef77a828c9e64cc3a90508dd11c36af84,exact,27,27,27,0.07,27,8.93,contains,0,0,0.46824286288701245,0.5,238,114,30,377,11,1,21,1,1,NO,0.9371267423014588,1152.7790323423924,,open
1776535440,2026-04-18T18:04:00.000Z,Buenos Aires,2026-04-18,0xb5cd9e3a4161f8f9beafc5d921fc6ef2c9949c8ee703eacea6ca8ceb8a304b6a,or_below,,20,27,0.07,27,8.93,above_obs,-7,7,0.001,0.999,13986,92716,0,51,11,21,3,14,0,,,,,
1776535440,2026-04-18T18:04:00.000Z,Buenos Aires,2026-04-18,0xcb4f446c866e188e4408bdb54d919a7874b6ff4d1efb082f2accaede1749cff3,exact,22,22,27,0.07,27,8.93,above_obs,-5,5,0.002,0.999,22890,12856,0,99,11,17,7,15,0,,,,,
1776535440,2026-04-18T18:04:00.000Z,Buenos Aires,2026-04-18,0xce524d7626a78888b5e1d9d4a9fe8829e419d07a98791bc3393f946857978eb4,exact,24,24,27,0.07,27,8.93,above_obs,-3,3,0.009,0.999,11434,3810,0,286,11,12,9,16,0,,,,,
1776535440,2026-04-18T18:04:00.000Z,Buenos Aires,2026-04-18,0xd0c9965348491ca8329945ba976346a2733b0f855717989f851b42b6ac8fa850,exact,29,29,27,0.07,27,8.93,below_obs,2,2,0.009,0.991,62,90,31,47,11,8,10,7,0,,,,,
1776535440,2026-04-18T18:04:00.000Z,Buenos Aires,2026-04-18,0x077a8e0c38a4d2ab3671124aa9e82acfa917439d3a84760cc29f1183f2669ccb,exact,23,23,27,0.07,27,8.93,above_obs,-4,4,0.001,0.999,40434,21508,0,142,11,16,4,17,0,,,,,
1776535440,2026-04-18T18:04:00.000Z,Buenos Aires,2026-04-18,0x60ab425708c0c525700c3d260a0a7c67054b03c71b3bdaa838164056e1e6f822,exact,28,28,27,0.07,27,8.93,below_obs,1,1,0.24,0.8,482,624,43,63,11,5,20,4,0,,,,,
1776535440,2026-04-18T18:04:00.000Z,Buenos Aires,2026-04-18,0x6aaa4d219427c905d09dccd42b2fb72067f8de2cd4566abcf9d8686be947e8de,exact,21,21,27,0.07,27,8.93,above_obs,-6,6,0.001,0.999,35678,11170,0,83,11,20,5,18,0,,,,,
1776535440,2026-04-18T18:04:00.000Z,Buenos Aires,2026-04-18,0x6ed7e5f940af212a2c678be9870e4dd56328ff4cfaed66a8166805aa7297d6b4,exact,26,26,27,0.07,27,8.93,above_obs,-1,1,0.062,0.95,482,270,35,400,11,6,18,6,1,NO,0.9852875202593194,1214.9504052534846,,open
1776535440,2026-04-18T18:04:00.000Z,Buenos Aires,2026-04-18,0x83174c4fc601be42f1ec4d1ebd9392e4a4bbd6dbc196a8d857c2df3934cc7011,exact,30,30,27,0.07,27,8.93,below_obs,3,3,0.01,0.9979999079843901,634,438,11,32,11,13,14,10,0,,,,,
1776535440,2026-04-18T18:04:00.000Z,Buenos Aires,2026-04-18,0x9f813e4aac2a13477cf7df208ee71f100842807b9d0d092b12235a0f3727b64b,exact,25,25,27,0.07,27,8.93,above_obs,-2,2,0.020344723183391002,0.999,11082,4254,0,354,11,9,16,19,0,,,,,
1776535440,2026-04-18T18:04:00.000Z,Buenos Aires,2026-04-18,0xb441384f15c50c8c9fad26d63623884ef77a828c9e64cc3a90508dd11c36af84,exact,27,27,27,0.07,27,8.93,contains,0,0,0.46824286288701245,0.5,238,114,30,377,11,2,22,2,0,,,,,
1776535440,2026-04-18T18:04:00.000Z,Buenos Aires,2026-04-18,0xb5cd9e3a4161f8f9beafc5d921fc6ef2c9949c8ee703eacea6ca8ceb8a304b6a,or_below,,20,27,0.07,27,8.93,above_obs,-7,7,0.001,0.999,13986,92716,0,51,11,22,6,20,0,,,,,
1776535440,2026-04-18T18:04:00.000Z,Buenos Aires,2026-04-18,0xcb4f446c866e188e4408bdb54d919a7874b6ff4d1efb082f2accaede1749cff3,exact,22,22,27,0.07,27,8.93,above_obs,-5,5,0.002,0.999,22890,12856,0,99,11,18,8,21,0,,,,,
1776535440,2026-04-18T18:04:00.000Z,Buenos Aires,2026-04-18,0xce524d7626a78888b5e1d9d4a9fe8829e419d07a98791bc3393f946857978eb4,exact,24,24,27,0.07,27,8.93,above_obs,-3,3,0.009,0.999,11434,3810,0,286,11,14,11,22,0,,,,,
1776535440,2026-04-18T18:04:00.000Z,Buenos Aires,2026-04-18,0xd0c9965348491ca8329945ba976346a2733b0f855717989f851b42b6ac8fa850,exact,29,29,27,0.07,27,8.93,below_obs,2,2,0.009,0.991,62,90,31,47,11,10,12,8,0,,,,,
1776539024,2026-04-18T19:03:44.000Z,Buenos Aires,2026-04-18,0x077a8e0c38a4d2ab3671124aa9e82acfa917439d3a84760cc29f1183f2669ccb,exact,23,23,27,1.06,26.6,7.94,above_obs,-4,4,0.001,0.999,3580,25092,1,143,11,8,1,4,0,,,,,
1776539024,2026-04-18T19:03:44.000Z,Buenos Aires,2026-04-18,0x60ab425708c0c525700c3d260a0a7c67054b03c71b3bdaa838164056e1e6f822,exact,28,28,27,1.06,26.6,7.94,below_obs,1,1,0.95,0.17,32,200,95,158,11,2,11,1,1,YES,0.9258868452873417,0.008675559740359343,,open
1776539024,2026-04-18T19:03:44.000Z,Buenos Aires,2026-04-18,0x6aaa4d219427c905d09dccd42b2fb72067f8de2cd4566abcf9d8686be947e8de,exact,21,21,27,1.06,26.6,7.94,above_obs,-6,6,0.001,0.999,3580,14754,1,84,11,10,2,5,0,,,,,
1776539024,2026-04-18T19:03:44.000Z,Buenos Aires,2026-04-18,0x6ed7e5f940af212a2c678be9870e4dd56328ff4cfaed66a8166805aa7297d6b4,exact,26,26,27,1.06,26.6,7.94,above_obs,-1,1,0.001,0.999,3020,1104,29,429,11,3,3,6,0,,,,,
1776539024,2026-04-18T19:03:44.000Z,Buenos Aires,2026-04-18,0x83174c4fc601be42f1ec4d1ebd9392e4a4bbd6dbc196a8d857c2df3934cc7011,exact,30,30,27,1.06,26.6,7.94,below_obs,3,3,0.008,0.997,498,1556,61,93,11,6,9,3,0,,,,,
1776539024,2026-04-18T19:03:44.000Z,Buenos Aires,2026-04-18,0x9f813e4aac2a13477cf7df208ee71f100842807b9d0d092b12235a0f3727b64b,exact,25,25,27,1.06,26.6,7.94,above_obs,-2,2,0.001,0.999,3580,2840,2,356,11,4,4,7,0,,,,,
1776539024,2026-04-18T19:03:44.000Z,Buenos Aires,2026-04-18,0xb441384f15c50c8c9fad26d63623884ef77a828c9e64cc3a90508dd11c36af84,exact,27,27,27,1.06,26.6,7.94,contains,0,0,0.001,0.999,3020,598,26,403,11,1,5,8,0,,,,,
1776539024,2026-04-18T19:03:44.000Z,Buenos Aires,2026-04-18,0xb5cd9e3a4161f8f9beafc5d921fc6ef2c9949c8ee703eacea6ca8ceb8a304b6a,or_below,,20,27,1.06,26.6,7.94,above_obs,-7,7,0.001,0.999,17570,96300,0,51,11,11,6,9,0,,,,,
1776539024,2026-04-18T19:03:44.000Z,Buenos Aires,2026-04-18,0xcb4f446c866e188e4408bdb54d919a7874b6ff4d1efb082f2accaede1749cff3,exact,22,22,27,1.06,26.6,7.94,above_obs,-5,5,0.001,0.999,3580,16440,1,100,11,9,7,10,0,,,,,
1776539024,2026-04-18T19:03:44.000Z,Buenos Aires,2026-04-18,0xce524d7626a78888b5e1d9d4a9fe8829e419d07a98791bc3393f946857978eb4,exact,24,24,27,1.06,26.6,7.94,above_obs,-3,3,0.001,0.999,3580,7394,1,287,11,7,8,11,0,,,,,
1776539024,2026-04-18T19:03:44.000Z,Buenos Aires,2026-04-18,0xd0c9965348491ca8329945ba976346a2733b0f855717989f851b42b6ac8fa850,exact,29,29,27,1.06,26.6,7.94,below_obs,2,2,0.19227240977881258,0.9891485148514851,112,60,84,131,11,5,10,2,0,,,,,
1776621292,2026-04-19T17:54:52.000Z,Sao Paulo,2026-04-19,0x07b64b731029cefc85450f56ffba9ca3833523857fdb900cf4835cd478c27e34,exact,28,28,28.6,0.91,28.6,9.09,above_obs,-0.6,0.6,0.58,0.39,390,352,40,79,11,2,11,1,1,YES,0.63,3.7800000000000002,1.8599999999999994,closed
1776621292,2026-04-19T17:54:52.000Z,Sao Paulo,2026-04-19,0x175a063c6afd5ed8b18d2f6c420e2ae3260358e071d70c900b4f67e848cdd27f,exact,32,32,28.6,0.91,28.6,9.09,below_obs,3.4,3.4,0.005,0.999,1328,17026,2,157,11,7,6,7,0,,,,,
1776621292,2026-04-19T17:54:52.000Z,Sao Paulo,2026-04-19,0x211364fe8cc420b2c40f759dcd51f53409502b1d63977e84fe430691a62b6aa3,exact,31,31,28.6,0.91,28.6,9.09,below_obs,2.4,2.4,0.01,0.996,1328,1720,22,208,11,5,7,4,0,,,,,
1776621292,2026-04-19T17:54:52.000Z,Sao Paulo,2026-04-19,0x2a035470f422323f01d4f8aebd01dae2a3d5f4297956c5a02433c6aac6ded437,exact,33,33,28.6,0.91,28.6,9.09,below_obs,4.4,4.4,0.004,0.9969999998870864,1328,9504,3,142,11,9,5,5,0,,,,,
1776621292,2026-04-19T17:54:52.000Z,Sao Paulo,2026-04-19,0x38651bf8707e11d9d6fd26a2c639c63cf87066f63ed454910dae3d42d5e6e4cf,exact,26,26,28.6,0.91,28.6,9.09,above_obs,-2.6,2.6,0.001,0.999,10652,4296,0,299,11,6,1,8,0,,,,,
1776621292,2026-04-19T17:54:52.000Z,Sao Paulo,2026-04-19,0x72af89e52783f7c945958274bade65fae1d4b25c47c07b77c7697138ba981ab4,exact,27,27,28.6,0.91,28.6,9.09,above_obs,-1.6,1.6,0.061,0.999,3668,1020,15,340,11,4,9,9,0,,,,,
1776621292,2026-04-19T17:54:52.000Z,Sao Paulo,2026-04-19,0xd24676dda39f4d7e1e2d69fd43d4076a13383bd6d8f5b33cb771c27e237974bc,or_below,,23,28.6,0.91,28.6,9.09,above_obs,-5.6,5.6,0.003,0.9988651214128035,27286,53172,0,108,11,11,4,6,0,,,,,
1776621292,2026-04-19T17:54:52.000Z,Sao Paulo,2026-04-19,0xe0d25acbb5f88bb9c2eb295a4b25ba6ebd3b517276aa57defa9b8cdfd4f4529d,exact,30,30,28.6,0.91,28.6,9.09,below_obs,1.4,1.4,0.051,0.906,1152,1332,18,229,11,3,8,3,0,,,,,
1776621292,2026-04-19T17:54:52.000Z,Sao Paulo,2026-04-19,0xe7c5aeb83675525b35b5140053a9e08fcd791ea64319907057b6c522fbf55616,exact,25,25,28.6,0.91,28.6,9.09,above_obs,-3.6,3.6,0.001,0.999,10652,10258,0,218,11,8,2,10,0,,,,,
1776621292,2026-04-19T17:54:52.000Z,Sao Paulo,2026-04-19,0xec205553024db5edfeaec25b8caa582d7b74e7ae3363f95807037d9fccfa9961,exact,24,24,28.6,0.91,28.6,9.09,above_obs,-4.6,4.6,0.001,0.999,27286,10180,0,167,11,10,3,11,0,,,,,
1776621292,2026-04-19T17:54:52.000Z,Sao Paulo,2026-04-19,0xf1f4f4fb7233942ffb96fa88fe0c9ec38b73bdc7273c944b8c5f8843cf58d513,exact,29,29,28.6,0.91,28.6,9.09,below_obs,0.4,0.4,0.3299999811899992,0.69,1092,354,27,366,11,1,10,2,0,,,,,
1776625750,2026-04-19T19:09:10.000Z,Toronto,2026-04-19,0x1a588f4020bc135d2db048481a05bbdbd0a4050b46c644cbabcdac34e40eef58,exact,10,10,19.1,25.15,6.8,8.85,above_obs,-9.1,9.1,0.006,0.997,436,26,17,569,11,1,7,5,0,,,,,
1776625750,2026-04-19T19:09:10.000Z,Toronto,2026-04-19,0x21acd07725ede8fc1ac353d2560875cb06ddebc2452d5b0782ef2e5f1c6d288f,exact,9,9,19.1,25.15,6.8,8.85,above_obs,-10.1,10.1,0.046,0.988,436,26,5,5,11,2,8,4,0,,,,,
1776625750,2026-04-19T19:09:10.000Z,Toronto,2026-04-19,0x2688bd1a9e7d02c07ff03937398b6d0f10d68261169e107b9e3b5104ee30125b,exact,1,1,19.1,25.15,6.8,8.85,above_obs,-18.1,18.1,0.001,0.999,97222,79116,0,99,11,10,1,6,0,,,,,
1776625750,2026-04-19T19:09:10.000Z,Toronto,2026-04-19,0x3b97438b6572240cd7ecb7c0509243f79d8d92a52a1d5ce847f4cd935aee0bf1,exact,5,5,19.1,25.15,6.8,8.85,above_obs,-14.1,14.1,0.001,0.999,54410,49126,0,234,11,6,2,7,0,,,,,
1776625750,2026-04-19T19:09:10.000Z,Toronto,2026-04-19,0x776d0634830119ddc1782e3c269e9fee22847bfe5cc54b791a34451f4a75f72c,exact,8,8,19.1,25.15,6.8,8.85,above_obs,-11.1,11.1,0.2199999406349131,0.84,92,26,48,538,11,3,9,3,0,,,,,
1776625750,2026-04-19T19:09:10.000Z,Toronto,2026-04-19,0x93e319c2a7a7cb62351051cea88481b8fbe379ce2af8047d6f4fc051d910eede,exact,2,2,19.1,25.15,6.8,8.85,above_obs,-17.1,17.1,0.001,0.999,89404,44268,0,107,11,9,3,8,0,,,,,
1776625750,2026-04-19T19:09:10.000Z,Toronto,2026-04-19,0x989ce11ee6f8cf7ec2c976b4de77874279f63237b28dc8c00bfeb64819b64b33,exact,7,7,19.1,25.15,6.8,8.85,above_obs,-12.1,12.1,0.57,0.3755420084238528,6,58,64,505,11,4,11,1,0,,,,,
1776625750,2026-04-19T19:09:10.000Z,Toronto,2026-04-19,0xa3ead7f0501f85bb94df2608a107adfade96d7c3008a98ef9db39344413c6702,exact,6,6,19.1,25.15,6.8,8.85,above_obs,-13.1,13.1,0.273,0.697825,80,26,121,246,11,5,10,2,1,YES,0.35,2.03,0.28420000000000023,closed
1776625750,2026-04-19T19:09:10.000Z,Toronto,2026-04-19,0xe7ca934e8daf2ea11dae9659ccd6b44fa833a857104f3a44bb3ef1cbaf3a4560,exact,3,3,19.1,25.15,6.8,8.85,above_obs,-16.1,16.1,0.002,0.999,76240,53130,0,111,11,8,4,9,0,,,,,
1776625750,2026-04-19T19:09:10.000Z,Toronto,2026-04-19,0xf5d24fd4d4098d9649acc0191313fae452b1115b8b1a8603b96bc7d14ef79748,exact,4,4,19.1,25.15,6.8,8.85,above_obs,-15.1,15.1,0.002,0.999,68864,54472,0,53,11,7,5,10,0,,,,,
1776625750,2026-04-19T19:09:10.000Z,Toronto,2026-04-19,0xf89a9376005209691f84b077687dcf87f3570c530b72f9dccce603ef7d05d4be,or_below,,0,19.1,25.15,6.8,8.85,above_obs,-19.1,19.1,0.003,0.999,68864,58656,0,51,11,11,6,11,0,,,,,
1776626810,2026-04-19T19:26:50.000Z,Toronto,2026-04-19,0x1a588f4020bc135d2db048481a05bbdbd0a4050b46c644cbabcdac34e40eef58,exact,10,10,19.1,25.45,6.8,8.55,above_obs,-9.1,9.1,0.006,0.98,1496,332,12,571,11,1,7,4,0,,,,,
1776626810,2026-04-19T19:26:50.000Z,Toronto,2026-04-19,0x21acd07725ede8fc1ac353d2560875cb06ddebc2452d5b0782ef2e5f1c6d288f,exact,9,9,19.1,25.45,6.8,8.55,above_obs,-10.1,10.1,0.04,0.9943447825222308,346,76,18,18,11,2,8,5,0,,,,,
1776626810,2026-04-19T19:26:50.000Z,Toronto,2026-04-19,0x2688bd1a9e7d02c07ff03937398b6d0f10d68261169e107b9e3b5104ee30125b,exact,1,1,19.1,25.45,6.8,8.55,above_obs,-18.1,18.1,0.001,0.999,98282,80176,0,99,11,10,1,6,0,,,,,
1776626810,2026-04-19T19:26:50.000Z,Toronto,2026-04-19,0x3b97438b6572240cd7ecb7c0509243f79d8d92a52a1d5ce847f4cd935aee0bf1,exact,5,5,19.1,25.45,6.8,8.55,above_obs,-14.1,14.1,0.001,0.999,55470,50186,0,234,11,6,2,7,0,,,,,
1776626810,2026-04-19T19:26:50.000Z,Toronto,2026-04-19,0x776d0634830119ddc1782e3c269e9fee22847bfe5cc54b791a34451f4a75f72c,exact,8,8,19.1,25.45,6.8,8.55,above_obs,-11.1,11.1,0.06,0.95,28,210,47,557,11,3,9,3,0,,,,,
1776626810,2026-04-19T19:26:50.000Z,Toronto,2026-04-19,0x93e319c2a7a7cb62351051cea88481b8fbe379ce2af8047d6f4fc051d910eede,exact,2,2,19.1,25.45,6.8,8.55,above_obs,-17.1,17.1,0.001,0.999,90464,45328,0,107,11,9,3,8,0,,,,,
1776626810,2026-04-19T19:26:50.000Z,Toronto,2026-04-19,0x989ce11ee6f8cf7ec2c976b4de77874279f63237b28dc8c00bfeb64819b64b33,exact,7,7,19.1,25.45,6.8,8.55,above_obs,-12.1,12.1,0.5099999795999968,0.5699999472749785,716,38,51,521,11,4,11,2,0,,,,,
1776626810,2026-04-19T19:26:50.000Z,Toronto,2026-04-19,0xa3ead7f0501f85bb94df2608a107adfade96d7c3008a98ef9db39344413c6702,exact,6,6,19.1,25.45,6.8,8.55,above_obs,-13.1,13.1,0.41437211896215753,0.54,18,648,120,279,11,5,10,1,1,YES,0.49694026507757116,5.898680946470769,3.2118290535292306,closed
1776626810,2026-04-19T19:26:50.000Z,Toronto,2026-04-19,0xe7ca934e8daf2ea11dae9659ccd6b44fa833a857104f3a44bb3ef1cbaf3a4560,exact,3,3,19.1,25.45,6.8,8.55,above_obs,-16.1,16.1,0.002,0.999,77300,54190,0,111,11,8,4,9,0,,,,,
1776626810,2026-04-19T19:26:50.000Z,Toronto,2026-04-19,0xf5d24fd4d4098d9649acc0191313fae452b1115b8b1a8603b96bc7d14ef79748,exact,4,4,19.1,25.45,6.8,8.55,above_obs,-15.1,15.1,0.002,0.999,69924,55532,0,53,11,7,5,10,0,,,,,
1776626810,2026-04-19T19:26:50.000Z,Toronto,2026-04-19,0xf89a9376005209691f84b077687dcf87f3570c530b72f9dccce603ef7d05d4be,or_below,,0,19.1,25.45,6.8,8.55,above_obs,-19.1,19.1,0.003,0.999,69924,59716,0,51,11,11,6,11,0,,,,,
1776634850,2026-04-19T21:40:50.000Z,Mexico City,2026-04-19,0x0798d976c8b32233b06bf66330dc660205832d0e7fe7fb104526aaa694da3a45,or_below,,18,30.2,22.68,26.4,8.32,above_obs,-12.2,12.2,0.001,0.999,52814,52882,0,79,11,11,1,6,0,,,,,
1776634850,2026-04-19T21:40:50.000Z,Mexico City,2026-04-19,0x0afa3a1fe31f51d48738327f4510cd71e9c57080d2d4fe12e12e34f04a4da086,exact,28,28,30.2,22.68,26.4,8.32,above_obs,-2.2,2.2,0.002,0.992,1204,1988,5,364,11,1,7,5,0,,,,,
1776634850,2026-04-19T21:40:50.000Z,Mexico City,2026-04-19,0x0e5bec9a1ee2959c468911f30562b4c6146b08c1210a270b2826b17e460783b9,exact,26,26,30.2,22.68,26.4,8.32,above_obs,-4.2,4.2,0.06,0.9399999623995127,588,558,16,295,11,3,9,3,0,,,,,
1776634850,2026-04-19T21:40:50.000Z,Mexico City,2026-04-19,0x1b163370d9270b049117a99d500325e0e1de728506cb5d1f36bf48496e095db1,exact,21,21,30.2,22.68,26.4,8.32,above_obs,-9.2,9.2,0.001,0.999,48776,111504,0,88,11,8,2,7,0,,,,,
1776634850,2026-04-19T21:40:50.000Z,Mexico City,2026-04-19,0x26a0f71401202bf6e0f6a9f8d115a41d8daa5fbfaee98460451f7976677c913d,exact,24,24,30.2,22.68,26.4,8.32,above_obs,-6.2,6.2,0.694999988879999,0.315,54,636,26,52,11,5,11,1,1,NO,0.8773861125278728,694.2580831210552,95.43935687894475,closed
1776634850,2026-04-19T21:40:50.000Z,Mexico City,2026-04-19,0x75768fb6603e423ab19d9b8a0cbd052b2397f6adb59a9b74778323c496b9894b,exact,25,25,30.2,22.68,26.4,8.32,above_obs,-5.2,5.2,0.3,0.7,606,898,6,267,11,4,10,2,0,,,,,
1776634850,2026-04-19T21:40:50.000Z,Mexico City,2026-04-19,0x9237d4d45a0935420cd3fa9d26312d590ab35b1c5f1583534b20709a6a9e53c5,exact,19,19,30.2,22.68,26.4,8.32,above_obs,-11.2,11.2,0.001,0.999,52814,111504,0,84,11,10,3,8,0,,,,,
1776634850,2026-04-19T21:40:50.000Z,Mexico City,2026-04-19,0xb98c025b9a661bf5435f2651725952a6a775160424d2c0c911e48072cb47a8f6,exact,23,23,30.2,22.68,26.4,8.32,above_obs,-7.2,7.2,0.001,0.999,2712,848,19,267,11,6,4,9,0,,,,,
1776634850,2026-04-19T21:40:50.000Z,Mexico City,2026-04-19,0xc53394552c4dca0bf3e8479f0eb88ef3cac9f221953568bd8866087ed6d628bc,exact,20,20,30.2,22.68,26.4,8.32,above_obs,-10.2,10.2,0.001,0.999,48776,111504,0,77,11,9,5,10,0,,,,,
1776634850,2026-04-19T21:40:50.000Z,Mexico City,2026-04-19,0xcdaed96f758f8466876670c8fcabe537d56e5a8560cf0cc92c7420dac91d8127,exact,22,22,30.2,22.68,26.4,8.32,above_obs,-8.2,8.2,0.001,0.999,8240,4214,0,302,11,7,6,11,0,,,,,
1776634850,2026-04-19T21:40:50.000Z,Mexico City,2026-04-19,0xee83af75197e38b3a8ef4c0d3f02b6492008594d6faab0bfe40631cce85b252e,exact,27,27,30.2,22.68,26.4,8.32,above_obs,-3.2,3.2,0.022,0.99,1998,996,16,233,11,2,8,4,0,,,,,
1776634854,2026-04-19T21:40:54.000Z,Mexico City,2026-04-19,0x0798d976c8b32233b06bf66330dc660205832d0e7fe7fb104526aaa694da3a45,or_below,,18,30.2,22.68,26.4,8.32,above_obs,-12.2,12.2,0.001,0.999,52818,52886,0,79,11,11,1,6,0,,,,,
1776634854,2026-04-19T21:40:54.000Z,Mexico City,2026-04-19,0x0afa3a1fe31f51d48738327f4510cd71e9c57080d2d4fe12e12e34f04a4da086,exact,28,28,30.2,22.68,26.4,8.32,above_obs,-2.2,2.2,0.002,0.992,1208,1992,5,364,11,1,7,5,0,,,,,
1776634854,2026-04-19T21:40:54.000Z,Mexico City,2026-04-19,0x0e5bec9a1ee2959c468911f30562b4c6146b08c1210a270b2826b17e460783b9,exact,26,26,30.2,22.68,26.4,8.32,above_obs,-4.2,4.2,0.06,0.9399999623995127,592,562,16,295,11,3,9,3,0,,,,,
1776634854,2026-04-19T21:40:54.000Z,Mexico City,2026-04-19,0x1b163370d9270b049117a99d500325e0e1de728506cb5d1f36bf48496e095db1,exact,21,21,30.2,22.68,26.4,8.32,above_obs,-9.2,9.2,0.001,0.999,48780,111508,0,88,11,8,2,7,0,,,,,
1776634854,2026-04-19T21:40:54.000Z,Mexico City,2026-04-19,0x26a0f71401202bf6e0f6a9f8d115a41d8daa5fbfaee98460451f7976677c913d,exact,24,24,30.2,22.68,26.4,8.32,above_obs,-6.2,6.2,0.694999988879999,0.8472598175327251,58,4,27,53,11,5,11,2,1,NO,0.991,0.006718980000020252,,open
1776634854,2026-04-19T21:40:54.000Z,Mexico City,2026-04-19,0x75768fb6603e423ab19d9b8a0cbd052b2397f6adb59a9b74778323c496b9894b,exact,25,25,30.2,22.68,26.4,8.32,above_obs,-5.2,5.2,0.3,0.7,610,902,6,267,11,4,10,1,0,,,,,
1776634854,2026-04-19T21:40:54.000Z,Mexico City,2026-04-19,0x9237d4d45a0935420cd3fa9d26312d590ab35b1c5f1583534b20709a6a9e53c5,exact,19,19,30.2,22.68,26.4,8.32,above_obs,-11.2,11.2,0.001,0.999,52818,111508,0,84,11,10,3,8,0,,,,,
1776634854,2026-04-19T21:40:54.000Z,Mexico City,2026-04-19,0xb98c025b9a661bf5435f2651725952a6a775160424d2c0c911e48072cb47a8f6,exact,23,23,30.2,22.68,26.4,8.32,above_obs,-7.2,7.2,0.001,0.999,2716,852,18,267,11,6,4,9,0,,,,,
1776634854,2026-04-19T21:40:54.000Z,Mexico City,2026-04-19,0xc53394552c4dca0bf3e8479f0eb88ef3cac9f221953568bd8866087ed6d628bc,exact,20,20,30.2,22.68,26.4,8.32,above_obs,-10.2,10.2,0.001,0.999,48780,111508,0,77,11,9,5,10,0,,,,,
1776634854,2026-04-19T21:40:54.000Z,Mexico City,2026-04-19,0xcdaed96f758f8466876670c8fcabe537d56e5a8560cf0cc92c7420dac91d8127,exact,22,22,30.2,22.68,26.4,8.32,above_obs,-8.2,8.2,0.001,0.999,8244,4218,0,302,11,7,6,11,0,,,,,
1776634854,2026-04-19T21:40:54.000Z,Mexico City,2026-04-19,0xee83af75197e38b3a8ef4c0d3f02b6492008594d6faab0bfe40631cce85b252e,exact,27,27,30.2,22.68,26.4,8.32,above_obs,-3.2,3.2,0.022,0.99,2002,1000,16,233,11,2,8,4,0,,,,,
1776638484,2026-04-19T22:41:24.000Z,Mexico City,2026-04-19,0x0798d976c8b32233b06bf66330dc660205832d0e7fe7fb104526aaa694da3a45,or_below,,18,30.2,23.69,25.9,7.31,above_obs,-12.2,12.2,0.001,0.999,56448,56516,0,79,11,11,1,5,0,,,,,
1776638484,2026-04-19T22:41:24.000Z,Mexico City,2026-04-19,0x0afa3a1fe31f51d48738327f4510cd71e9c57080d2d4fe12e12e34f04a4da086,exact,28,28,30.2,23.69,25.9,7.31,above_obs,-2.2,2.2,0.01,0.997,1800,324,6,371,11,1,8,4,0,,,,,
1776638484,2026-04-19T22:41:24.000Z,Mexico City,2026-04-19,0x0e5bec9a1ee2959c468911f30562b4c6146b08c1210a270b2826b17e460783b9,exact,26,26,30.2,23.69,25.9,7.31,above_obs,-4.2,4.2,0.4699998777999096,0.9402060070570325,464,170,34,331,11,3,10,2,1,NO,0.9607851991336633,731.3778734104351,,open
1776638484,2026-04-19T22:41:24.000Z,Mexico City,2026-04-19,0x1b163370d9270b049117a99d500325e0e1de728506cb5d1f36bf48496e095db1,exact,21,21,30.2,23.69,25.9,7.31,above_obs,-9.2,9.2,0.001,0.999,52410,115138,0,88,11,8,2,6,0,,,,,
1776638484,2026-04-19T22:41:24.000Z,Mexico City,2026-04-19,0x26a0f71401202bf6e0f6a9f8d115a41d8daa5fbfaee98460451f7976677c913d,exact,24,24,30.2,23.69,25.9,7.31,above_obs,-6.2,6.2,0.001,0.999,1872,1396,30,99,11,5,3,7,0,,,,,
1776638484,2026-04-19T22:41:24.000Z,Mexico City,2026-04-19,0x75768fb6603e423ab19d9b8a0cbd052b2397f6adb59a9b74778323c496b9894b,exact,25,25,30.2,23.69,25.9,7.31,above_obs,-5.2,5.2,0.9299999888399957,0.12,18,1854,51,322,11,4,11,1,0,,,,,
1776638484,2026-04-19T22:41:24.000Z,Mexico City,2026-04-19,0x9237d4d45a0935420cd3fa9d26312d590ab35b1c5f1583534b20709a6a9e53c5,exact,19,19,30.2,23.69,25.9,7.31,above_obs,-11.2,11.2,0.001,0.999,56448,115138,0,84,11,10,4,8,0,,,,,
1776638484,2026-04-19T22:41:24.000Z,Mexico City,2026-04-19,0xb98c025b9a661bf5435f2651725952a6a775160424d2c0c911e48072cb47a8f6,exact,23,23,30.2,23.69,25.9,7.31,above_obs,-7.2,7.2,0.001,0.999,6346,160,1,268,11,6,5,9,0,,,,,
1776638484,2026-04-19T22:41:24.000Z,Mexico City,2026-04-19,0xc53394552c4dca0bf3e8479f0eb88ef3cac9f221953568bd8866087ed6d628bc,exact,20,20,30.2,23.69,25.9,7.31,above_obs,-10.2,10.2,0.001,0.999,52410,115138,0,77,11,9,6,10,0,,,,,
1776638484,2026-04-19T22:41:24.000Z,Mexico City,2026-04-19,0xcdaed96f758f8466876670c8fcabe537d56e5a8560cf0cc92c7420dac91d8127,exact,22,22,30.2,23.69,25.9,7.31,above_obs,-8.2,8.2,0.001,0.999,11874,7848,0,302,11,7,7,11,0,,,,,
1776638484,2026-04-19T22:41:24.000Z,Mexico City,2026-04-19,0xee83af75197e38b3a8ef4c0d3f02b6492008594d6faab0bfe40631cce85b252e,exact,27,27,30.2,23.69,25.9,7.31,above_obs,-3.2,3.2,0.047,0.962,1800,266,13,249,11,2,9,3,0,,,,,
1776638492,2026-04-19T22:41:32.000Z,Mexico City,2026-04-19,0x0798d976c8b32233b06bf66330dc660205832d0e7fe7fb104526aaa694da3a45,or_below,,18,30.2,23.69,25.9,7.31,above_obs,-12.2,12.2,0.001,0.999,56456,56524,0,79,11,11,1,5,0,,,,,
1776638492,2026-04-19T22:41:32.000Z,Mexico City,2026-04-19,0x0afa3a1fe31f51d48738327f4510cd71e9c57080d2d4fe12e12e34f04a4da086,exact,28,28,30.2,23.69,25.9,7.31,above_obs,-2.2,2.2,0.01,0.997,1808,332,6,371,11,1,8,4,0,,,,,
1776638492,2026-04-19T22:41:32.000Z,Mexico City,2026-04-19,0x0e5bec9a1ee2959c468911f30562b4c6146b08c1210a270b2826b17e460783b9,exact,26,26,30.2,23.69,25.9,7.31,above_obs,-4.2,4.2,0.029999974090907912,0.98,2,2,43,342,11,3,9,3,0,,,,,
1776638492,2026-04-19T22:41:32.000Z,Mexico City,2026-04-19,0x1b163370d9270b049117a99d500325e0e1de728506cb5d1f36bf48496e095db1,exact,21,21,30.2,23.69,25.9,7.31,above_obs,-9.2,9.2,0.001,0.999,52418,115146,0,88,11,8,2,6,0,,,,,
1776638492,2026-04-19T22:41:32.000Z,Mexico City,2026-04-19,0x26a0f71401202bf6e0f6a9f8d115a41d8daa5fbfaee98460451f7976677c913d,exact,24,24,30.2,23.69,25.9,7.31,above_obs,-6.2,6.2,0.001,0.999,1880,1404,29,99,11,5,3,7,0,,,,,
1776638492,2026-04-19T22:41:32.000Z,Mexico City,2026-04-19,0x75768fb6603e423ab19d9b8a0cbd052b2397f6adb59a9b74778323c496b9894b,exact,25,25,30.2,23.69,25.9,7.31,above_obs,-5.2,5.2,0.9299999888399957,0.12,26,1862,50,322,11,4,11,1,1,YES,0.9536170212765958,223.58027872340426,,open
1776638492,2026-04-19T22:41:32.000Z,Mexico City,2026-04-19,0x9237d4d45a0935420cd3fa9d26312d590ab35b1c5f1583534b20709a6a9e53c5,exact,19,19,30.2,23.69,25.9,7.31,above_obs,-11.2,11.2,0.001,0.999,56456,115146,0,84,11,10,4,8,0,,,,,
1776638492,2026-04-19T22:41:32.000Z,Mexico City,2026-04-19,0xb98c025b9a661bf5435f2651725952a6a775160424d2c0c911e48072cb47a8f6,exact,23,23,30.2,23.69,25.9,7.31,above_obs,-7.2,7.2,0.001,0.999,6354,168,1,268,11,6,5,9,0,,,,,
1776638492,2026-04-19T22:41:32.000Z,Mexico City,2026-04-19,0xc53394552c4dca0bf3e8479f0eb88ef3cac9f221953568bd8866087ed6d628bc,exact,20,20,30.2,23.69,25.9,7.31,above_obs,-10.2,10.2,0.001,0.999,52418,115146,0,77,11,9,6,10,0,,,,,
1776638492,2026-04-19T22:41:32.000Z,Mexico City,2026-04-19,0xcdaed96f758f8466876670c8fcabe537d56e5a8560cf0cc92c7420dac91d8127,exact,22,22,30.2,23.69,25.9,7.31,above_obs,-8.2,8.2,0.001,0.999,11882,7856,0,302,11,7,7,11,0,,,,,
1776638492,2026-04-19T22:41:32.000Z,Mexico City,2026-04-19,0xee83af75197e38b3a8ef4c0d3f02b6492008594d6faab0bfe40631cce85b252e,exact,27,27,30.2,23.69,25.9,7.31,above_obs,-3.2,3.2,0.047,0.962,1808,274,13,249,11,2,10,2,0,,,,,
1776667710,2026-04-20T06:48:30.000Z,Tokyo,2026-04-20,0x0d9fe4a200c80eca0ea753a0a19d03c3dc06e69d96ef6fe24651f3b0490ac4d5,exact,16,16,24.5,25.81,22.6,8.19,above_obs,-8.5,8.5,0.001,0.999,118354,106760,0,68,11,9,1,4,0,,,,,
1776667710,2026-04-20T06:48:30.000Z,Tokyo,2026-04-20,0x34c20297ccb33d607b76d9f19b37d303969f8b7fb40db9afdadad43bdaf5c699,exact,23,23,24.5,25.81,22.6,8.19,above_obs,-1.5,1.5,0.01,0.995,52,56,140,347,11,2,10,2,0,,,,,
1776667710,2026-04-20T06:48:30.000Z,Tokyo,2026-04-20,0x5bd02f10950bb3dd6f75eabfb12c75004b5324deade101eae6cd64edbb14915c,or_below,,14,24.5,25.81,22.6,8.19,above_obs,-10.5,10.5,0.001,0.998,136138,135948,0,48,11,11,2,3,0,,,,,
1776667710,2026-04-20T06:48:30.000Z,Tokyo,2026-04-20,0x6941ccd6b21b2368ac57d7742b1a226e53fd6dcd2666d844f29f5527c2946ebc,exact,21,21,24.5,25.81,22.6,8.19,above_obs,-3.5,3.5,0.001,0.999,10218,5492,0,516,11,4,3,5,0,,,,,
1776667710,2026-04-20T06:48:30.000Z,Tokyo,2026-04-20,0x72aa4ac5b489afebe3d076a259079a42e89ba7a36cd7b4eddf257b00031ed6bd,exact,22,22,24.5,25.81,22.6,8.19,above_obs,-2.5,2.5,0.939,0.1,52,96,166,514,11,3,11,1,1,NO,0.010000000000000002,0.14250000000000002,0.15675,closed
1776667710,2026-04-20T06:48:30.000Z,Tokyo,2026-04-20,0x7a1315844525db8c379ab69ee2705213066796bcafff16558574d4a58808986a,exact,24,24,24.5,25.81,22.6,8.19,above_obs,-0.5,0.5,0.002,0.999,52,72,109,309,11,1,9,6,0,,,,,
1776667710,2026-04-20T06:48:30.000Z,Tokyo,2026-04-20,0x8b0c451f3aad8fc4a39018478cfcd9e2025eae7121c761efc8b5085c1f9ff751,exact,18,18,24.5,25.81,22.6,8.19,above_obs,-6.5,6.5,0.001,0.999,10218,43744,0,151,11,7,4,7,0,,,,,
1776667710,2026-04-20T06:48:30.000Z,Tokyo,2026-04-20,0x95ef1ab5a3addd833f3a02c36ed9dca94b5b6cd973d71adcf436776a1da65b61,exact,20,20,24.5,25.81,22.6,8.19,above_obs,-4.5,4.5,0.001,0.999,10218,6450,0,424,11,5,5,8,0,,,,,
1776667710,2026-04-20T06:48:30.000Z,Tokyo,2026-04-20,0xb9a89d75b3e20a8ba9d611c6682bdbe14c820df71795a88d5c6835fc894a7619,exact,17,17,24.5,25.81,22.6,8.19,above_obs,-7.5,7.5,0.001,0.999,61630,42636,0,124,11,8,6,9,0,,,,,
1776667710,2026-04-20T06:48:30.000Z,Tokyo,2026-04-20,0xda66b6d97ef0e9809fbde8f296a1cd825b421a828ada7c4be4f425da2d257d8c,exact,15,15,24.5,25.81,22.6,8.19,above_obs,-9.5,9.5,0.001,0.999,118360,106744,0,59,11,10,7,10,0,,,,,
1776667710,2026-04-20T06:48:30.000Z,Tokyo,2026-04-20,0xe78bc2ad0ef24c7a20c681db0bc46f338f2c9b78d2228b8e3a1bfd5e5c3bb5be,exact,19,19,24.5,25.81,22.6,8.19,above_obs,-5.5,5.5,0.001,0.999,10218,9102,0,286,11,6,8,11,0,,,,,
1776654146,2026-04-20T03:02:26.000Z,Tokyo,2026-04-20,0x0d9fe4a200c80eca0ea753a0a19d03c3dc06e69d96ef6fe24651f3b0490ac4d5,exact,16,16,24.5,22.04,22.9,11.96,above_obs,-8.5,8.5,0.001,0.999,104790,93196,0,68,11,9,1,3,0,,,,,
1776654146,2026-04-20T03:02:26.000Z,Tokyo,2026-04-20,0x34c20297ccb33d607b76d9f19b37d303969f8b7fb40db9afdadad43bdaf5c699,exact,23,23,24.5,22.04,22.9,11.96,above_obs,-1.5,1.5,,,,,0,0,11,2,,,0,,,,,
1776654146,2026-04-20T03:02:26.000Z,Tokyo,2026-04-20,0x5bd02f10950bb3dd6f75eabfb12c75004b5324deade101eae6cd64edbb14915c,or_below,,14,24.5,22.04,22.9,11.96,above_obs,-10.5,10.5,0.001,0.998,122574,122384,0,48,11,11,2,2,0,,,,,
1776654146,2026-04-20T03:02:26.000Z,Tokyo,2026-04-20,0x6941ccd6b21b2368ac57d7742b1a226e53fd6dcd2666d844f29f5527c2946ebc,exact,21,21,24.5,22.04,22.9,11.96,above_obs,-3.5,3.5,0.0099321,0.994,750,934,53,489,11,4,8,1,1,NO,0.997180843113983,907.2667815850623,,open
1776654146,2026-04-20T03:02:26.000Z,Tokyo,2026-04-20,0x72aa4ac5b489afebe3d076a259079a42e89ba7a36cd7b4eddf257b00031ed6bd,exact,22,22,24.5,22.04,22.9,11.96,above_obs,-2.5,2.5,,,,,0,0,11,3,,,0,,,,,
1776654146,2026-04-20T03:02:26.000Z,Tokyo,2026-04-20,0x7a1315844525db8c379ab69ee2705213066796bcafff16558574d4a58808986a,exact,24,24,24.5,22.04,22.9,11.96,above_obs,-0.5,0.5,,,,,0,0,11,1,,,0,,,,,
1776654146,2026-04-20T03:02:26.000Z,Tokyo,2026-04-20,0x8b0c451f3aad8fc4a39018478cfcd9e2025eae7121c761efc8b5085c1f9ff751,exact,18,18,24.5,22.04,22.9,11.96,above_obs,-6.5,6.5,0.001,0.999,10322,30180,0,149,11,7,3,4,0,,,,,
1776654146,2026-04-20T03:02:26.000Z,Tokyo,2026-04-20,0x95ef1ab5a3addd833f3a02c36ed9dca94b5b6cd973d71adcf436776a1da65b61,exact,20,20,24.5,22.04,22.9,11.96,above_obs,-4.5,4.5,0.003,0.999,3622,486,8,420,11,5,7,5,0,,,,,
1776654146,2026-04-20T03:02:26.000Z,Tokyo,2026-04-20,0xb9a89d75b3e20a8ba9d611c6682bdbe14c820df71795a88d5c6835fc894a7619,exact,17,17,24.5,22.04,22.9,11.96,above_obs,-7.5,7.5,0.001,0.999,48066,29072,0,124,11,8,4,6,0,,,,,
1776654146,2026-04-20T03:02:26.000Z,Tokyo,2026-04-20,0xda66b6d97ef0e9809fbde8f296a1cd825b421a828ada7c4be4f425da2d257d8c,exact,15,15,24.5,22.04,22.9,11.96,above_obs,-9.5,9.5,0.001,0.999,104796,93180,0,59,11,10,5,7,0,,,,,
1776654146,2026-04-20T03:02:26.000Z,Tokyo,2026-04-20,0xe78bc2ad0ef24c7a20c681db0bc46f338f2c9b78d2228b8e3a1bfd5e5c3bb5be,exact,19,19,24.5,22.04,22.9,11.96,above_obs,-5.5,5.5,0.002,0.999,7394,4572,0,282,11,6,6,8,0,,,,,
1776672160,2026-04-20T08:02:40.000Z,Tokyo,2026-04-20,0x0d9fe4a200c80eca0ea753a0a19d03c3dc06e69d96ef6fe24651f3b0490ac4d5,exact,16,16,24.5,27.04,21.3,6.96,above_obs,-8.5,8.5,0.001,0.999,122804,111210,0,68,11,9,1,4,0,,,,,
1776672160,2026-04-20T08:02:40.000Z,Tokyo,2026-04-20,0x34c20297ccb33d607b76d9f19b37d303969f8b7fb40db9afdadad43bdaf5c699,exact,23,23,24.5,27.04,21.3,6.96,above_obs,-1.5,1.5,0.05,0.95,48,72,186,588,11,2,10,2,1,NO,0.95,507.03623249999987,,open
1776672160,2026-04-20T08:02:40.000Z,Tokyo,2026-04-20,0x5bd02f10950bb3dd6f75eabfb12c75004b5324deade101eae6cd64edbb14915c,or_below,,14,24.5,27.04,21.3,6.96,above_obs,-10.5,10.5,0.001,0.998,140588,140398,0,48,11,11,2,3,0,,,,,
1776672160,2026-04-20T08:02:40.000Z,Tokyo,2026-04-20,0x6941ccd6b21b2368ac57d7742b1a226e53fd6dcd2666d844f29f5527c2946ebc,exact,21,21,24.5,27.04,21.3,6.96,above_obs,-3.5,3.5,0.001,0.999,14668,9942,0,516,11,4,3,5,0,,,,,
1776672160,2026-04-20T08:02:40.000Z,Tokyo,2026-04-20,0x72aa4ac5b489afebe3d076a259079a42e89ba7a36cd7b4eddf257b00031ed6bd,exact,22,22,24.5,27.04,21.3,6.96,above_obs,-2.5,2.5,0.9618397329486656,0.041,18,304,94,653,11,3,11,1,0,,,,,
1776672160,2026-04-20T08:02:40.000Z,Tokyo,2026-04-20,0x7a1315844525db8c379ab69ee2705213066796bcafff16558574d4a58808986a,exact,24,24,24.5,27.04,21.3,6.96,above_obs,-0.5,0.5,0.001,0.999,300,56,154,518,11,1,4,6,0,,,,,
1776672160,2026-04-20T08:02:40.000Z,Tokyo,2026-04-20,0x8b0c451f3aad8fc4a39018478cfcd9e2025eae7121c761efc8b5085c1f9ff751,exact,18,18,24.5,27.04,21.3,6.96,above_obs,-6.5,6.5,0.001,0.999,14668,48194,0,151,11,7,5,7,0,,,,,
1776672160,2026-04-20T08:02:40.000Z,Tokyo,2026-04-20,0x95ef1ab5a3addd833f3a02c36ed9dca94b5b6cd973d71adcf436776a1da65b61,exact,20,20,24.5,27.04,21.3,6.96,above_obs,-4.5,4.5,0.001,0.999,14668,10900,0,424,11,5,6,8,0,,,,,
1776672160,2026-04-20T08:02:40.000Z,Tokyo,2026-04-20,0xb9a89d75b3e20a8ba9d611c6682bdbe14c820df71795a88d5c6835fc894a7619,exact,17,17,24.5,27.04,21.3,6.96,above_obs,-7.5,7.5,0.001,0.999,66080,47086,0,124,11,8,7,9,0,,,,,
1776672160,2026-04-20T08:02:40.000Z,Tokyo,2026-04-20,0xda66b6d97ef0e9809fbde8f296a1cd825b421a828ada7c4be4f425da2d257d8c,exact,15,15,24.5,27.04,21.3,6.96,above_obs,-9.5,9.5,0.001,0.999,122810,111194,0,59,11,10,8,10,0,,,,,
1776672160,2026-04-20T08:02:40.000Z,Tokyo,2026-04-20,0xe78bc2ad0ef24c7a20c681db0bc46f338f2c9b78d2228b8e3a1bfd5e5c3bb5be,exact,19,19,24.5,27.04,21.3,6.96,above_obs,-5.5,5.5,0.001,0.999,14668,13552,0,286,11,6,9,11,0,,,,,
1776668840,2026-04-20T07:07:20.000Z,Jakarta,2026-04-20,0x06890be6a81b9a4e68b74d9064dfc803c09f14eea0c092c31adb995813b2d55c,exact,33,33,33.4,25.12,33.1,9.88,above_obs,-0.4,0.4,0.01,0.99,70,74,152,228,11,1,7,2,0,,,,,
1776668840,2026-04-20T07:07:20.000Z,Jakarta,2026-04-20,0x0a11a3b5004b2e34f775989eb7446f758a09371d98620e94bf22fd90f65ce1f3,exact,31,31,33.4,25.12,33.1,9.88,above_obs,-2.4,2.4,0.001,0.999,12206,4768,0,192,11,5,1,5,0,,,,,
1776668840,2026-04-20T07:07:20.000Z,Jakarta,2026-04-20,0x2235d95cddcd4494eee3d3e23c22674e76a241f2b89fadbe0cb22bfba093ecc0,exact,36,36,33.4,25.12,33.1,9.88,below_obs,2.6,2.6,0.034,0.996,126,56,42,72,11,6,9,4,0,,,,,
1776668840,2026-04-20T07:07:20.000Z,Jakarta,2026-04-20,0x32b1bf022acddc999db5da064fdcf4126a635db75b6784340733ba073f731f1a,exact,30,30,33.4,25.12,33.1,9.88,above_obs,-3.4,3.4,0.001,0.999,16272,13066,0,103,11,7,2,6,0,,,,,
1776668840,2026-04-20T07:07:20.000Z,Jakarta,2026-04-20,0x4c9fb23cf9132089c274c6f6cdf3b0ec3e95c22b86878782e055e96a004dd908,exact,32,32,33.4,25.12,33.1,9.88,above_obs,-1.4,1.4,0.001,0.999,6840,3054,1,270,11,3,3,7,0,,,,,
1776668840,2026-04-20T07:07:20.000Z,Jakarta,2026-04-20,0x614a228e7dd50313386c08849299880e9d7bfbad19683d5a0cba111eb3c1d1f2,exact,28,28,33.4,25.12,33.1,9.88,above_obs,-5.4,5.4,0.001,0.999,23936,13950,0,68,11,10,4,8,0,,,,,
1776668840,2026-04-20T07:07:20.000Z,Jakarta,2026-04-20,0x94d53cf4372c8453817965147ca2937c6ea55292090a8c116357e50bec7d3d8c,exact,29,29,33.4,25.12,33.1,9.88,above_obs,-4.4,4.4,0.001,0.999,23936,19918,0,76,11,9,5,9,0,,,,,
1776668840,2026-04-20T07:07:20.000Z,Jakarta,2026-04-20,0xa3d31af7693992b44210e72f69516540c9aeea9c6b3714783697900331545133,exact,37,37,33.4,25.12,33.1,9.88,below_obs,3.6,3.6,0.015,0.995,126,56,33,96,11,8,8,3,0,,,,,
1776668840,2026-04-20T07:07:20.000Z,Jakarta,2026-04-20,0xbb9e28d7d7860b8a71f381c7ad4095cd527fe9dcd9803c8ed03155279e8fcf20,or_below,,27,33.4,25.12,33.1,9.88,above_obs,-6.4,6.4,0.001,0.999,23936,23526,0,74,11,11,6,10,0,,,,,
1776668840,2026-04-20T07:07:20.000Z,Jakarta,2026-04-20,0xe7a8fb5ba55adaa047761d13c3e6afbc41aa5bc69467d29120ec4464a77a7c74,exact,34,34,33.4,25.12,33.1,9.88,below_obs,0.6,0.6,0.8826475379196606,0.67,16,250,70,164,11,2,10,1,1,YES,0.85,20.6635,3.1602999999999994,closed
1776668840,2026-04-20T07:07:20.000Z,Jakarta,2026-04-20,0xfe2fc0c3bc16382bd95531dd29a107db494b2b406254cf7b8cea92c3480fcecf,exact,35,35,33.4,25.12,33.1,9.88,below_obs,1.6,1.6,,,,,0,0,11,4,,,0,,,,,
1776668620,2026-04-20T07:03:40.000Z,Jakarta,2026-04-20,0x06890be6a81b9a4e68b74d9064dfc803c09f14eea0c092c31adb995813b2d55c,exact,33,33,33.4,25.06,33.1,9.94,above_obs,-0.4,0.4,0.6699999195999292,0.8441826593214814,240,14,126,194,11,1,9,2,1,NO,0.8686690931303928,339.0502945465601,,open
1776668620,2026-04-20T07:03:40.000Z,Jakarta,2026-04-20,0x0a11a3b5004b2e34f775989eb7446f758a09371d98620e94bf22fd90f65ce1f3,exact,31,31,33.4,25.06,33.1,9.94,above_obs,-2.4,2.4,0.001,0.999,11986,4548,0,192,11,5,1,5,0,,,,,
1776668620,2026-04-20T07:03:40.000Z,Jakarta,2026-04-20,0x2235d95cddcd4494eee3d3e23c22674e76a241f2b89fadbe0cb22bfba093ecc0,exact,36,36,33.4,25.06,33.1,9.94,below_obs,2.6,2.6,0.03112952799121844,0.996,10,36,36,61,11,6,8,3,0,,,,,
1776668620,2026-04-20T07:03:40.000Z,Jakarta,2026-04-20,0x32b1bf022acddc999db5da064fdcf4126a635db75b6784340733ba073f731f1a,exact,30,30,33.4,25.06,33.1,9.94,above_obs,-3.4,3.4,0.001,0.999,16052,12846,0,103,11,7,2,6,0,,,,,
1776668620,2026-04-20T07:03:40.000Z,Jakarta,2026-04-20,0x4c9fb23cf9132089c274c6f6cdf3b0ec3e95c22b86878782e055e96a004dd908,exact,32,32,33.4,25.06,33.1,9.94,above_obs,-1.4,1.4,0.001,0.999,6620,2834,2,270,11,3,3,7,0,,,,,
1776668620,2026-04-20T07:03:40.000Z,Jakarta,2026-04-20,0x614a228e7dd50313386c08849299880e9d7bfbad19683d5a0cba111eb3c1d1f2,exact,28,28,33.4,25.06,33.1,9.94,above_obs,-5.4,5.4,0.001,0.999,23716,13730,0,68,11,10,4,8,0,,,,,
1776668620,2026-04-20T07:03:40.000Z,Jakarta,2026-04-20,0x94d53cf4372c8453817965147ca2937c6ea55292090a8c116357e50bec7d3d8c,exact,29,29,33.4,25.06,33.1,9.94,above_obs,-4.4,4.4,0.001,0.999,23716,19698,0,76,11,9,5,9,0,,,,,
1776668620,2026-04-20T07:03:40.000Z,Jakarta,2026-04-20,0xa3d31af7693992b44210e72f69516540c9aeea9c6b3714783697900331545133,exact,37,37,33.4,25.06,33.1,9.94,below_obs,3.6,3.6,0.014814990859232175,0.998,10,36,30,88,11,8,7,4,0,,,,,
1776668620,2026-04-20T07:03:40.000Z,Jakarta,2026-04-20,0xbb9e28d7d7860b8a71f381c7ad4095cd527fe9dcd9803c8ed03155279e8fcf20,or_below,,27,33.4,25.06,33.1,9.94,above_obs,-6.4,6.4,0.001,0.999,23716,23306,0,74,11,11,6,10,0,,,,,
1776668620,2026-04-20T07:03:40.000Z,Jakarta,2026-04-20,0xe7a8fb5ba55adaa047761d13c3e6afbc41aa5bc69467d29120ec4464a77a7c74,exact,34,34,33.4,25.06,33.1,9.94,below_obs,0.6,0.6,0.6759637603538022,0.67,6,30,60,144,11,2,10,1,0,,,,,
1776668620,2026-04-20T07:03:40.000Z,Jakarta,2026-04-20,0xfe2fc0c3bc16382bd95531dd29a107db494b2b406254cf7b8cea92c3480fcecf,exact,35,35,33.4,25.06,33.1,9.94,below_obs,1.6,1.6,,,,,0,0,11,4,,,0,,,,,
1776718874,2026-04-20T21:01:14.000Z,Toronto,2026-04-20,0x1367c22e40150f399a2419f0104ff253e12ac61d1f3dd2d231c8de3253c47b71,or_below,,1,10.8,45.02,4,6.98,above_obs,-9.8,9.8,0.002088806003285822,0.999,25086,24926,0,49,11,11,5,7,0,,,,,
1776718874,2026-04-20T21:01:14.000Z,Toronto,2026-04-20,0x26a5e6993662fd29aa488238ecfa4a8468bbfcb5bc27164d339bc4b2233b544f,exact,7,7,10.8,45.02,4,6.98,above_obs,-3.8,3.8,0.004,0.996,164,46,32,328,11,5,6,6,0,,,,,
1776718874,2026-04-20T21:01:14.000Z,Toronto,2026-04-20,0x4997d0fc4cc56ad141d21e5a0a1fd04342472c090725c2ce38a529daf667dae6,exact,3,3,10.8,45.02,4,6.98,above_obs,-7.8,7.8,0.1390702947845805,0.87,184466,180886,0,24,11,9,9,3,0,,,,,
1776718874,2026-04-20T21:01:14.000Z,Toronto,2026-04-20,0x4d35cd104fb512e2eba6af32943a7382972696e0962c858d4919ac3c6923bb7e,exact,10,10,10.8,45.02,4,6.98,above_obs,-0.8,0.8,0.001,0.999,164,46,26,51,11,2,1,8,0,,,,,
1776718874,2026-04-20T21:01:14.000Z,Toronto,2026-04-20,0x779d7f46e17b13fcc1d1f5a75a107057332f872065ea93f539a350ddc62c0865,exact,2,2,10.8,45.02,4,6.98,above_obs,-8.8,8.8,0.001,0.999,5438,3356,1,295,11,10,2,9,0,,,,,
1776718874,2026-04-20T21:01:14.000Z,Toronto,2026-04-20,0x7e27632e048b65fb6279dd8dc2f1736d9a44da0a08ef0f29c9390f88e3b4a065,exact,4,4,10.8,45.02,4,6.98,above_obs,-6.8,6.8,0.32,0.7099999431998909,46,40,82,130,11,8,11,1,1,YES,0.3464556416881998,15.562787424633935,23.966812575366067,closed
1776718874,2026-04-20T21:01:14.000Z,Toronto,2026-04-20,0x8987ab5c9860cff052d34f1f824440d299fb7ef474a63d3f1b09de23f641b8d8,exact,6,6,10.8,45.02,4,6.98,above_obs,-4.8,4.8,0.04297208121827411,0.9639194139194139,186,38,50,401,11,6,8,4,0,,,,,
1776718874,2026-04-20T21:01:14.000Z,Toronto,2026-04-20,0xbd10a5f7c9922d821808200cd20d16305658cba0663b9c39d36967e72ffcc96f,exact,11,11,10.8,45.02,4,6.98,below_obs,0.2,0.2,0.001,0.999,186,208,27,103,11,1,3,10,0,,,,,
1776718874,2026-04-20T21:01:14.000Z,Toronto,2026-04-20,0xe863d7f74b2d8b7c6c1e9505aa56453c9036fb986eca714bb2b863a630f1076d,exact,8,8,10.8,45.02,4,6.98,above_obs,-2.8,2.8,0.005,0.995,164,46,33,259,11,4,7,5,0,,,,,
1776718874,2026-04-20T21:01:14.000Z,Toronto,2026-04-20,0xf5c2ed5b9f621462fd1b8561ea00434ac4bbc3c3d789cb971bf6239d107efded,exact,9,9,10.8,45.02,4,6.98,above_obs,-1.8,1.8,0.001,0.999,164,46,28,76,11,3,4,11,0,,,,,
1776718874,2026-04-20T21:01:14.000Z,Toronto,2026-04-20,0xf950630df721af9f2ccff5153aa04da940308febb4cce6c77c1cbdec04ceff47,exact,5,5,10.8,45.02,4,6.98,above_obs,-5.8,5.8,0.26,0.74,184484,180886,0,32,11,7,10,2,0,,,,,
1776794640,2026-04-21T18:04:00.000Z,Buenos Aires,2026-04-21,0x02b5b68fdd5e4c9b46f692c1478acc977ea31c245033c6503c98ebb19e712478,exact,20,20,21.9,42.07,20.7,8.93,above_obs,-1.9,1.9,0.6,0.407,220,108,81,419,11,7,21,1,0,,,,,
1776794640,2026-04-21T18:04:00.000Z,Buenos Aires,2026-04-21,0x07f1e15c130997beda283c270233eb92aba634e4b2b00da1ada83753b5095ba6,exact,23,23,21.9,42.07,20.7,8.93,below_obs,1.1,1.1,0.01,0.99,338,70,50,557,11,5,15,7,0,,,,,
1776794640,2026-04-21T18:04:00.000Z,Buenos Aires,2026-04-21,0x1ce48868d45fb73c88ab4c6c6fcb72693800d914ceba75fa89fd0ecaf80b18cb,exact,15,15,21.9,42.07,20.7,8.93,above_obs,-6.9,6.9,0.001,0.999,75906,133604,0,26,11,17,1,13,0,,,,,
1776794640,2026-04-21T18:04:00.000Z,Buenos Aires,2026-04-21,0x40f69f7e520e84cbf322567685dc10f11b7725f9c54bf0cb421d3f918383e713,exact,22,22,21.9,42.07,20.7,8.93,below_obs,0.1,0.1,0.031,0.959,430,1124,58,399,11,1,17,5,0,,,,,
1776794640,2026-04-21T18:04:00.000Z,Buenos Aires,2026-04-21,0x4d011660b577532089fab9764ce3bfcbc383d5a355af07994aa767461941c794,or_below,,13,21.9,42.07,20.7,8.93,above_obs,-8.9,8.9,0.0064488,0.999,70222,60976,0,55,11,21,13,14,0,,,,,
1776794640,2026-04-21T18:04:00.000Z,Buenos Aires,2026-04-21,0x50757bbef09ec4676ac2e8c0c018598837b063e9b72e3fd834226fdefed278f0,exact,21,21,21.9,42.07,20.7,8.93,above_obs,-0.9,0.9,0.29,0.7099999431998909,74,10,77,112,11,3,19,3,1,YES,0.3987379999999999,5.5380270246059995,4.461970975394,closed
1776794640,2026-04-21T18:04:00.000Z,Buenos Aires,2026-04-21,0x705d1650bf42ab4520656c680e063532b66c6c427cdd81d6eaadbf53b90ae7c4,exact,18,18,21.9,42.07,20.7,8.93,above_obs,-3.9,3.9,0.002,0.998,98126,98218,0,99,11,11,7,9,0,,,,,
1776794640,2026-04-21T18:04:00.000Z,Buenos Aires,2026-04-21,0x900dd88e6aa0c9fb8cbd96b22bdcc201fef68b9d6db300e386597b1bfb52897f,exact,14,14,21.9,42.07,20.7,8.93,above_obs,-7.9,7.9,0.001,0.999,55556,54122,0,72,11,19,2,15,0,,,,,
1776794640,2026-04-21T18:04:00.000Z,Buenos Aires,2026-04-21,0xa360eafc75cf053aaf67eee412f739d91cef7cdca40c456ac2fe8c8e11f93a66,exact,19,19,21.9,42.07,20.7,8.93,above_obs,-2.9,2.9,0.001,0.999,9356,7182,0,84,11,9,3,16,0,,,,,
1776794640,2026-04-21T18:04:00.000Z,Buenos Aires,2026-04-21,0xc4e30ef6ef4a5490172e67efe95146057ac0dc381d1c6e1a399501c29634b9db,exact,16,16,21.9,42.07,20.7,8.93,above_obs,-5.9,5.9,0.003,0.999,75906,44574,0,61,11,15,11,17,0,,,,,
1776794640,2026-04-21T18:04:00.000Z,Buenos Aires,2026-04-21,0xd220e8faaf3c3032c8505426657fcad982afa488459be59e1978fc42d89c2a67,exact,17,17,21.9,42.07,20.7,8.93,above_obs,-4.9,4.9,0.002,0.998,116180,116172,0,81,11,13,8,10,0,,,,,
1776794640,2026-04-21T18:04:00.000Z,Buenos Aires,2026-04-21,0x02b5b68fdd5e4c9b46f692c1478acc977ea31c245033c6503c98ebb19e712478,exact,20,20,21.9,42.07,20.7,8.93,above_obs,-1.9,1.9,0.6,0.407,220,108,81,419,11,8,22,2,1,NO,0.990157050243112,1221.2524677218169,,open
1776794640,2026-04-21T18:04:00.000Z,Buenos Aires,2026-04-21,0x07f1e15c130997beda283c270233eb92aba634e4b2b00da1ada83753b5095ba6,exact,23,23,21.9,42.07,20.7,8.93,below_obs,1.1,1.1,0.01,0.99,338,70,50,557,11,6,16,8,0,,,,,
1776794640,2026-04-21T18:04:00.000Z,Buenos Aires,2026-04-21,0x1ce48868d45fb73c88ab4c6c6fcb72693800d914ceba75fa89fd0ecaf80b18cb,exact,15,15,21.9,42.07,20.7,8.93,above_obs,-6.9,6.9,0.001,0.999,75906,133604,0,26,11,18,4,18,0,,,,,
1776794640,2026-04-21T18:04:00.000Z,Buenos Aires,2026-04-21,0x40f69f7e520e84cbf322567685dc10f11b7725f9c54bf0cb421d3f918383e713,exact,22,22,21.9,42.07,20.7,8.93,below_obs,0.1,0.1,0.031,0.959,430,1124,58,399,11,2,18,6,0,,,,,
1776794640,2026-04-21T18:04:00.000Z,Buenos Aires,2026-04-21,0x4d011660b577532089fab9764ce3bfcbc383d5a355af07994aa767461941c794,or_below,,13,21.9,42.07,20.7,8.93,above_obs,-8.9,8.9,0.0064488,0.999,70222,60976,0,55,11,22,14,19,0,,,,,
1776794640,2026-04-21T18:04:00.000Z,Buenos Aires,2026-04-21,0x50757bbef09ec4676ac2e8c0c018598837b063e9b72e3fd834226fdefed278f0,exact,21,21,21.9,42.07,20.7,8.93,above_obs,-0.9,0.9,0.29,0.7099999431998909,74,10,77,112,11,4,20,4,0,,,,,
1776794640,2026-04-21T18:04:00.000Z,Buenos Aires,2026-04-21,0x705d1650bf42ab4520656c680e063532b66c6c427cdd81d6eaadbf53b90ae7c4,exact,18,18,21.9,42.07,20.7,8.93,above_obs,-3.9,3.9,0.002,0.998,98126,98218,0,99,11,12,9,11,0,,,,,
1776794640,2026-04-21T18:04:00.000Z,Buenos Aires,2026-04-21,0x900dd88e6aa0c9fb8cbd96b22bdcc201fef68b9d6db300e386597b1bfb52897f,exact,14,14,21.9,42.07,20.7,8.93,above_obs,-7.9,7.9,0.001,0.999,55556,54122,0,72,11,20,5,20,0,,,,,
1776794640,2026-04-21T18:04:00.000Z,Buenos Aires,2026-04-21,0xa360eafc75cf053aaf67eee412f739d91cef7cdca40c456ac2fe8c8e11f93a66,exact,19,19,21.9,42.07,20.7,8.93,above_obs,-2.9,2.9,0.001,0.999,9356,7182,0,84,11,10,6,21,0,,,,,
1776794640,2026-04-21T18:04:00.000Z,Buenos Aires,2026-04-21,0xc4e30ef6ef4a5490172e67efe95146057ac0dc381d1c6e1a399501c29634b9db,exact,16,16,21.9,42.07,20.7,8.93,above_obs,-5.9,5.9,0.003,0.999,75906,44574,0,61,11,16,12,22,0,,,,,
1776794640,2026-04-21T18:04:00.000Z,Buenos Aires,2026-04-21,0xd220e8faaf3c3032c8505426657fcad982afa488459be59e1978fc42d89c2a67,exact,17,17,21.9,42.07,20.7,8.93,above_obs,-4.9,4.9,0.002,0.998,116180,116172,0,81,11,14,10,12,0,,,,,
1776798236,2026-04-21T19:03:56.000Z,Buenos Aires,2026-04-21,0x02b5b68fdd5e4c9b46f692c1478acc977ea31c245033c6503c98ebb19e712478,exact,20,20,21.9,43.07,20.5,7.93,above_obs,-1.9,1.9,0.001,0.999,2618,1102,29,448,11,7,1,11,0,,,,,
1776798236,2026-04-21T19:03:56.000Z,Buenos Aires,2026-04-21,0x07f1e15c130997beda283c270233eb92aba634e4b2b00da1ada83753b5095ba6,exact,23,23,21.9,43.07,20.5,7.93,below_obs,1.1,1.1,0.15,0.9009999930622987,122,18,43,600,11,5,17,5,0,,,,,
1776798236,2026-04-21T19:03:56.000Z,Buenos Aires,2026-04-21,0x1ce48868d45fb73c88ab4c6c6fcb72693800d914ceba75fa89fd0ecaf80b18cb,exact,15,15,21.9,43.07,20.5,7.93,above_obs,-6.9,6.9,0.001,0.999,79502,137200,0,26,11,17,2,12,0,,,,,
1776798236,2026-04-21T19:03:56.000Z,Buenos Aires,2026-04-21,0x40f69f7e520e84cbf322567685dc10f11b7725f9c54bf0cb421d3f918383e713,exact,22,22,21.9,43.07,20.5,7.93,below_obs,0.1,0.1,0.399,0.881,154,132,82,481,11,1,19,3,1,NO,0.9753446228820335,1035.4450269268527,,open
1776798236,2026-04-21T19:03:56.000Z,Buenos Aires,2026-04-21,0x4d011660b577532089fab9764ce3bfcbc383d5a355af07994aa767461941c794,or_below,,13,21.9,43.07,20.5,7.93,above_obs,-8.9,8.9,0.0064488,0.999,73818,64572,0,55,11,21,15,13,0,,,,,
1776798236,2026-04-21T19:03:56.000Z,Buenos Aires,2026-04-21,0x50757bbef09ec4676ac2e8c0c018598837b063e9b72e3fd834226fdefed278f0,exact,21,21,21.9,43.07,20.5,7.93,above_obs,-0.9,0.9,0.7838660578386606,0.48,56,98,136,248,11,3,21,1,0,,,,,
1776798236,2026-04-21T19:03:56.000Z,Buenos Aires,2026-04-21,0x705d1650bf42ab4520656c680e063532b66c6c427cdd81d6eaadbf53b90ae7c4,exact,18,18,21.9,43.07,20.5,7.93,above_obs,-3.9,3.9,0.002,0.998,101722,101814,0,99,11,11,9,7,0,,,,,
1776798236,2026-04-21T19:03:56.000Z,Buenos Aires,2026-04-21,0x900dd88e6aa0c9fb8cbd96b22bdcc201fef68b9d6db300e386597b1bfb52897f,exact,14,14,21.9,43.07,20.5,7.93,above_obs,-7.9,7.9,0.001,0.999,59152,57718,0,72,11,19,3,14,0,,,,,
1776798236,2026-04-21T19:03:56.000Z,Buenos Aires,2026-04-21,0xa360eafc75cf053aaf67eee412f739d91cef7cdca40c456ac2fe8c8e11f93a66,exact,19,19,21.9,43.07,20.5,7.93,above_obs,-2.9,2.9,0.001,0.999,12952,10778,0,84,11,9,4,15,0,,,,,
1776798236,2026-04-21T19:03:56.000Z,Buenos Aires,2026-04-21,0xc4e30ef6ef4a5490172e67efe95146057ac0dc381d1c6e1a399501c29634b9db,exact,16,16,21.9,43.07,20.5,7.93,above_obs,-5.9,5.9,0.003,0.999,79502,48170,0,61,11,15,13,16,0,,,,,
1776798236,2026-04-21T19:03:56.000Z,Buenos Aires,2026-04-21,0xd220e8faaf3c3032c8505426657fcad982afa488459be59e1978fc42d89c2a67,exact,17,17,21.9,43.07,20.5,7.93,above_obs,-4.9,4.9,0.002,0.998,119776,119768,0,81,11,13,10,8,0,,,,,
1776798236,2026-04-21T19:03:56.000Z,Buenos Aires,2026-04-21,0x02b5b68fdd5e4c9b46f692c1478acc977ea31c245033c6503c98ebb19e712478,exact,20,20,21.9,43.07,20.5,7.93,above_obs,-1.9,1.9,0.001,0.999,2618,1102,29,448,11,8,5,17,0,,,,,
1776798236,2026-04-21T19:03:56.000Z,Buenos Aires,2026-04-21,0x07f1e15c130997beda283c270233eb92aba634e4b2b00da1ada83753b5095ba6,exact,23,23,21.9,43.07,20.5,7.93,below_obs,1.1,1.1,0.15,0.9009999930622987,122,18,43,600,11,6,18,6,0,,,,,
1776798236,2026-04-21T19:03:56.000Z,Buenos Aires,2026-04-21,0x1ce48868d45fb73c88ab4c6c6fcb72693800d914ceba75fa89fd0ecaf80b18cb,exact,15,15,21.9,43.07,20.5,7.93,above_obs,-6.9,6.9,0.001,0.999,79502,137200,0,26,11,18,6,18,0,,,,,
1776798236,2026-04-21T19:03:56.000Z,Buenos Aires,2026-04-21,0x40f69f7e520e84cbf322567685dc10f11b7725f9c54bf0cb421d3f918383e713,exact,22,22,21.9,43.07,20.5,7.93,below_obs,0.1,0.1,0.399,0.881,154,132,82,481,11,2,20,4,0,,,,,
1776798236,2026-04-21T19:03:56.000Z,Buenos Aires,2026-04-21,0x4d011660b577532089fab9764ce3bfcbc383d5a355af07994aa767461941c794,or_below,,13,21.9,43.07,20.5,7.93,above_obs,-8.9,8.9,0.0064488,0.999,73818,64572,0,55,11,22,16,19,0,,,,,
1776798236,2026-04-21T19:03:56.000Z,Buenos Aires,2026-04-21,0x50757bbef09ec4676ac2e8c0c018598837b063e9b72e3fd834226fdefed278f0,exact,21,21,21.9,43.07,20.5,7.93,above_obs,-0.9,0.9,0.7838660578386606,0.48,56,98,136,248,11,4,22,2,1,NO,0.8650549595761806,715.2390236634948,,open
1776798236,2026-04-21T19:03:56.000Z,Buenos Aires,2026-04-21,0x705d1650bf42ab4520656c680e063532b66c6c427cdd81d6eaadbf53b90ae7c4,exact,18,18,21.9,43.07,20.5,7.93,above_obs,-3.9,3.9,0.002,0.998,101722,101814,0,99,11,12,11,9,0,,,,,
1776798236,2026-04-21T19:03:56.000Z,Buenos Aires,2026-04-21,0x900dd88e6aa0c9fb8cbd96b22bdcc201fef68b9d6db300e386597b1bfb52897f,exact,14,14,21.9,43.07,20.5,7.93,above_obs,-7.9,7.9,0.001,0.999,59152,57718,0,72,11,20,7,20,0,,,,,
1776798236,2026-04-21T19:03:56.000Z,Buenos Aires,2026-04-21,0xa360eafc75cf053aaf67eee412f739d91cef7cdca40c456ac2fe8c8e11f93a66,exact,19,19,21.9,43.07,20.5,7.93,above_obs,-2.9,2.9,0.001,0.999,12952,10778,0,84,11,10,8,21,0,,,,,
1776798236,2026-04-21T19:03:56.000Z,Buenos Aires,2026-04-21,0xc4e30ef6ef4a5490172e67efe95146057ac0dc381d1c6e1a399501c29634b9db,exact,16,16,21.9,43.07,20.5,7.93,above_obs,-5.9,5.9,0.003,0.999,79502,48170,0,61,11,16,14,22,0,,,,,
1776798236,2026-04-21T19:03:56.000Z,Buenos Aires,2026-04-21,0xd220e8faaf3c3032c8505426657fcad982afa488459be59e1978fc42d89c2a67,exact,17,17,21.9,43.07,20.5,7.93,above_obs,-4.9,4.9,0.002,0.998,119776,119768,0,81,11,14,12,10,0,,,,,
1776794330,2026-04-21T17:58:50.000Z,Sao Paulo,2026-04-21,0x0fa7293536bceaf379cf7b065fe780f3cd347a00c86067c5bcf1cb70838787a9,exact,32,32,26.9,24.98,26.4,9.02,below_obs,5.1,5.1,0.001,0.999,21478,16486,0,93,11,10,1,5,0,,,,,
1776794330,2026-04-21T17:58:50.000Z,Sao Paulo,2026-04-21,0x342b7b55c12fa8f706a1852bcbee4380a8c3768fa73de48f81b440e653583c06,exact,27,27,26.9,24.98,26.4,9.02,below_obs,0.1,0.1,0.2112792033703562,0.91,228,184,59,461,11,1,10,3,0,,,,,
1776794330,2026-04-21T17:58:50.000Z,Sao Paulo,2026-04-21,0x47300399524eebd42f8155f2e3b287899d15ae2ded4f1ce74e574b8151f0fd7b,exact,31,31,26.9,24.98,26.4,9.02,below_obs,4.1,4.1,0.001,0.999,226,226,15,144,11,9,2,6,0,,,,,
1776794330,2026-04-21T17:58:50.000Z,Sao Paulo,2026-04-21,0x55d288dc2f8ea0647200dc0e4755e18e52722e7275a3f0b4a4b74ba68fbe97e4,exact,24,24,26.9,24.98,26.4,9.02,above_obs,-2.9,2.9,0.02,0.999,5130,1226,4,251,11,6,8,7,0,,,,,
1776794330,2026-04-21T17:58:50.000Z,Sao Paulo,2026-04-21,0x8565110ea19994994f5ae8864d6cc28eb3b5b442fc6cfa252f18395c8a0fc508,exact,30,30,26.9,24.98,26.4,9.02,below_obs,3.1,3.1,0.001,0.999,226,226,15,144,11,7,3,8,0,,,,,
1776794330,2026-04-21T17:58:50.000Z,Sao Paulo,2026-04-21,0x8e1643dad28f3deeff105ff2f2614232a2747c2a38508897d77e77c703b19e0a,or_below,,23,26.9,24.98,26.4,9.02,above_obs,-3.9,3.9,0.001,0.999,7206,7174,0,120,11,8,4,9,0,,,,,
1776794330,2026-04-21T17:58:50.000Z,Sao Paulo,2026-04-21,0xae4449453f37a8e10908464efffa46d7f60ec25d2a19602153769f6830e1eb4b,exact,29,29,26.9,24.98,26.4,9.02,below_obs,2.1,2.1,0.001,0.999,226,226,15,165,11,5,5,10,0,,,,,
1776794330,2026-04-21T17:58:50.000Z,Sao Paulo,2026-04-21,0xc72e2b8387649460e33264ec676d9eac222259613dde94304210e4e416d1a7a1,exact,28,28,26.9,24.98,26.4,9.02,below_obs,1.1,1.1,0.002,0.998,226,226,18,308,11,3,7,4,0,,,,,
1776794330,2026-04-21T17:58:50.000Z,Sao Paulo,2026-04-21,0xce227105a4814d879999380e18b9aa740881e22d6416c66e273854b7ef1fc605,exact,26,26,26.9,24.98,26.4,9.02,above_obs,-0.9,0.9,0.7609411552774984,0.32,104,22,30,80,11,2,11,1,1,YES,0.7693944207286806,3.846972103643403,0.9030278963565972,closed
1776794330,2026-04-21T17:58:50.000Z,Sao Paulo,2026-04-21,0xf42f6e9478585ff891d483ada7ab84714d03522e36c4cfc4de8a74dd40def93c,exact,33,33,26.9,24.98,26.4,9.02,below_obs,6.1,6.1,0.001,0.999,5212,5536,0,27,11,11,6,11,0,,,,,
1776794330,2026-04-21T17:58:50.000Z,Sao Paulo,2026-04-21,0xf63a35ac8b7ec011aebcff09eacb2289af028ba81bcd6fa4130b0f149ec84862,exact,25,25,26.9,24.98,26.4,9.02,above_obs,-1.9,1.9,0.205,0.829,226,58,54,358,11,4,9,2,0,,,,,
1772726513,2026-03-05T16:01:53.000Z,Toronto,2026-03-05,0x77686f7c4d47de1ee8464c2d5eb980dc14fd99ae70fdfdc3f754a58b58e97da6,exact,5,5,3.2,19.03,1.7,12.97,below_obs,1.8,1.8,0.159209,0.76,10,612,85,189,2,2,1,2,1,YES,0.99,915.75,,open
1772726513,2026-03-05T16:01:53.000Z,Toronto,2026-03-05,0xf69f0a78b384d7d68f4e5e3b574397e13aebaf451536fb9edce0b014f835ab24,exact,4,4,3.2,19.03,1.7,12.97,below_obs,0.8,0.8,0.48060938452163315,0.6100022531818419,240,8,105,191,2,1,2,1,0,,,,,
1772807271,2026-03-06T14:27:51.000Z,Paris,2026-03-06,0xc949eac2de9a933a7ee9836d7f9dd0e4bd20769f15bd3a9ccce5c056e784b6c0,exact,16,16,17.5,0.46,17.5,8.54,above_obs,-1.5,1.5,0.679,0.399,4,42,239,389,1,1,1,1,1,NO,0.9864178316621673,1636.98012,,open
1772902541,2026-03-07T16:55:41.000Z,Sao Paulo,2026-03-07,0x4262ccd2cd9e20150e65c79b5449e81e3a580d6e2ce86e76e2c65dc723668b96,or_below,,25,29.1,23.93,24.6,10.07,above_obs,-4.1,4.1,0.25,0.75,288,162,59,171,1,1,1,1,1,NO,0.9630759099999999,963.0759099999999,,open
1774701127,2026-03-28T12:32:07.000Z,Warsaw,2026-03-28,0x1bc1e6cd10f8f8e00ef6a14d357a5bc421cbd53f0811afbc5121ee10c2e20c26,exact,14,14,13.4,0.54,13.4,10.46,below_obs,0.6,0.6,0.530982,0.5,56,58,43,326,11,2,10,1,0,,,,,
1774701127,2026-03-28T12:32:07.000Z,Warsaw,2026-03-28,0x482c733f5728a1d5fdc3cc7f7bfac66a1916a01f2959cbb0afd0988235c3f535,exact,13,13,13.4,0.54,13.4,10.46,above_obs,-0.4,0.4,0.069,0.9801029604118416,366,1850,33,339,11,1,8,3,1,NO,0.9899446596568898,536.649,,open
1774701127,2026-03-28T12:32:07.000Z,Warsaw,2026-03-28,0x7b531a292941ad7afde0e0a8b7d7c701ff577d527febbe505501190381c42e4e,exact,17,17,13.4,0.54,13.4,10.46,below_obs,3.6,3.6,0.01,0.998000007984,366,452,39,269,11,8,5,4,0,,,,,
1774701127,2026-03-28T12:32:07.000Z,Warsaw,2026-03-28,0x80edc1ed6fc1d2701585297a23be2b2ac04bfa0056718ceed6abad3caf8715bd,exact,10,10,13.4,0.54,13.4,10.46,above_obs,-3.4,3.4,0.00705294160960165,0.999,8278,3934,0,206,11,7,4,5,0,,,,,
1774701127,2026-03-28T12:32:07.000Z,Warsaw,2026-03-28,0xa1d032834df7798ca879fa515318386f9d83e140cd90c2d5f423e05f00f4bdbf,or_below,,7,13.4,0.54,13.4,10.46,above_obs,-6.4,6.4,0.001,0.999,16720,29124,0,151,11,11,1,6,0,,,,,
1774701127,2026-03-28T12:32:07.000Z,Warsaw,2026-03-28,0xb5c4ede6c07b565eeefd2f8250f84ca26cf2ad9ed72961227dc3050a8a512557,exact,9,9,13.4,0.54,13.4,10.46,above_obs,-4.4,4.4,0.001,0.999,14536,3914,0,196,11,9,2,7,0,,,,,
1774701127,2026-03-28T12:32:07.000Z,Warsaw,2026-03-28,0xb9f28fc42c7a34a944b10460e59d107e1fd27c474eb728bd60130ae49a5c6f47,exact,16,16,13.4,0.54,13.4,10.46,below_obs,2.6,2.6,,,,,0,0,11,6,,,0,,,,,
1774701127,2026-03-28T12:32:07.000Z,Warsaw,2026-03-28,0xbcbc2a8ecfc481475c1945409a49675b03819bfb095c3d1bc357e5317a22eca3,exact,8,8,13.4,0.54,13.4,10.46,above_obs,-5.4,5.4,0.001,0.999,16720,20136,0,169,11,10,3,8,0,,,,,
1774701127,2026-03-28T12:32:07.000Z,Warsaw,2026-03-28,0xc135dd887e9c051c7a02ab5603379a9559e41770eb7ee45b0816e7cc7d20bee2,exact,12,12,13.4,0.54,13.4,10.46,above_obs,-1.4,1.4,0.016,0.999,4440,468,9,541,11,3,7,9,0,,,,,
1774701127,2026-03-28T12:32:07.000Z,Warsaw,2026-03-28,0xf9a69634aaa98557b49963e171fede1330140a965058572e4f4384e9c182c174,exact,15,15,13.4,0.54,13.4,10.46,below_obs,1.6,1.6,0.44,0.53,24,134,22,306,11,4,9,2,0,,,,,
1774701127,2026-03-28T12:32:07.000Z,Warsaw,2026-03-28,0xffcd921ef40c605b18a239f799c5cdeaa60e436413abb0ee07253150d0ece5fe,exact,11,11,13.4,0.54,13.4,10.46,above_obs,-2.4,2.4,0.010890011094852204,0.999,15928,3500,1,258,11,5,6,10,0,,,,,
1774702929,2026-03-28T13:02:09.000Z,Warsaw,2026-03-28,0x1bc1e6cd10f8f8e00ef6a14d357a5bc421cbd53f0811afbc5121ee10c2e20c26,exact,14,14,14.3,0.04,14.3,9.96,above_obs,-0.3,0.3,0.13,0.8898140699268366,118,126,105,403,11,1,9,3,1,NO,0.9749472519259518,678.3293000000002,,open
1774702929,2026-03-28T13:02:09.000Z,Warsaw,2026-03-28,0x482c733f5728a1d5fdc3cc7f7bfac66a1916a01f2959cbb0afd0988235c3f535,exact,13,13,14.3,0.04,14.3,9.96,above_obs,-1.3,1.3,0.001,0.999,1146,766,45,372,11,3,1,5,0,,,,,
1774702929,2026-03-28T13:02:09.000Z,Warsaw,2026-03-28,0x7b531a292941ad7afde0e0a8b7d7c701ff577d527febbe505501190381c42e4e,exact,17,17,14.3,0.04,14.3,9.96,below_obs,2.7,2.7,0.024,0.9891267506491265,466,526,36,283,11,6,8,4,0,,,,,
1774702929,2026-03-28T13:02:09.000Z,Warsaw,2026-03-28,0x80edc1ed6fc1d2701585297a23be2b2ac04bfa0056718ceed6abad3caf8715bd,exact,10,10,14.3,0.04,14.3,9.96,above_obs,-4.3,4.3,0.00705294160960165,0.999,10080,5736,0,206,11,8,5,6,0,,,,,
1774702929,2026-03-28T13:02:09.000Z,Warsaw,2026-03-28,0xa1d032834df7798ca879fa515318386f9d83e140cd90c2d5f423e05f00f4bdbf,or_below,,7,14.3,0.04,14.3,9.96,above_obs,-7.3,7.3,0.001,0.999,18522,30926,0,151,11,11,2,7,0,,,,,
1774702929,2026-03-28T13:02:09.000Z,Warsaw,2026-03-28,0xb5c4ede6c07b565eeefd2f8250f84ca26cf2ad9ed72961227dc3050a8a512557,exact,9,9,14.3,0.04,14.3,9.96,above_obs,-5.3,5.3,0.001,0.999,16338,5716,0,196,11,9,3,8,0,,,,,
1774702929,2026-03-28T13:02:09.000Z,Warsaw,2026-03-28,0xb9f28fc42c7a34a944b10460e59d107e1fd27c474eb728bd60130ae49a5c6f47,exact,16,16,14.3,0.04,14.3,9.96,below_obs,1.7,1.7,0.1378955223880597,0.868406779661017,194,222,23,23,11,4,10,2,0,,,,,
1774702929,2026-03-28T13:02:09.000Z,Warsaw,2026-03-28,0xbcbc2a8ecfc481475c1945409a49675b03819bfb095c3d1bc357e5317a22eca3,exact,8,8,14.3,0.04,14.3,9.96,above_obs,-6.3,6.3,0.001,0.999,18522,21938,0,169,11,10,4,9,0,,,,,
1774702929,2026-03-28T13:02:09.000Z,Warsaw,2026-03-28,0xc135dd887e9c051c7a02ab5603379a9559e41770eb7ee45b0816e7cc7d20bee2,exact,12,12,14.3,0.04,14.3,9.96,above_obs,-2.3,2.3,0.016,0.999,6242,870,4,544,11,5,7,10,0,,,,,
1774702929,2026-03-28T13:02:09.000Z,Warsaw,2026-03-28,0xf9a69634aaa98557b49963e171fede1330140a965058572e4f4384e9c182c174,exact,15,15,14.3,0.04,14.3,9.96,below_obs,0.7,0.7,0.69,0.32,236,68,44,336,11,2,11,1,0,,,,,
1774702929,2026-03-28T13:02:09.000Z,Warsaw,2026-03-28,0xffcd921ef40c605b18a239f799c5cdeaa60e436413abb0ee07253150d0ece5fe,exact,11,11,14.3,0.04,14.3,9.96,above_obs,-3.3,3.3,0.010890011094852204,0.999,17730,1698,1,259,11,7,6,11,0,,,,,
1774760554,2026-03-29T05:02:34.000Z,Tokyo,2026-03-29,0x010ab3f660f55d4f1ad5fb8b7fd74e61794260f7ee8f2491863cbf4aa0d04def,exact,20,20,20.2,0.04,20.2,9.96,above_obs,-0.2,0.2,0.39,0.52,34,100,105,758,11,1,11,1,1,NO,0.9323249343564983,2382.5284000000006,,open
1774760554,2026-03-29T05:02:34.000Z,Tokyo,2026-03-29,0x0f0df6cc2f7de34a652ef3376779cb9f0a76e887c2120c1d7d631b8b83baffc0,exact,13,13,20.2,0.04,20.2,9.96,above_obs,-7.2,7.2,0.001,0.999,63931,62771,0,249,11,10,1,6,0,,,,,
1774760554,2026-03-29T05:02:34.000Z,Tokyo,2026-03-29,0x127660e15f17cad65160a4e2343a6d1f1b51213528b3fd1e4ed5c9d630498693,exact,18,18,20.2,0.04,20.2,9.96,above_obs,-2.2,2.2,0.009108,0.979,162,28,115,940,11,5,7,5,0,,,,,
1774760554,2026-03-29T05:02:34.000Z,Tokyo,2026-03-29,0x19609d59fad0ecdeb2d19ee3192318dd15a94ee8f062ddf7dd474f1bc7b12b7d,exact,15,15,20.2,0.04,20.2,9.96,above_obs,-5.2,5.2,0.001,0.999,11264,21492,0,264,11,8,2,7,0,,,,,
1774760554,2026-03-29T05:02:34.000Z,Tokyo,2026-03-29,0x1d5ad7048b810986d44824f9428df89a2091478dca8da55b15b3baf5003136a4,exact,22,22,20.2,0.04,20.2,9.96,below_obs,1.8,1.8,0.049,0.9557592917816565,152,102,68,692,11,4,8,3,0,,,,,
1774760554,2026-03-29T05:02:34.000Z,Tokyo,2026-03-29,0x264bdfff82f7aa0e0d42c0a40492fbbc272a393c8bf6d72a8a358e9313020ebc,exact,19,19,20.2,0.04,20.2,9.96,above_obs,-1.2,1.2,0.15,0.9674821029650691,42,4,125,938,11,3,9,4,0,,,,,
1774760554,2026-03-29T05:02:34.000Z,Tokyo,2026-03-29,0x26606f9b0bc9b53d297d64fbfe3adb4d5513bb655bf770f5ff1a9416366a6bab,exact,16,16,20.2,0.04,20.2,9.96,above_obs,-4.2,4.2,0.002,0.999,14214,12966,0,368,11,7,5,8,0,,,,,
1774760554,2026-03-29T05:02:34.000Z,Tokyo,2026-03-29,0x6ecddc411e05dc83f837d83aa4b01bb2030a82784de1268f0365c9d04b298c0b,exact,14,14,20.2,0.04,20.2,9.96,above_obs,-6.2,6.2,0.001,0.999,62541,62763,0,227,11,9,3,9,0,,,,,
1774760554,2026-03-29T05:02:34.000Z,Tokyo,2026-03-29,0x9eb0725ef13088d8140e662df4c3e5c5ed921f060dcf13925a4a582fb280c927,exact,17,17,20.2,0.04,20.2,9.96,above_obs,-3.2,3.2,0.005,0.999,7656,7004,0,55,11,6,6,10,0,,,,,
1774760554,2026-03-29T05:02:34.000Z,Tokyo,2026-03-29,0xbe8f52e4157b50d718d2bfd8b4bb6622a1e1418c861d8540951e1625a74ef242,exact,21,21,20.2,0.04,20.2,9.96,below_obs,0.8,0.8,0.17927556379363607,0.648999792968859,16,148,103,858,11,2,10,2,0,,,,,
1774760554,2026-03-29T05:02:34.000Z,Tokyo,2026-03-29,0xf42e56a6c3a6253aa6ee29b39d24e6db89642afdbef70676e3e3e013b9c5f282,or_below,,12,20.2,0.04,20.2,9.96,above_obs,-8.2,8.2,0.001,0.999,82453,79911,0,193,11,11,4,11,0,,,,,
1774846970,2026-03-30T05:02:50.000Z,Tokyo,2026-03-30,0x096554cfa25f1d3671e59c23357c7d72c3dc84f498ba109548d2c5f50d253564,exact,13,13,20.2,24.05,19.4,9.95,above_obs,-7.2,7.2,0.001,0.999,30848,24184,0,32,11,10,1,5,0,,,,,
1774846970,2026-03-30T05:02:50.000Z,Tokyo,2026-03-30,0x14e822ec520b3071f7030864b7b9544aa1d519965dc0f15c8d8328c7c7d76596,exact,19,19,20.2,24.05,19.4,9.95,above_obs,-1.2,1.2,0.13,0.9354785156018567,42,16,132,344,11,3,10,3,1,NO,0.971234975121597,1389.7984000000001,,open
1774846970,2026-03-30T05:02:50.000Z,Tokyo,2026-03-30,0x1ee310f9a5f7bee2907b21a2e857a29fbabd1d5e7b48c01923710b0af2c21d68,exact,21,21,20.2,24.05,19.4,9.95,below_obs,0.8,0.8,0.1,0.9,40,34,80,80,11,2,9,2,0,,,,,
1774846970,2026-03-30T05:02:50.000Z,Tokyo,2026-03-30,0x286ada4ef51237e44841f28ace3cda200096ccd5b47817335cd9ba5b8741d827,exact,16,16,20.2,24.05,19.4,9.95,above_obs,-4.2,4.2,0.001,0.999,2390,680,5,241,11,7,2,6,0,,,,,
1774846970,2026-03-30T05:02:50.000Z,Tokyo,2026-03-30,0x33ab1213895d4bf60cbef86242be45f607bd9ef9d232050648f57c505216a4b4,exact,22,22,20.2,24.05,19.4,9.95,below_obs,1.8,1.8,0.018,0.98,40,144,88,224,11,4,8,4,0,,,,,
1774846970,2026-03-30T05:02:50.000Z,Tokyo,2026-03-30,0x43332f86812b401b9ab83f206bf14c27cc7774f8b7b120f8285cd2d8d0b222df,exact,17,17,20.2,24.05,19.4,9.95,above_obs,-3.2,3.2,0.001,0.999,5018,2352,4,173,11,6,3,7,0,,,,,
1774846970,2026-03-30T05:02:50.000Z,Tokyo,2026-03-30,0x4480566912b08ae702fc094f3684188e3e8ffda16909660264d907f0b07fc182,exact,18,18,20.2,24.05,19.4,9.95,above_obs,-2.2,2.2,0.01,0.999,5052,3088,1,144,11,5,7,8,0,,,,,
1774846970,2026-03-30T05:02:50.000Z,Tokyo,2026-03-30,0x768afa572a333d5c4698418423e97d4c8b732c57f2356a862736c8ff4fc331a6,exact,15,15,20.2,24.05,19.4,9.95,above_obs,-5.2,5.2,0.001,0.999,5526,12246,0,83,11,8,4,9,0,,,,,
1774846970,2026-03-30T05:02:50.000Z,Tokyo,2026-03-30,0xb34a5267f2c4e67f9c6857dd98f9e625001405136d15b205797128414f720883,exact,20,20,20.2,24.05,19.4,9.95,above_obs,-0.2,0.2,0.68,0.6,10,190,104,104,11,1,11,1,0,,,,,
1774846970,2026-03-30T05:02:50.000Z,Tokyo,2026-03-30,0xea7131bbe1b3f9b2ef34157d09232c0c9c5e91cc62026c4a0e2f53b1f1222297,exact,14,14,20.2,24.05,19.4,9.95,above_obs,-6.2,6.2,0.001,0.999,30786,24190,0,29,11,9,5,10,0,,,,,
1774846970,2026-03-30T05:02:50.000Z,Tokyo,2026-03-30,0xf2498952cb81a5413bd6de74f8674d621e06c1e7a6103ddcfd6d6e928b818546,or_below,,12,20.2,24.05,19.4,9.95,above_obs,-8.2,8.2,0.001,0.999,33266,27816,0,19,11,11,6,11,0,,,,,
1774877659,2026-03-30T13:34:19.000Z,Madrid,2026-03-30,0x144296d1651b1df769668bba7c765a3ed765c908f3d18da2b44c97dd73c7321c,exact,15,15,17.8,0.57,17.8,8.43,above_obs,-2.8,2.8,0.002,0.999,3839,150,16,320,11,11,9,11,0,,,,,
1774877659,2026-03-30T13:34:19.000Z,Madrid,2026-03-30,0x38eb2074bd6505d61abe02bca2de13cceb4f8b995744baa3e3f68c3d639d61f6,exact,24,24,17.8,0.57,17.8,8.43,below_obs,6.2,6.2,0.001,0.999,176,4705,1,224,11,21,1,12,0,,,,,
1774877659,2026-03-30T13:34:19.000Z,Madrid,2026-03-30,0x54bf7874411858c35de18f463b9bc2cda61c7294cfcd0c708099adc98f6c2744,or_below,,14,17.8,0.57,17.8,8.43,above_obs,-3.8,3.8,0.0016466828971393793,0.999,6881,3037,1,441,11,15,7,13,0,,,,,
1774877659,2026-03-30T13:34:19.000Z,Madrid,2026-03-30,0x6efeb9bc306f6d64ca4bd0cadce99cbc0a7a5e8fb47e0bcb78e5dd2ca4ae6107,exact,22,22,17.8,0.57,17.8,8.43,below_obs,4.2,4.2,0.004,0.999,184,1093,10,284,11,17,11,14,0,,,,,
1774877659,2026-03-30T13:34:19.000Z,Madrid,2026-03-30,0x98f5a945d19198d1fc3cd24a0a5efb0092fd37cf51bba7e0e5c700796e2bbd29,exact,21,21,17.8,0.57,17.8,8.43,below_obs,3.2,3.2,0.012,0.9889999999063444,1331,321,26,338,11,13,15,7,0,,,,,
1774877659,2026-03-30T13:34:19.000Z,Madrid,2026-03-30,0xaee75c27c7769b54f616ba9559d87a4aad073a6f13a84a85942301121eac2ed9,exact,20,20,17.8,0.57,17.8,8.43,below_obs,2.2,2.2,0.1,0.9,184,184,42,42,11,9,17,3,0,,,,,
1774877659,2026-03-30T13:34:19.000Z,Madrid,2026-03-30,0xbd38366826478923a4f17ee2fa8fd02f83215157d2b42cc8bd290be6f599af27,exact,18,18,17.8,0.57,17.8,8.43,below_obs,0.2,0.2,0.32,0.97,74,2,33,432,11,1,19,5,1,NO,0.9842383957074984,656.6937,,open
1774877659,2026-03-30T13:34:19.000Z,Madrid,2026-03-30,0xcaf70553ff7a4dbce55bba14ec4923843a711c9edb8d6c560d27f401851fc125,exact,17,17,17.8,0.57,17.8,8.43,above_obs,-0.8,0.8,0.01,0.99,40,4,65,426,11,3,13,9,0,,,,,
1774877659,2026-03-30T13:34:19.000Z,Madrid,2026-03-30,0xd855184143f7e18103f6e154210019dfe8d60609acfed249aa0eb0c8019ea37e,exact,23,23,17.8,0.57,17.8,8.43,below_obs,5.2,5.2,0.001,0.999,174,2539,5,215,11,19,2,15,0,,,,,
1774877659,2026-03-30T13:34:19.000Z,Madrid,2026-03-30,0xf2bb645246bb79cb5f93fa68fa57ad4696713fa02c8385a980db0af8b3fb94b1,exact,16,16,17.8,0.57,17.8,8.43,above_obs,-1.8,1.8,0.001,0.999,1881,306,27,359,11,7,3,16,0,,,,,
1774877659,2026-03-30T13:34:19.000Z,Madrid,2026-03-30,0xfebb11ce6f9406160fc4d6bc837395160f651d916b119a76b35e10cb6102cde8,exact,19,19,17.8,0.57,17.8,8.43,below_obs,1.2,1.2,0.67125,0.5483419699943954,132,1015,34,34,11,5,21,1,0,,,,,
1774877659,2026-03-30T13:34:19.000Z,Madrid,2026-03-30,0x144296d1651b1df769668bba7c765a3ed765c908f3d18da2b44c97dd73c7321c,exact,15,15,17.8,0.57,17.8,8.43,above_obs,-2.8,2.8,0.002,0.999,3839,150,16,320,11,12,10,17,0,,,,,
1774877659,2026-03-30T13:34:19.000Z,Madrid,2026-03-30,0x38eb2074bd6505d61abe02bca2de13cceb4f8b995744baa3e3f68c3d639d61f6,exact,24,24,17.8,0.57,17.8,8.43,below_obs,6.2,6.2,0.001,0.999,176,4705,1,224,11,22,4,18,0,,,,,
1774877659,2026-03-30T13:34:19.000Z,Madrid,2026-03-30,0x54bf7874411858c35de18f463b9bc2cda61c7294cfcd0c708099adc98f6c2744,or_below,,14,17.8,0.57,17.8,8.43,above_obs,-3.8,3.8,0.0016466828971393793,0.999,6881,3037,1,441,11,16,8,19,0,,,,,
1774877659,2026-03-30T13:34:19.000Z,Madrid,2026-03-30,0x6efeb9bc306f6d64ca4bd0cadce99cbc0a7a5e8fb47e0bcb78e5dd2ca4ae6107,exact,22,22,17.8,0.57,17.8,8.43,below_obs,4.2,4.2,0.004,0.999,184,1093,10,284,11,18,12,20,0,,,,,
1774877659,2026-03-30T13:34:19.000Z,Madrid,2026-03-30,0x98f5a945d19198d1fc3cd24a0a5efb0092fd37cf51bba7e0e5c700796e2bbd29,exact,21,21,17.8,0.57,17.8,8.43,below_obs,3.2,3.2,0.012,0.9889999999063444,1331,321,26,338,11,14,16,8,0,,,,,
1774877659,2026-03-30T13:34:19.000Z,Madrid,2026-03-30,0xaee75c27c7769b54f616ba9559d87a4aad073a6f13a84a85942301121eac2ed9,exact,20,20,17.8,0.57,17.8,8.43,below_obs,2.2,2.2,0.1,0.9,184,184,42,42,11,10,18,4,0,,,,,
1774877659,2026-03-30T13:34:19.000Z,Madrid,2026-03-30,0xbd38366826478923a4f17ee2fa8fd02f83215157d2b42cc8bd290be6f599af27,exact,18,18,17.8,0.57,17.8,8.43,below_obs,0.2,0.2,0.32,0.97,74,2,33,432,11,2,20,6,0,,,,,
1774877659,2026-03-30T13:34:19.000Z,Madrid,2026-03-30,0xcaf70553ff7a4dbce55bba14ec4923843a711c9edb8d6c560d27f401851fc125,exact,17,17,17.8,0.57,17.8,8.43,above_obs,-0.8,0.8,0.01,0.99,40,4,65,426,11,4,14,10,1,NO,0.993184307385367,866.1858300000001,,open
1774877659,2026-03-30T13:34:19.000Z,Madrid,2026-03-30,0xd855184143f7e18103f6e154210019dfe8d60609acfed249aa0eb0c8019ea37e,exact,23,23,17.8,0.57,17.8,8.43,below_obs,5.2,5.2,0.001,0.999,174,2539,5,215,11,20,5,21,0,,,,,
1774877659,2026-03-30T13:34:19.000Z,Madrid,2026-03-30,0xf2bb645246bb79cb5f93fa68fa57ad4696713fa02c8385a980db0af8b3fb94b1,exact,16,16,17.8,0.57,17.8,8.43,above_obs,-1.8,1.8,0.001,0.999,1881,306,27,359,11,8,6,22,0,,,,,
1774877659,2026-03-30T13:34:19.000Z,Madrid,2026-03-30,0xfebb11ce6f9406160fc4d6bc837395160f651d916b119a76b35e10cb6102cde8,exact,19,19,17.8,0.57,17.8,8.43,below_obs,1.2,1.2,0.67125,0.5483419699943954,132,1015,34,34,11,6,22,2,0,,,,,
1775156655,2026-04-02T19:04:15.000Z,Buenos Aires,2026-04-02,0x1542868f5aeb4ba7237283f715aeacc48f559f412ae1660053cdf80c35f88c00,exact,32,32,27.5,2.07,26.5,7.93,below_obs,4.5,4.5,0.001,0.999,3228,132,11,533,11,9,1,6,0,,,,,
1775156655,2026-04-02T19:04:15.000Z,Buenos Aires,2026-04-02,0x2115061d92b48769f1923bd530a736e333f5c890c8d803aa0db803f875259462,exact,25,25,27.5,2.07,26.5,7.93,above_obs,-2.5,2.5,0.02,0.999,10844,1744,3,635,11,5,9,7,0,,,,,
1775156655,2026-04-02T19:04:15.000Z,Buenos Aires,2026-04-02,0x28f369e52b7edf1c76c6327dd4ee4f774ded576256878e61e024ea8b4698b180,or_below,,23,27.5,2.07,26.5,7.93,above_obs,-4.5,4.5,0.01,0.97,373127,373513,0,14,11,10,7,3,0,,,,,
1775156655,2026-04-02T19:04:15.000Z,Buenos Aires,2026-04-02,0x37433682a2ad0a833a721d8d30604863294317443f6e5d00046f875aab8f5754,exact,33,33,27.5,2.07,26.5,7.93,below_obs,5.5,5.5,0.001,0.999,3228,132,14,546,11,11,2,8,0,,,,,
1775156655,2026-04-02T19:04:15.000Z,Buenos Aires,2026-04-02,0x53c9dda27d2a13dcf83511ae83215395528fdbcb4d8980c08644f40cb5430d97,exact,30,30,27.5,2.07,26.5,7.93,below_obs,2.5,2.5,0.005,0.997,258,132,26,742,11,6,5,4,0,,,,,
1775156655,2026-04-02T19:04:15.000Z,Buenos Aires,2026-04-02,0x55712681504838e977de0512427aa9eb5d2cb9c094cef287b2efc52f8d1afeeb,exact,28,28,27.5,2.07,26.5,7.93,below_obs,0.5,0.5,0.8099999756999036,0.27,18,634,63,890,11,1,11,1,0,,,,,
1775156655,2026-04-02T19:04:15.000Z,Buenos Aires,2026-04-02,0x8a6345dd3cffb6e7d0a44794f8bfdd0cfc846b9157b2d93d0c73393af9daa8fe,exact,29,29,27.5,2.07,26.5,7.93,below_obs,1.5,1.5,0.275,0.7638679512609804,100,132,37,897,11,3,10,2,1,NO,0.8170167191065061,110.51285145121615,,open
1775156655,2026-04-02T19:04:15.000Z,Buenos Aires,2026-04-02,0x93848b9404806348bcfefc9d536f9793ec02e300b7cbe234c835aa588229ad61,exact,31,31,27.5,2.07,26.5,7.93,below_obs,3.5,3.5,0.006,0.998,3186,132,19,633,11,7,6,5,0,,,,,
1775156655,2026-04-02T19:04:15.000Z,Buenos Aires,2026-04-02,0xb443701b866788ed9b3f0b0568a6bb99ffcfc89609ba0ee36c02440331cb06e6,exact,24,24,27.5,2.07,26.5,7.93,above_obs,-3.5,3.5,0.010827857211258332,0.999,12918,7774,0,598,11,8,8,9,0,,,,,
1775156655,2026-04-02T19:04:15.000Z,Buenos Aires,2026-04-02,0xb9f80ec158e2fa5b0575186dd08bc3260a2c6c879e9896b9f9ac3941021d27a6,exact,27,27,27.5,2.07,26.5,7.93,above_obs,-0.5,0.5,0.001,0.999,6522,1728,3,935,11,2,3,10,0,,,,,
1775156655,2026-04-02T19:04:15.000Z,Buenos Aires,2026-04-02,0xe7db2a1a5eab687aa972632c6d6852b29ec9555196d31c2eb34dc860cb49bf98,exact,26,26,27.5,2.07,26.5,7.93,above_obs,-1.5,1.5,0.001,0.999,7206,1712,4,934,11,4,4,11,0,,,,,
1775176359,2026-04-03T00:32:39.000Z,Tokyo,2026-04-03,0x0b8e1d5efbf87e51776f092385dfd100ee2f8f3766e3af2e41b018485deaca95,exact,18,18,16.1,17.54,13.9,14.46,below_obs,1.9,1.9,0.3944457547169811,0.6,166,146,23,23,11,4,10,1,0,,,,,
1775176359,2026-04-03T00:32:39.000Z,Tokyo,2026-04-03,0x4beff1576ace848ac1cce747c15e86f39f0cd77f73d007833db66ff46a0f17b9,exact,12,12,16.1,17.54,13.9,14.46,above_obs,-4.1,4.1,0.002,0.999,34648,32858,0,166,11,9,3,7,0,,,,,
1775176359,2026-04-03T00:32:39.000Z,Tokyo,2026-04-03,0x539d78868c435cc384f22916467429454e15c678576f6d175067c2d402524e41,exact,21,21,16.1,17.54,13.9,14.46,below_obs,4.9,4.9,0.022,0.9795,114,118,21,286,11,10,7,4,0,,,,,
1775176359,2026-04-03T00:32:39.000Z,Tokyo,2026-04-03,0x54d3f8826feadc616d059764bc54af716533baf9c98dc7fcf744e1cb64bc46ef,exact,15,15,16.1,17.54,13.9,14.46,above_obs,-1.1,1.1,0.01,0.99,3010,12,43,338,11,3,5,5,1,NO,0.99,5500.658295,,open
1775176359,2026-04-03T00:32:39.000Z,Tokyo,2026-04-03,0x5a1434001e1d77b7748c4eae9e1de35758a9b356e680bb2fc5390f4fd5cc1798,exact,20,20,16.1,17.54,13.9,14.46,below_obs,3.9,3.9,0.1,0.91,676,14,24,323,11,8,8,3,0,,,,,
1775176359,2026-04-03T00:32:39.000Z,Tokyo,2026-04-03,0x6906b1de690f77b909409e94e4d1a64f7e39b79484557d10649a794b2a913ce3,exact,17,17,16.1,17.54,13.9,14.46,below_obs,0.9,0.9,0.2,0.82,332,270,45,411,11,2,9,2,0,,,,,
1775176359,2026-04-03T00:32:39.000Z,Tokyo,2026-04-03,0x84013b9f37aa11d5b47b08736a2354a2257278196571699717fc615177f37ad9,exact,13,13,16.1,17.54,13.9,14.46,above_obs,-3.1,3.1,0.002,0.999,16816,15972,0,184,11,7,4,8,0,,,,,
1775176359,2026-04-03T00:32:39.000Z,Tokyo,2026-04-03,0xa56f986807fd3835f9e07f502ebb95589cb92e8d0781a1be1abc17d082ddfc1a,exact,14,14,16.1,17.54,13.9,14.46,above_obs,-2.1,2.1,0.001,0.999,2810,1600,20,234,11,5,1,9,0,,,,,
1775176359,2026-04-03T00:32:39.000Z,Tokyo,2026-04-03,0xb5efc3e0dc30c3b82030d022cda891612d68a492bb0ffd766eb89ee01f7f3c90,exact,16,16,16.1,17.54,13.9,14.46,above_obs,-0.1,0.1,0.01,0.99,342,562,16,351,11,1,6,6,0,,,,,
1775176359,2026-04-03T00:32:39.000Z,Tokyo,2026-04-03,0xd072e7d2758c94bd8705dbbe219c275a508102e9ef063b656a0fbc82af9a402a,exact,19,19,16.1,17.54,13.9,14.46,below_obs,2.9,2.9,,,,,0,0,11,6,,,0,,,,,
1775176359,2026-04-03T00:32:39.000Z,Tokyo,2026-04-03,0xfdecca057af97a31bf3b02d7ebd14e2fea1aa1ba6dadd77bb5a5d4a355584d37,or_below,,11,16.1,17.54,13.9,14.46,above_obs,-5.1,5.1,0.001,0.999,41016,32884,0,147,11,11,2,10,0,,,,,
1775318669,2026-04-04T16:04:29.000Z,Madrid,2026-04-04,0x2a86a1ce98dee841e267dddfa2c85de0afcf63ab7e7baac5359ab37f8257b794,exact,25,25,24,1.07,23.9,5.92,below_obs,1,1,0.06,0.940887707097566,416,96,108,893,11,2,9,3,0,,,,,
1775318669,2026-04-04T16:04:29.000Z,Madrid,2026-04-04,0x3d8bb500630a23bc31c1faecef3da66b5d00da8d4e9b47fe1dddc6403568fb60,exact,23,23,24,1.07,23.9,5.92,above_obs,-1,1,0.3278867286559594,0.6942515967786725,6,180,136,277,11,3,10,2,1,YES,0.4175044760214409,102.81277349489795,,open
1775318669,2026-04-04T16:04:29.000Z,Madrid,2026-04-04,0x536726cc4f83b82fe466938f6070cd83b313d2c601eb9ffdc31010cd371d53ed,exact,20,20,24,1.07,23.9,5.92,above_obs,-4,4,0.001,0.999,16692,14152,0,460,11,8,1,6,0,,,,,
1775318669,2026-04-04T16:04:29.000Z,Madrid,2026-04-04,0x7688b4085d125af4b786fe9992f07c73918908cc36dba5662e5e1233afe94689,exact,19,19,24,1.07,23.9,5.92,above_obs,-5,5,0.001,0.999,32980,13494,0,342,11,9,2,7,0,,,,,
1775318669,2026-04-04T16:04:29.000Z,Madrid,2026-04-04,0x7b60d6e5f2a7a1624c11433a961b38a17d4fc656ac809aabca572b7c698bea9c,exact,18,18,24,1.07,23.9,5.92,above_obs,-6,6,0.001,0.999,21978,13504,0,306,11,10,3,8,0,,,,,
1775318669,2026-04-04T16:04:29.000Z,Madrid,2026-04-04,0x7e1ad4fa90f754f83e9b57bf302716de8bbdbfe5173ab938759384160c1549d0,exact,26,26,24,1.07,23.9,5.92,below_obs,2,2,0.014547169811320754,0.9889999999202419,348,152,72,773,11,4,7,4,0,,,,,
1775318669,2026-04-04T16:04:29.000Z,Madrid,2026-04-04,0x8042b56f14fe021b4703f5694f3f0a2ea07d9c3dd5dd1b1fc1b246fa244f722f,exact,21,21,24,1.07,23.9,5.92,above_obs,-3,3,0.02,0.999,11124,7496,0,535,11,6,8,9,0,,,,,
1775318669,2026-04-04T16:04:29.000Z,Madrid,2026-04-04,0xd55d4d5c50dda926d0b2354e50a342f71c2ec937aa1009a9811f3369f00331e8,exact,24,24,24,1.07,23.9,5.92,contains,0,0,0.62,0.36,6,108,114,906,11,1,11,1,0,,,,,
1775318669,2026-04-04T16:04:29.000Z,Madrid,2026-04-04,0xdb7e0bfc2f8e3e7e64d2f5ba828f59a3fdc742144a4ac0015b8d4943dfc2caf8,exact,22,22,24,1.07,23.9,5.92,above_obs,-2,2,0.001,0.999,3598,660,20,909,11,5,4,10,0,,,,,
1775318669,2026-04-04T16:04:29.000Z,Madrid,2026-04-04,0xf5bf5e6fcf5054fdeb89d1d538c0cd0985a94cb1a1337fc91e179f654a48ee60,or_below,,17,24,1.07,23.9,5.92,above_obs,-7,7,0.001,0.998,34090,112896,0,365,11,11,5,5,0,,,,,
1775318669,2026-04-04T16:04:29.000Z,Madrid,2026-04-04,0xf983951b2c38a6090584bca14a3957240041c1e8d7098883c4767b4df4159312,exact,27,27,24,1.07,23.9,5.92,below_obs,3,3,0.001,0.999,416,1034,58,649,11,7,6,11,0,,,,,
1775341321,2026-04-04T22:22:01.000Z,Amsterdam,2026-04-05,0x0cfa653fb00c0ee818e97da9b5440c6747134ec0b02bf9a59747239073f3741c,exact,15,15,15.1,6.37,13.2,23.63,above_obs,-0.1,0.1,,,,,0,0,11,1,,,0,,,,,
1775341321,2026-04-04T22:22:01.000Z,Amsterdam,2026-04-05,0x21c1aa05a0226290955056b3771199e1adfb38b5e615da55a12cd33ce0b50622,exact,10,10,15.1,6.37,13.2,23.63,above_obs,-5.1,5.1,0.004,0.9905987939424709,456,15678,2,41,11,8,4,5,0,,,,,
1775341321,2026-04-04T22:22:01.000Z,Amsterdam,2026-04-05,0x348046631f3b91d8233bc696c3d13f3881090b4608f07b64f89b845c8aaa1aa4,exact,12,12,15.1,6.37,13.2,23.63,above_obs,-3.1,3.1,0.03,0.9819999930565096,456,66,4,51,11,6,7,3,1,NO,0.9890957555005594,583.1890172412009,,open
1775341321,2026-04-04T22:22:01.000Z,Amsterdam,2026-04-05,0x4b3268e93a342763f786d215e9afe2da394f86ae543bcc1a5d1a61bb2b95646b,exact,11,11,15.1,6.37,13.2,23.63,above_obs,-4.1,4.1,0.008,0.992,456,198,2,36,11,7,5,6,0,,,,,
1775341321,2026-04-04T22:22:01.000Z,Amsterdam,2026-04-05,0x674d80170aaea6af08c6054c6b6aac80c779c3e8fa1f81b1dbf83879d9d65d74,exact,8,8,15.1,6.37,13.2,23.63,above_obs,-7.1,7.1,0.001,0.999,12212,1134,3,41,11,10,1,7,0,,,,,
1775341321,2026-04-04T22:22:01.000Z,Amsterdam,2026-04-05,0x7e2feabe723e903dec42f9d2c5767a75b4d5400112f31527ade64685c1f341c1,exact,17,17,15.1,6.37,13.2,23.63,below_obs,1.9,1.9,0.01,0.99,456,198,2,63,11,4,6,4,0,,,,,
1775341321,2026-04-04T22:22:01.000Z,Amsterdam,2026-04-05,0x7ee6fe52d82e19f15c88b83ebb11de4a1f4a8d3a8a36528ce22f125b02fe04ec,exact,14,14,15.1,6.37,13.2,23.63,above_obs,-1.1,1.1,0.5082191031919581,0.49,458,198,14,69,11,3,9,1,0,,,,,
1775341321,2026-04-04T22:22:01.000Z,Amsterdam,2026-04-05,0x94dca0f684cbe67c808f566146a239beb5d85b1bb07e017d29d9702e0e615aab,exact,13,13,15.1,6.37,13.2,23.63,above_obs,-2.1,2.1,0.3,0.98,456,8,7,43,11,5,8,2,0,,,,,
1775341321,2026-04-04T22:22:01.000Z,Amsterdam,2026-04-05,0xc50359183ce225c6ced3c61a4fea97d34302bb62bdfa527314be32993cfd421a,exact,9,9,15.1,6.37,13.2,23.63,above_obs,-6.1,6.1,0.002,0.999,12212,1608,3,40,11,9,3,8,0,,,,,
1775341321,2026-04-04T22:22:01.000Z,Amsterdam,2026-04-05,0xc89592192e5380bbe35c4821fc199b1053a7941e96cd9408ddf0c18d46508471,exact,16,16,15.1,6.37,13.2,23.63,below_obs,0.9,0.9,,,,,0,0,11,2,,,0,,,,,
1775341321,2026-04-04T22:22:01.000Z,Amsterdam,2026-04-05,0xe1499466cab864585c2b281a5af2a7948d3f0af1db4f5d257ad38dc1c623fe9e,or_below,,7,15.1,6.37,13.2,23.63,above_obs,-8.1,8.1,0.001,0.999,32340,25268,0,32,11,11,2,9,0,,,,,
1775341341,2026-04-04T22:22:21.000Z,Amsterdam,2026-04-05,0x0cfa653fb00c0ee818e97da9b5440c6747134ec0b02bf9a59747239073f3741c,exact,15,15,15.1,6.37,13.2,23.63,above_obs,-0.1,0.1,,,,,0,0,11,1,,,0,,,,,
1775341341,2026-04-04T22:22:21.000Z,Amsterdam,2026-04-05,0x21c1aa05a0226290955056b3771199e1adfb38b5e615da55a12cd33ce0b50622,exact,10,10,15.1,6.37,13.2,23.63,above_obs,-5.1,5.1,0.004,0.9905987939424709,476,15698,2,41,11,8,4,4,1,NO,0.9977962897526502,564.690477423371,,open
1775341341,2026-04-04T22:22:21.000Z,Amsterdam,2026-04-05,0x348046631f3b91d8233bc696c3d13f3881090b4608f07b64f89b845c8aaa1aa4,exact,12,12,15.1,6.37,13.2,23.63,above_obs,-3.1,3.1,0.03,0.9979447632353675,476,16,6,53,11,6,7,6,0,,,,,
1775341341,2026-04-04T22:22:21.000Z,Amsterdam,2026-04-05,0x4b3268e93a342763f786d215e9afe2da394f86ae543bcc1a5d1a61bb2b95646b,exact,11,11,15.1,6.37,13.2,23.63,above_obs,-4.1,4.1,0.008,0.992,476,218,2,36,11,7,5,5,0,,,,,
1775341341,2026-04-04T22:22:21.000Z,Amsterdam,2026-04-05,0x674d80170aaea6af08c6054c6b6aac80c779c3e8fa1f81b1dbf83879d9d65d74,exact,8,8,15.1,6.37,13.2,23.63,above_obs,-7.1,7.1,0.001,0.999,12232,1154,3,41,11,10,1,7,0,,,,,
1775341341,2026-04-04T22:22:21.000Z,Amsterdam,2026-04-05,0x7e2feabe723e903dec42f9d2c5767a75b4d5400112f31527ade64685c1f341c1,exact,17,17,15.1,6.37,13.2,23.63,below_obs,1.9,1.9,0.01,0.99,476,218,2,63,11,4,6,3,0,,,,,
1775341341,2026-04-04T22:22:21.000Z,Amsterdam,2026-04-05,0x7ee6fe52d82e19f15c88b83ebb11de4a1f4a8d3a8a36528ce22f125b02fe04ec,exact,14,14,15.1,6.37,13.2,23.63,above_obs,-1.1,1.1,0.5082191031919581,0.49,478,218,14,69,11,3,9,1,0,,,,,
1775341341,2026-04-04T22:22:21.000Z,Amsterdam,2026-04-05,0x94dca0f684cbe67c808f566146a239beb5d85b1bb07e017d29d9702e0e615aab,exact,13,13,15.1,6.37,13.2,23.63,above_obs,-2.1,2.1,0.3,0.97,476,6,8,44,11,5,8,2,0,,,,,
1775341341,2026-04-04T22:22:21.000Z,Amsterdam,2026-04-05,0xc50359183ce225c6ced3c61a4fea97d34302bb62bdfa527314be32993cfd421a,exact,9,9,15.1,6.37,13.2,23.63,above_obs,-6.1,6.1,0.002,0.999,12232,1628,3,40,11,9,3,8,0,,,,,
1775341341,2026-04-04T22:22:21.000Z,Amsterdam,2026-04-05,0xc89592192e5380bbe35c4821fc199b1053a7941e96cd9408ddf0c18d46508471,exact,16,16,15.1,6.37,13.2,23.63,below_obs,0.9,0.9,,,,,0,0,11,2,,,0,,,,,
1775341341,2026-04-04T22:22:21.000Z,Amsterdam,2026-04-05,0xe1499466cab864585c2b281a5af2a7948d3f0af1db4f5d257ad38dc1c623fe9e,or_below,,7,15.1,6.37,13.2,23.63,above_obs,-8.1,8.1,0.001,0.999,32360,25288,0,32,11,11,2,9,0,,,,,
1775341381,2026-04-04T22:23:01.000Z,Amsterdam,2026-04-05,0x0cfa653fb00c0ee818e97da9b5440c6747134ec0b02bf9a59747239073f3741c,exact,15,15,15.1,6.38,13.2,23.62,above_obs,-0.1,0.1,,,,,0,0,11,1,,,0,,,,,
1775341381,2026-04-04T22:23:01.000Z,Amsterdam,2026-04-05,0x21c1aa05a0226290955056b3771199e1adfb38b5e615da55a12cd33ce0b50622,exact,10,10,15.1,6.38,13.2,23.62,above_obs,-5.1,5.1,0.001,0.999,14,4,8,47,11,8,1,5,0,,,,,
1775341381,2026-04-04T22:23:01.000Z,Amsterdam,2026-04-05,0x348046631f3b91d8233bc696c3d13f3881090b4608f07b64f89b845c8aaa1aa4,exact,12,12,15.1,6.38,13.2,23.62,above_obs,-3.1,3.1,0.03,0.999,516,4,7,54,11,6,7,6,0,,,,,
1775341381,2026-04-04T22:23:01.000Z,Amsterdam,2026-04-05,0x4b3268e93a342763f786d215e9afe2da394f86ae543bcc1a5d1a61bb2b95646b,exact,11,11,15.1,6.38,13.2,23.62,above_obs,-4.1,4.1,0.008,0.992,516,258,2,36,11,7,5,4,1,NO,0.9979530228846278,462.6336071290641,,open
1775341381,2026-04-04T22:23:01.000Z,Amsterdam,2026-04-05,0x674d80170aaea6af08c6054c6b6aac80c779c3e8fa1f81b1dbf83879d9d65d74,exact,8,8,15.1,6.38,13.2,23.62,above_obs,-7.1,7.1,0.001,0.999,12272,1194,3,41,11,10,2,7,0,,,,,
1775341381,2026-04-04T22:23:01.000Z,Amsterdam,2026-04-05,0x7e2feabe723e903dec42f9d2c5767a75b4d5400112f31527ade64685c1f341c1,exact,17,17,15.1,6.38,13.2,23.62,below_obs,1.9,1.9,0.01,0.99,516,258,2,63,11,4,6,3,0,,,,,
1775341381,2026-04-04T22:23:01.000Z,Amsterdam,2026-04-05,0x7ee6fe52d82e19f15c88b83ebb11de4a1f4a8d3a8a36528ce22f125b02fe04ec,exact,14,14,15.1,6.38,13.2,23.62,above_obs,-1.1,1.1,0.5082191031919581,0.49,518,258,14,69,11,3,9,1,0,,,,,
1775341381,2026-04-04T22:23:01.000Z,Amsterdam,2026-04-05,0x94dca0f684cbe67c808f566146a239beb5d85b1bb07e017d29d9702e0e615aab,exact,13,13,15.1,6.38,13.2,23.62,above_obs,-2.1,2.1,0.3,0.98,516,40,9,45,11,5,8,2,0,,,,,
1775341381,2026-04-04T22:23:01.000Z,Amsterdam,2026-04-05,0xc50359183ce225c6ced3c61a4fea97d34302bb62bdfa527314be32993cfd421a,exact,9,9,15.1,6.38,13.2,23.62,above_obs,-6.1,6.1,0.002,0.999,12272,1668,3,40,11,9,4,8,0,,,,,
1775341381,2026-04-04T22:23:01.000Z,Amsterdam,2026-04-05,0xc89592192e5380bbe35c4821fc199b1053a7941e96cd9408ddf0c18d46508471,exact,16,16,15.1,6.38,13.2,23.62,below_obs,0.9,0.9,,,,,0,0,11,2,,,0,,,,,
1775341381,2026-04-04T22:23:01.000Z,Amsterdam,2026-04-05,0xe1499466cab864585c2b281a5af2a7948d3f0af1db4f5d257ad38dc1c623fe9e,or_below,,7,15.1,6.38,13.2,23.62,above_obs,-8.1,8.1,0.001,0.999,32400,25328,0,32,11,11,3,9,0,,,,,
1775341603,2026-04-04T22:26:43.000Z,Amsterdam,2026-04-05,0x0cfa653fb00c0ee818e97da9b5440c6747134ec0b02bf9a59747239073f3741c,exact,15,15,15.1,6.45,13.2,23.55,above_obs,-0.1,0.1,,,,,0,0,11,1,,,0,,,,,
1775341603,2026-04-04T22:26:43.000Z,Amsterdam,2026-04-05,0x21c1aa05a0226290955056b3771199e1adfb38b5e615da55a12cd33ce0b50622,exact,10,10,15.1,6.45,13.2,23.55,above_obs,-5.1,5.1,0.001,0.999,236,226,8,47,11,8,1,4,0,,,,,
1775341603,2026-04-04T22:26:43.000Z,Amsterdam,2026-04-05,0x348046631f3b91d8233bc696c3d13f3881090b4608f07b64f89b845c8aaa1aa4,exact,12,12,15.1,6.45,13.2,23.55,above_obs,-3.1,3.1,0.03,0.999,738,226,7,54,11,6,8,5,0,,,,,
1775341603,2026-04-04T22:26:43.000Z,Amsterdam,2026-04-05,0x4b3268e93a342763f786d215e9afe2da394f86ae543bcc1a5d1a61bb2b95646b,exact,11,11,15.1,6.45,13.2,23.55,above_obs,-4.1,4.1,0.008,0.999,738,186,7,41,11,7,5,6,0,,,,,
1775341603,2026-04-04T22:26:43.000Z,Amsterdam,2026-04-05,0x674d80170aaea6af08c6054c6b6aac80c779c3e8fa1f81b1dbf83879d9d65d74,exact,8,8,15.1,6.45,13.2,23.55,above_obs,-7.1,7.1,0.001,0.999,12494,1416,3,41,11,10,2,7,0,,,,,
1775341603,2026-04-04T22:26:43.000Z,Amsterdam,2026-04-05,0x7e2feabe723e903dec42f9d2c5767a75b4d5400112f31527ade64685c1f341c1,exact,17,17,15.1,6.45,13.2,23.55,below_obs,1.9,1.9,0.01,0.99,738,480,2,63,11,4,6,3,0,,,,,
1775341603,2026-04-04T22:26:43.000Z,Amsterdam,2026-04-05,0x7ee6fe52d82e19f15c88b83ebb11de4a1f4a8d3a8a36528ce22f125b02fe04ec,exact,14,14,15.1,6.45,13.2,23.55,above_obs,-1.1,1.1,0.5082191031919581,0.49,740,480,14,69,11,3,9,1,0,,,,,
1775341603,2026-04-04T22:26:43.000Z,Amsterdam,2026-04-05,0x94dca0f684cbe67c808f566146a239beb5d85b1bb07e017d29d9702e0e615aab,exact,13,13,15.1,6.45,13.2,23.55,above_obs,-2.1,2.1,0.02,0.968859649122807,218,36,11,47,11,5,7,2,1,NO,0.9815463615804177,589.7180991858136,,open
1775341603,2026-04-04T22:26:43.000Z,Amsterdam,2026-04-05,0xc50359183ce225c6ced3c61a4fea97d34302bb62bdfa527314be32993cfd421a,exact,9,9,15.1,6.45,13.2,23.55,above_obs,-6.1,6.1,0.002,0.999,12494,1890,3,40,11,9,4,8,0,,,,,
1775341603,2026-04-04T22:26:43.000Z,Amsterdam,2026-04-05,0xc89592192e5380bbe35c4821fc199b1053a7941e96cd9408ddf0c18d46508471,exact,16,16,15.1,6.45,13.2,23.55,below_obs,0.9,0.9,,,,,0,0,11,2,,,0,,,,,
1775341603,2026-04-04T22:26:43.000Z,Amsterdam,2026-04-05,0xe1499466cab864585c2b281a5af2a7948d3f0af1db4f5d257ad38dc1c623fe9e,or_below,,7,15.1,6.45,13.2,23.55,above_obs,-8.1,8.1,0.001,0.999,32622,25550,0,32,11,11,3,9,0,,,,,
1775347569,2026-04-05T00:06:09.000Z,Amsterdam,2026-04-05,0x0cfa653fb00c0ee818e97da9b5440c6747134ec0b02bf9a59747239073f3741c,exact,15,15,15.1,8.1,14.4,21.9,above_obs,-0.1,0.1,,,,,0,0,11,1,,,1,YES,0.5442423048494328,228.69005592815768,,open
1775347569,2026-04-05T00:06:09.000Z,Amsterdam,2026-04-05,0x21c1aa05a0226290955056b3771199e1adfb38b5e615da55a12cd33ce0b50622,exact,10,10,15.1,8.1,14.4,21.9,above_obs,-5.1,5.1,0.001,0.999,4,5920,3,53,11,8,1,3,0,,,,,
1775347569,2026-04-05T00:06:09.000Z,Amsterdam,2026-04-05,0x348046631f3b91d8233bc696c3d13f3881090b4608f07b64f89b845c8aaa1aa4,exact,12,12,15.1,8.1,14.4,21.9,above_obs,-3.1,3.1,0.001,0.999,4,5920,3,62,11,6,2,4,0,,,,,
1775347569,2026-04-05T00:06:09.000Z,Amsterdam,2026-04-05,0x4b3268e93a342763f786d215e9afe2da394f86ae543bcc1a5d1a61bb2b95646b,exact,11,11,15.1,8.1,14.4,21.9,above_obs,-4.1,4.1,0.001,0.999,4,5920,3,45,11,7,3,5,0,,,,,
1775347569,2026-04-05T00:06:09.000Z,Amsterdam,2026-04-05,0x674d80170aaea6af08c6054c6b6aac80c779c3e8fa1f81b1dbf83879d9d65d74,exact,8,8,15.1,8.1,14.4,21.9,above_obs,-7.1,7.1,0.001,0.999,4,7382,3,44,11,10,4,6,0,,,,,
1775347569,2026-04-05T00:06:09.000Z,Amsterdam,2026-04-05,0x7e2feabe723e903dec42f9d2c5767a75b4d5400112f31527ade64685c1f341c1,exact,17,17,15.1,8.1,14.4,21.9,below_obs,1.9,1.9,0.017,0.9889999998681331,4,1106,5,68,11,4,9,2,0,,,,,
1775347569,2026-04-05T00:06:09.000Z,Amsterdam,2026-04-05,0x7ee6fe52d82e19f15c88b83ebb11de4a1f4a8d3a8a36528ce22f125b02fe04ec,exact,14,14,15.1,8.1,14.4,21.9,above_obs,-1.1,1.1,0.01,0.907034481735363,4,12,14,91,11,3,8,1,0,,,,,
1775347569,2026-04-05T00:06:09.000Z,Amsterdam,2026-04-05,0x94dca0f684cbe67c808f566146a239beb5d85b1bb07e017d29d9702e0e615aab,exact,13,13,15.1,8.1,14.4,21.9,above_obs,-2.1,2.1,0.001,0.999,4,5628,4,58,11,5,5,7,0,,,,,
1775347569,2026-04-05T00:06:09.000Z,Amsterdam,2026-04-05,0xc50359183ce225c6ced3c61a4fea97d34302bb62bdfa527314be32993cfd421a,exact,9,9,15.1,8.1,14.4,21.9,above_obs,-6.1,6.1,0.001,0.999,4,7856,3,43,11,9,6,8,0,,,,,
1775347569,2026-04-05T00:06:09.000Z,Amsterdam,2026-04-05,0xc89592192e5380bbe35c4821fc199b1053a7941e96cd9408ddf0c18d46508471,exact,16,16,15.1,8.1,14.4,21.9,below_obs,0.9,0.9,,,,,0,0,11,2,,,0,,,,,
1775347569,2026-04-05T00:06:09.000Z,Amsterdam,2026-04-05,0xe1499466cab864585c2b281a5af2a7948d3f0af1db4f5d257ad38dc1c623fe9e,or_below,,7,15.1,8.1,14.4,21.9,above_obs,-8.1,8.1,0.001,0.999,4,31516,3,35,11,11,7,9,0,,,,,
1775394109,2026-04-05T13:01:49.000Z,Warsaw,2026-04-05,0x0244caaf68e5a58d79aa8282a828afe129d9fb1f0ede80a4b686a4f24d145d6f,exact,13,13,19.6,0.03,19.6,8.97,above_obs,-6.6,6.6,0.001,0.999,44848,8500,0,181,11,10,1,6,0,,,,,
1775394109,2026-04-05T13:01:49.000Z,Warsaw,2026-04-05,0x234e380e24e652d70dee5f89f9fc7ae9eaddafd6acd22c290a2565a68528f7cc,exact,21,21,19.6,0.03,19.6,8.97,below_obs,1.4,1.4,0.33,0.61,650,634,12,12,11,3,10,2,0,,,,,
1775394109,2026-04-05T13:01:49.000Z,Warsaw,2026-04-05,0x3f126e00b4dd068a30c9f3f6227d89a7bcd57208322d74dd4ddaa4b3d940de64,exact,22,22,19.6,0.03,19.6,8.97,below_obs,2.4,2.4,0.014,0.9879997431198099,624,210,19,387,11,5,8,4,0,,,,,
1775394109,2026-04-05T13:01:49.000Z,Warsaw,2026-04-05,0x58858a20fa7a70bec3258433c6dfae8eb9677518e9cc1a56b41c45bf9c000343,exact,17,17,19.6,0.03,19.6,8.97,above_obs,-2.6,2.6,0.007,0.999,8270,4912,0,230,11,6,7,7,0,,,,,
1775394109,2026-04-05T13:01:49.000Z,Warsaw,2026-04-05,0x937f4237f7138c42e8fd7696acdc4f002f172a92eee5adbf95d5651cd4f2e282,or_below,,12,19.6,0.03,19.6,8.97,above_obs,-7.6,7.6,0.002,0.998,20944,20944,0,168,11,11,5,5,0,,,,,
1775394109,2026-04-05T13:01:49.000Z,Warsaw,2026-04-05,0xabe45506b5d4921a5182baf6b517cf58f0eeddda0123e47f98f470dd556755f7,exact,15,15,19.6,0.03,19.6,8.97,above_obs,-4.6,4.6,0.001,0.999,13352,3136,1,209,11,8,2,8,0,,,,,
1775394109,2026-04-05T13:01:49.000Z,Warsaw,2026-04-05,0xafeb82e644976a45f9552907f7a9671f6eb0fef7ca51603f59b389788925a3ef,exact,14,14,19.6,0.03,19.6,8.97,above_obs,-5.6,5.6,0.001,0.999,21944,9974,0,195,11,9,3,9,0,,,,,
1775394109,2026-04-05T13:01:49.000Z,Warsaw,2026-04-05,0xbb3a97b4975aef5fe36594085601fc07ff407b1512ad57e3c1ecbc8b7fe6859c,exact,20,20,19.6,0.03,19.6,8.97,below_obs,0.4,0.4,0.59,0.41,650,634,26,334,11,1,11,1,0,,,,,
1775394109,2026-04-05T13:01:49.000Z,Warsaw,2026-04-05,0xc78d397d85f4886699b6312c6d0c91bed28130154f293cda0ccb61a5e29fcb94,exact,18,18,19.6,0.03,19.6,8.97,above_obs,-1.6,1.6,0.003,0.999,1832,1192,15,330,11,4,6,10,0,,,,,
1775394109,2026-04-05T13:01:49.000Z,Warsaw,2026-04-05,0xd44a653ed00a3bf34a309957664fcdf716105c749b1f589010620b8005ebff2b,exact,19,19,19.6,0.03,19.6,8.97,above_obs,-0.6,0.6,0.22,0.8,231918,255080,0,28,11,2,9,3,1,NO,0.9873083526511781,618.7325000050597,,open
1775394109,2026-04-05T13:01:49.000Z,Warsaw,2026-04-05,0xe42a38ee7987f771df383b74924bac76933e0a04b206208b185b03229695e933,exact,16,16,19.6,0.03,19.6,8.97,above_obs,-3.6,3.6,0.001,0.999,10668,5534,0,214,11,7,4,11,0,,,,,
1775444151,2026-04-06T02:55:51.000Z,Jakarta,2026-04-06,0x152092a060ddce09ed84c3f0fd7348819db76a3036722231ed3fafa534ae0e59,exact,29,29,32.2,21.93,27.5,14.07,above_obs,-3.2,3.2,0.028,0.999,7048,2764,11,30,11,7,6,7,0,,,,,
1775444151,2026-04-06T02:55:51.000Z,Jakarta,2026-04-06,0x17cc19697ec44e485281520f2dcdfc45448f0badb62ec32fb051504beb3927df,exact,31,31,32.2,21.93,27.5,14.07,above_obs,-1.2,1.2,0.08,0.9334657300879793,7140,5778,0,31,11,3,8,4,1,NO,0.9822694678273017,735.1166295451509,,open
1775444151,2026-04-06T02:55:51.000Z,Jakarta,2026-04-06,0x22db469ba7adfe272c2c5122fea4c579b86c55febfc4c51765e9307df0282cac,exact,27,27,32.2,21.93,27.5,14.07,above_obs,-5.2,5.2,0.001,0.999,6552,6598,0,57,11,10,1,8,0,,,,,
1775444151,2026-04-06T02:55:51.000Z,Jakarta,2026-04-06,0x24ec674cbf5d812b545e1bfb9b23dfcd569b933cedf571638ab44a46f4d447e0,exact,30,30,32.2,21.93,27.5,14.07,above_obs,-2.2,2.2,0.051,0.999,2340,444,51,61,11,5,7,9,0,,,,,
1775444151,2026-04-06T02:55:51.000Z,Jakarta,2026-04-06,0x3b21c07a9e1364ea804f402b7b6316dbeb3bdf5f694fb5647b178425ebb94478,exact,36,36,32.2,21.93,27.5,14.07,below_obs,3.8,3.8,0.004,0.9649953764861294,7152,2180,1,38,11,8,3,5,0,,,,,
1775444151,2026-04-06T02:55:51.000Z,Jakarta,2026-04-06,0x489864cd02d02885a61b0de9cc5e8231e3a8aa6177a4da9ab7023fd4c9fa73b2,exact,32,32,32.2,21.93,27.5,14.07,above_obs,-0.2,0.2,0.34,0.72,7158,804,9,38,11,1,11,1,0,,,,,
1775444151,2026-04-06T02:55:51.000Z,Jakarta,2026-04-06,0x4919f631d39fd2cf5dcf96a3aec9ec94706380ac92d0f91a33d3e7c5ecb4b9e0,exact,33,33,32.2,21.93,27.5,14.07,below_obs,0.8,0.8,0.31,0.73,3092,3310,5,27,11,2,10,2,0,,,,,
1775444151,2026-04-06T02:55:51.000Z,Jakarta,2026-04-06,0x5023ed434bf11d6ab06782e6636d89a9498b83db5a1ca0a6dccba9e542b6cc80,exact,34,34,32.2,21.93,27.5,14.07,below_obs,1.8,1.8,0.2703447090606094,0.9,1090,3104,3,29,11,4,9,3,0,,,,,
1775444151,2026-04-06T02:55:51.000Z,Jakarta,2026-04-06,0x6306e6679beb9a1db209a1773d81cdc776ff3601c2913b71ecfc2b61c8186a78,or_below,,26,32.2,21.93,27.5,14.07,above_obs,-6.2,6.2,0.001,0.999,59162,58754,0,23,11,11,2,10,0,,,,,
1775444151,2026-04-06T02:55:51.000Z,Jakarta,2026-04-06,0x777b2ad9a9e8f620b24a29951725f1bf0e00d817438007e19246f06fd15792cc,exact,28,28,32.2,21.93,27.5,14.07,above_obs,-4.2,4.2,0.02,0.999,6454,2598,1,84,11,9,5,11,0,,,,,
1775444151,2026-04-06T02:55:51.000Z,Jakarta,2026-04-06,0xc0cbfbc9a3509fece710ae31e74b6862a4267a4c8b9f235f9a5f17c2ecc34a53,exact,35,35,32.2,21.93,27.5,14.07,below_obs,2.8,2.8,0.005,0.995,7152,6552,0,21,11,6,4,6,0,,,,,
1775451415,2026-04-06T04:56:55.000Z,Jakarta,2026-04-06,0x152092a060ddce09ed84c3f0fd7348819db76a3036722231ed3fafa534ae0e59,exact,29,29,32.2,23.95,30.1,12.05,above_obs,-3.2,3.2,0.028,0.999,14312,10028,0,30,11,7,6,6,0,,,,,
1775451415,2026-04-06T04:56:55.000Z,Jakarta,2026-04-06,0x17cc19697ec44e485281520f2dcdfc45448f0badb62ec32fb051504beb3927df,exact,31,31,32.2,23.95,30.1,12.05,above_obs,-1.2,1.2,0.008,0.999,6766,6676,0,45,11,3,4,7,0,,,,,
1775451415,2026-04-06T04:56:55.000Z,Jakarta,2026-04-06,0x22db469ba7adfe272c2c5122fea4c579b86c55febfc4c51765e9307df0282cac,exact,27,27,32.2,23.95,30.1,12.05,above_obs,-5.2,5.2,0.001,0.999,13816,13862,0,57,11,10,1,8,0,,,,,
1775451415,2026-04-06T04:56:55.000Z,Jakarta,2026-04-06,0x24ec674cbf5d812b545e1bfb9b23dfcd569b933cedf571638ab44a46f4d447e0,exact,30,30,32.2,23.95,30.1,12.05,above_obs,-2.2,2.2,0.051,0.999,9604,7092,0,62,11,5,7,9,0,,,,,
1775451415,2026-04-06T04:56:55.000Z,Jakarta,2026-04-06,0x3b21c07a9e1364ea804f402b7b6316dbeb3bdf5f694fb5647b178425ebb94478,exact,36,36,32.2,23.95,30.1,12.05,below_obs,3.8,3.8,0.004,0.996,14416,48,3,42,11,8,3,5,0,,,,,
1775451415,2026-04-06T04:56:55.000Z,Jakarta,2026-04-06,0x489864cd02d02885a61b0de9cc5e8231e3a8aa6177a4da9ab7023fd4c9fa73b2,exact,32,32,32.2,23.95,30.1,12.05,above_obs,-0.2,0.2,0.35,0.92,2310,28,5,53,11,1,9,3,1,NO,0.9732598817729475,799.2671956027642,,open
1775451415,2026-04-06T04:56:55.000Z,Jakarta,2026-04-06,0x4919f631d39fd2cf5dcf96a3aec9ec94706380ac92d0f91a33d3e7c5ecb4b9e0,exact,33,33,32.2,23.95,30.1,12.05,below_obs,0.8,0.8,0.4715064074946489,0.61,256,3378,2,33,11,2,11,1,0,,,,,
1775451415,2026-04-06T04:56:55.000Z,Jakarta,2026-04-06,0x5023ed434bf11d6ab06782e6636d89a9498b83db5a1ca0a6dccba9e542b6cc80,exact,34,34,32.2,23.95,30.1,12.05,below_obs,1.8,1.8,0.37,0.75,4728,3376,1,44,11,4,10,2,0,,,,,
1775451415,2026-04-06T04:56:55.000Z,Jakarta,2026-04-06,0x6306e6679beb9a1db209a1773d81cdc776ff3601c2913b71ecfc2b61c8186a78,or_below,,26,32.2,23.95,30.1,12.05,above_obs,-6.2,6.2,0.001,0.999,66426,66018,0,23,11,11,2,10,0,,,,,
1775451415,2026-04-06T04:56:55.000Z,Jakarta,2026-04-06,0x777b2ad9a9e8f620b24a29951725f1bf0e00d817438007e19246f06fd15792cc,exact,28,28,32.2,23.95,30.1,12.05,above_obs,-4.2,4.2,0.02,0.999,13718,9862,0,84,11,9,5,11,0,,,,,
1775451415,2026-04-06T04:56:55.000Z,Jakarta,2026-04-06,0xc0cbfbc9a3509fece710ae31e74b6862a4267a4c8b9f235f9a5f17c2ecc34a53,exact,35,35,32.2,23.95,30.1,12.05,below_obs,2.8,2.8,0.072,0.96,6182,452,3,27,11,6,8,4,0,,,,,
1775453461,2026-04-06T05:31:01.000Z,Jakarta,2026-04-06,0x152092a060ddce09ed84c3f0fd7348819db76a3036722231ed3fafa534ae0e59,exact,29,29,32.2,24.52,31,11.48,above_obs,-3.2,3.2,0.028,0.999,16358,12074,0,30,11,7,5,5,0,,,,,
1775453461,2026-04-06T05:31:01.000Z,Jakarta,2026-04-06,0x17cc19697ec44e485281520f2dcdfc45448f0badb62ec32fb051504beb3927df,exact,31,31,32.2,24.52,31,11.48,above_obs,-1.2,1.2,0.008,0.999,8812,8722,0,45,11,3,3,6,0,,,,,
1775453461,2026-04-06T05:31:01.000Z,Jakarta,2026-04-06,0x22db469ba7adfe272c2c5122fea4c579b86c55febfc4c51765e9307df0282cac,exact,27,27,32.2,24.52,31,11.48,above_obs,-5.2,5.2,0.001,0.999,15862,15908,0,57,11,10,1,7,0,,,,,
1775453461,2026-04-06T05:31:01.000Z,Jakarta,2026-04-06,0x24ec674cbf5d812b545e1bfb9b23dfcd569b933cedf571638ab44a46f4d447e0,exact,30,30,32.2,24.52,31,11.48,above_obs,-2.2,2.2,0.051,0.999,11650,9138,0,62,11,5,7,8,0,,,,,
1775453461,2026-04-06T05:31:01.000Z,Jakarta,2026-04-06,0x3b21c07a9e1364ea804f402b7b6316dbeb3bdf5f694fb5647b178425ebb94478,exact,36,36,32.2,24.52,31,11.48,below_obs,3.8,3.8,0.03565010570824524,0.996,98,1078,8,47,11,8,6,4,0,,,,,
1775453461,2026-04-06T05:31:01.000Z,Jakarta,2026-04-06,0x489864cd02d02885a61b0de9cc5e8231e3a8aa6177a4da9ab7023fd4c9fa73b2,exact,32,32,32.2,24.52,31,11.48,above_obs,-0.2,0.2,0.29,0.999,1848,1530,36,86,11,1,9,9,0,,,,,
1775453461,2026-04-06T05:31:01.000Z,Jakarta,2026-04-06,0x4919f631d39fd2cf5dcf96a3aec9ec94706380ac92d0f91a33d3e7c5ecb4b9e0,exact,33,33,32.2,24.52,31,11.48,below_obs,0.8,0.8,0.6499999024999659,0.9399999990599994,436,6,15,47,11,2,10,2,1,NO,0.9812047772049667,594.1601144753836,,open
1775453461,2026-04-06T05:31:01.000Z,Jakarta,2026-04-06,0x5023ed434bf11d6ab06782e6636d89a9498b83db5a1ca0a6dccba9e542b6cc80,exact,34,34,32.2,24.52,31,11.48,below_obs,1.8,1.8,0.65,0.38,98,116,10,54,11,4,11,1,0,,,,,
1775453461,2026-04-06T05:31:01.000Z,Jakarta,2026-04-06,0x6306e6679beb9a1db209a1773d81cdc776ff3601c2913b71ecfc2b61c8186a78,or_below,,26,32.2,24.52,31,11.48,above_obs,-6.2,6.2,0.001,0.999,68472,68064,0,23,11,11,2,10,0,,,,,
1775453461,2026-04-06T05:31:01.000Z,Jakarta,2026-04-06,0x777b2ad9a9e8f620b24a29951725f1bf0e00d817438007e19246f06fd15792cc,exact,28,28,32.2,24.52,31,11.48,above_obs,-4.2,4.2,0.02,0.999,15764,11908,0,84,11,9,4,11,0,,,,,
1775453461,2026-04-06T05:31:01.000Z,Jakarta,2026-04-06,0xc0cbfbc9a3509fece710ae31e74b6862a4267a4c8b9f235f9a5f17c2ecc34a53,exact,35,35,32.2,24.52,31,11.48,below_obs,2.8,2.8,0.068,0.96,98,480,10,35,11,6,8,3,0,,,,,
1775485697,2026-04-06T14:28:17.000Z,Paris,2026-04-06,0x212ce133e2c8b7f13357158bd5f11a3fb5b99df330ad4b9ee583a4dca6fc9d9e,exact,20,20,16.7,0.47,16.7,7.53,below_obs,3.3,3.3,0.02879783372975287,0.9899999515977798,804,54,9,9,11,7,6,4,0,,,,,
1775485697,2026-04-06T14:28:17.000Z,Paris,2026-04-06,0x3b27df4a279e585c23081c16e6c63d551b820b93c74a003c86862828e7727830,exact,23,23,16.7,0.47,16.7,7.53,below_obs,6.3,6.3,0.001,0.999,2558,2908,17,423,11,10,1,5,0,,,,,
1775485697,2026-04-06T14:28:17.000Z,Paris,2026-04-06,0x5db34b02b73a613c630b79096dc4edfb05cd5374cba915cba865134e66f6072f,exact,24,24,16.7,0.47,16.7,7.53,below_obs,7.3,7.3,0.001,0.999,2558,13208,16,422,11,11,2,6,0,,,,,
1775485697,2026-04-06T14:28:17.000Z,Paris,2026-04-06,0x7107fb5f3c62ccf980621ba9b1dc1f04410bc7f600fa824ba931e122c86e45da,exact,17,17,16.7,0.47,16.7,7.53,below_obs,0.3,0.3,0.66,0.38,50,32,127,1479,11,1,9,1,1,NO,0.863129659643436,1057.8129649685739,,open
1775485697,2026-04-06T14:28:17.000Z,Paris,2026-04-06,0x748eb438cf07dc087e7545aa7c81e992f3606d63bd2672b7b13e5842b45548f5,exact,18,18,16.7,0.47,16.7,7.53,below_obs,1.3,1.3,0.29,0.67,82,156,35,35,11,3,8,2,0,,,,,
1775485697,2026-04-06T14:28:17.000Z,Paris,2026-04-06,0x83de6511247e77c34f290c011e9f6b58a5918e35a8aa4d6c4fc4e3840dfcff10,exact,16,16,16.7,0.47,16.7,7.53,above_obs,-0.7,0.7,0.001,0.999,734,124,56,1681,11,2,3,7,0,,,,,
1775485697,2026-04-06T14:28:17.000Z,Paris,2026-04-06,0x8d44af553d26a04b58ce89dea5af18fbba250889c82de8ef9c62e190bc421c07,exact,19,19,16.7,0.47,16.7,7.53,below_obs,2.3,2.3,0.087,0.9779998780759339,604,252,38,38,11,5,7,3,0,,,,,
1775485697,2026-04-06T14:28:17.000Z,Paris,2026-04-06,0xacc7ceeab882a1f486fb2cdb0a8f0c1a2f9dc19fdde2a463adfc961c9785027d,exact,22,22,16.7,0.47,16.7,7.53,below_obs,5.3,5.3,,,,,0,0,11,9,,,0,,,,,
1775485697,2026-04-06T14:28:17.000Z,Paris,2026-04-06,0xb7b8028c00adad768d6e0c45ec7792e0102e6d5d993ddbf3276cf55f47dae61e,exact,15,15,16.7,0.47,16.7,7.53,above_obs,-1.7,1.7,0.001,0.999,3410,986,11,1131,11,4,4,8,0,,,,,
1775485697,2026-04-06T14:28:17.000Z,Paris,2026-04-06,0xdda352c02538aa018376336ffee7210e7da2cf6a0cedc35fd8852dfdb08b57c9,or_below,,14,16.7,0.47,16.7,7.53,above_obs,-2.7,2.7,0.001,0.999,3412,3746,1,785,11,6,5,9,0,,,,,
1775485697,2026-04-06T14:28:17.000Z,Paris,2026-04-06,0xefb630b450bc264209fef9a27a6a94e0f54612c2f0f391f08b0629993e396bc7,exact,21,21,16.7,0.47,16.7,7.53,below_obs,4.3,4.3,,,,,0,0,11,8,,,0,,,,,
1775611999,2026-04-08T01:33:19.000Z,Tokyo,2026-04-08,0x2f060086453dbb590767f40c1baffa94eaf85462533953b039f4a3a191ab149f,exact,19,19,18.3,19.56,12.6,13.44,below_obs,0.7,0.7,0.04,0.9659999983487154,1380,2208,6,267,11,2,8,2,0,,,,,
1775611999,2026-04-08T01:33:19.000Z,Tokyo,2026-04-08,0x2fe500507c6c6fd135527dce94e1d29483136a35f469b4da43db08377286de48,exact,14,14,18.3,19.56,12.6,13.44,above_obs,-4.3,4.3,0.004,0.996,416,2,3,181,11,7,5,5,1,NO,0.9979107908187561,942.8972562258383,,open
1775611999,2026-04-08T01:33:19.000Z,Tokyo,2026-04-08,0x3845207a0d66a43daf3a54bcb8526503f99d4d100ae26521c0aa36c32cc4cb5e,exact,20,20,18.3,19.56,12.6,13.44,below_obs,1.7,1.7,0.02,0.98,52,90,24,334,11,4,6,3,0,,,,,
1775611999,2026-04-08T01:33:19.000Z,Tokyo,2026-04-08,0x4b5dab89e9f3bf0185b22eea47cb1ff2201e84e34bd982ab2f279ea01687ea4c,exact,17,17,18.3,19.56,12.6,13.44,above_obs,-1.3,1.3,,,,,0,0,11,3,,,0,,,,,
1775611999,2026-04-08T01:33:19.000Z,Tokyo,2026-04-08,0x5516c022ad0ecad542e70819107d0e5e239e81df6e342e556a55bb7ae81165fa,exact,16,16,18.3,19.56,12.6,13.44,above_obs,-2.3,2.3,0.14,0.9003643000336808,158,190,16,377,11,5,9,1,0,,,,,
1775611999,2026-04-08T01:33:19.000Z,Tokyo,2026-04-08,0x8e228b111cb806a4aa7e4672fd8e4f1a73056fb6583d7e1b927c06bdea36351b,exact,15,15,18.3,19.56,12.6,13.44,above_obs,-3.3,3.3,0.02,0.9849999990149982,5246,232,6,21,11,6,7,4,0,,,,,
1775611999,2026-04-08T01:33:19.000Z,Tokyo,2026-04-08,0x982eacc096a7082a5514b005ecb4b9b5b2644da37d7f7d7163847c4ebdf08e38,exact,18,18,18.3,19.56,12.6,13.44,above_obs,-0.3,0.3,,,,,0,0,11,1,,,0,,,,,
1775611999,2026-04-08T01:33:19.000Z,Tokyo,2026-04-08,0x9e3ea347cc6d3f9d0b2bb68cb3e0a7fb787b70f3b830f7fb3a8aa05d8f7055d5,exact,11,11,18.3,19.56,12.6,13.44,above_obs,-7.3,7.3,0.003,0.999,16090,19042,0,92,11,10,4,8,0,,,,,
1775611999,2026-04-08T01:33:19.000Z,Tokyo,2026-04-08,0xd022cd14c3dcb3d608df1eb422bf66db8c51d5eb9a62e9d4f78aaeaa15734063,or_below,,10,18.3,19.56,12.6,13.44,above_obs,-8.3,8.3,0.001,0.998,64290,47450,0,83,11,11,1,6,0,,,,,
1775611999,2026-04-08T01:33:19.000Z,Tokyo,2026-04-08,0xe5c3e912e4924882a19a5551c8cea973d0c08e8a1e589005c7915e24db2e30bf,exact,13,13,18.3,19.56,12.6,13.44,above_obs,-5.3,5.3,0.001,0.999,5246,4310,0,179,11,8,2,9,0,,,,,
1775611999,2026-04-08T01:33:19.000Z,Tokyo,2026-04-08,0xfe96e18a3256104d1e85f98be65612f17c04450d7244b87890b8931b5551f60d,exact,12,12,18.3,19.56,12.6,13.44,above_obs,-6.3,6.3,0.001,0.998,16984,17956,0,94,11,9,3,7,0,,,,,
1775615647,2026-04-08T02:34:07.000Z,Tokyo,2026-04-08,0x2f060086453dbb590767f40c1baffa94eaf85462533953b039f4a3a191ab149f,exact,19,19,18.3,20.57,13.8,12.43,below_obs,0.7,0.7,0.08,0.956,518,1326,9,276,11,2,8,2,0,,,,,
1775615647,2026-04-08T02:34:07.000Z,Tokyo,2026-04-08,0x2fe500507c6c6fd135527dce94e1d29483136a35f469b4da43db08377286de48,exact,14,14,18.3,20.57,13.8,12.43,above_obs,-4.3,4.3,0.001,0.999,3508,3302,5,192,11,7,1,7,0,,,,,
1775615647,2026-04-08T02:34:07.000Z,Tokyo,2026-04-08,0x3845207a0d66a43daf3a54bcb8526503f99d4d100ae26521c0aa36c32cc4cb5e,exact,20,20,18.3,20.57,13.8,12.43,below_obs,1.7,1.7,0.02155671842075481,0.9779999976527907,494,4,19,353,11,4,7,3,0,,,,,
1775615647,2026-04-08T02:34:07.000Z,Tokyo,2026-04-08,0x4b5dab89e9f3bf0185b22eea47cb1ff2201e84e34bd982ab2f279ea01687ea4c,exact,17,17,18.3,20.57,13.8,12.43,above_obs,-1.3,1.3,,,,,0,0,11,3,,,0,,,,,
1775615647,2026-04-08T02:34:07.000Z,Tokyo,2026-04-08,0x5516c022ad0ecad542e70819107d0e5e239e81df6e342e556a55bb7ae81165fa,exact,16,16,18.3,20.57,13.8,12.43,above_obs,-2.3,2.3,0.08,0.9299999906998978,846,172,29,406,11,5,9,1,0,,,,,
1775615647,2026-04-08T02:34:07.000Z,Tokyo,2026-04-08,0x8e228b111cb806a4aa7e4672fd8e4f1a73056fb6583d7e1b927c06bdea36351b,exact,15,15,18.3,20.57,13.8,12.43,above_obs,-3.3,3.3,0.015,0.984286459708591,1518,348,19,40,11,6,6,4,1,NO,0.9977037037037036,404.0236067777778,,open
1775615647,2026-04-08T02:34:07.000Z,Tokyo,2026-04-08,0x982eacc096a7082a5514b005ecb4b9b5b2644da37d7f7d7163847c4ebdf08e38,exact,18,18,18.3,20.57,13.8,12.43,above_obs,-0.3,0.3,,,,,0,0,11,1,,,0,,,,,
1775615647,2026-04-08T02:34:07.000Z,Tokyo,2026-04-08,0x9e3ea347cc6d3f9d0b2bb68cb3e0a7fb787b70f3b830f7fb3a8aa05d8f7055d5,exact,11,11,18.3,20.57,13.8,12.43,above_obs,-7.3,7.3,0.003,0.999,19738,22690,0,92,11,10,5,8,0,,,,,
1775615647,2026-04-08T02:34:07.000Z,Tokyo,2026-04-08,0xd022cd14c3dcb3d608df1eb422bf66db8c51d5eb9a62e9d4f78aaeaa15734063,or_below,,10,18.3,20.57,13.8,12.43,above_obs,-8.3,8.3,0.001,0.998,67938,51098,0,83,11,11,2,5,0,,,,,
1775615647,2026-04-08T02:34:07.000Z,Tokyo,2026-04-08,0xe5c3e912e4924882a19a5551c8cea973d0c08e8a1e589005c7915e24db2e30bf,exact,13,13,18.3,20.57,13.8,12.43,above_obs,-5.3,5.3,0.001,0.999,8894,7958,0,179,11,8,3,9,0,,,,,
1775615647,2026-04-08T02:34:07.000Z,Tokyo,2026-04-08,0xfe96e18a3256104d1e85f98be65612f17c04450d7244b87890b8931b5551f60d,exact,12,12,18.3,20.57,13.8,12.43,above_obs,-6.3,6.3,0.001,0.998,20632,21604,0,94,11,9,4,6,0,,,,,
1775883761,2026-04-11T05:02:41.000Z,Tokyo,2026-04-11,0x18ca538b6cbbe35c31fa516d79332f6c396f709898b5f28ed6a2a1f997764e53,exact,22,22,25.5,0.04,25.5,9.96,above_obs,-3.5,3.5,0.001,0.999,5194,682,6,811,11,5,1,5,0,,,,,
1775883761,2026-04-11T05:02:41.000Z,Tokyo,2026-04-11,0x19326da16c51d548c390d6fb560aeba5c4ccfb3ddd749614c6664eb6a87051d4,exact,21,21,25.5,0.04,25.5,9.96,above_obs,-4.5,4.5,0.001,0.999,9012,1390,1,530,11,6,2,6,0,,,,,
1775883761,2026-04-11T05:02:41.000Z,Tokyo,2026-04-11,0x38cdb140cbee528998075c96d0b287aa64e1e3e452e4d5c17b2f0c5e31e37010,exact,23,23,25.5,0.04,25.5,9.96,above_obs,-2.5,2.5,0.001,0.999,4424,1360,5,857,11,4,3,7,0,,,,,
1775883761,2026-04-11T05:02:41.000Z,Tokyo,2026-04-11,0x3f49f0c5745897556e4fe20d76380b97e07df61be8351e9a7732586dcdf8dcd6,exact,24,24,25.5,0.04,25.5,9.96,above_obs,-1.5,1.5,0.3269999408129811,0.6989999713674897,422,8,105,223,11,3,10,2,1,NO,0.8751200291158443,643.1225502139289,,open
1775883761,2026-04-11T05:02:41.000Z,Tokyo,2026-04-11,0x4351519b36bd73ea00a9ff9f8fe23c147b649937459424405752e0661a858492,exact,25,25,25.5,0.04,25.5,9.96,above_obs,-0.5,0.5,0.48,0.52,38,30,80,80,11,1,11,1,0,,,,,
1775883761,2026-04-11T05:02:41.000Z,Tokyo,2026-04-11,0x457a43786e5311e31c7fd2c196abfc073ce49ccab343e628612f922acb212a5b,exact,20,20,25.5,0.04,25.5,9.96,above_obs,-5.5,5.5,0.001,0.999,12934,4708,0,493,11,7,4,8,0,,,,,
1775883761,2026-04-11T05:02:41.000Z,Tokyo,2026-04-11,0xb6f802c8e9dee396ceb3063ab01ae15f8d45d8b2c8fa583c8069ae71b5b30908,exact,18,18,25.5,0.04,25.5,9.96,above_obs,-7.5,7.5,0.001,0.999,61478,50512,0,107,11,9,5,9,0,,,,,
1775883761,2026-04-11T05:02:41.000Z,Tokyo,2026-04-11,0xc3eb2bc852215729be1dccbc5260c494ccc5946c21c7589aade713263d3070f7,exact,26,26,25.5,0.04,25.5,9.96,below_obs,0.5,0.5,0.17999986971425594,0.8299999934126971,230,16,71,1495,11,2,9,3,0,,,,,
1775883761,2026-04-11T05:02:41.000Z,Tokyo,2026-04-11,0xd61b23f149bcae53d0c10e26964385ae5d1ca9b4d930ad3957ad902a3633c7c3,exact,17,17,25.5,0.04,25.5,9.96,above_obs,-8.5,8.5,0.001,0.999,51532,42362,0,291,11,10,6,10,0,,,,,
1775883761,2026-04-11T05:02:41.000Z,Tokyo,2026-04-11,0xe0da6a2e278b22864de57968e8b6875b1328f7fd5dc570970fd2d7ca78a33bb6,exact,19,19,25.5,0.04,25.5,9.96,above_obs,-6.5,6.5,0.0016104356228359771,0.9989952100411282,24470,26388,0,277,11,8,8,4,0,,,,,
1775883761,2026-04-11T05:02:41.000Z,Tokyo,2026-04-11,0xf0c7dd449d2c2407e66206e0b6907cd4a9e1afbe6c416311df7eccc058aec5a4,or_below,,16,25.5,0.04,25.5,9.96,above_obs,-9.5,9.5,0.001,0.999,68802,55924,0,391,11,11,7,11,0,,,,,
1775959341,2026-04-12T02:02:21.000Z,Tokyo,2026-04-12,0x199cf18daa723f4b2faef0301e6f397b8419d028bd9955387c7f2ed6be8204f8,exact,14,14,25.5,21.04,19.2,12.96,above_obs,-11.5,11.5,0.001,0.999,70904,61300,0,162,11,10,1,6,0,,,,,
1775959341,2026-04-12T02:02:21.000Z,Tokyo,2026-04-12,0x19f31a17a3cddd19cffafde040c318290dccbcdd105e63f8d431b495d8b06b29,exact,19,19,25.5,21.04,19.2,12.96,above_obs,-6.5,6.5,0.02,0.98,62,184,14,30,11,5,7,3,0,,,,,
1775959341,2026-04-12T02:02:21.000Z,Tokyo,2026-04-12,0x2c97f063c83bc09020b7a9dc60d254304262ba631c77833a46b53719bd0af749,exact,18,18,25.5,21.04,19.2,12.96,above_obs,-7.5,7.5,0.004,0.996,232,128,18,326,11,6,6,4,1,NO,0.9973045598948823,452.2566545704801,,open
1775959341,2026-04-12T02:02:21.000Z,Tokyo,2026-04-12,0x5c96bf381e7eecf576da778a03af38b74ca3821e509698b27bbf9ef3282f3663,exact,21,21,25.5,21.04,19.2,12.96,above_obs,-4.5,4.5,0.64,0.4,226,108,16,16,11,3,9,1,0,,,,,
1775959341,2026-04-12T02:02:21.000Z,Tokyo,2026-04-12,0x6246fc44754d759b32b67dae570ab09a197857e44ae12666c0afd2990e305eac,exact,22,22,25.5,21.04,19.2,12.96,above_obs,-3.5,3.5,,,,,0,0,11,2,,,0,,,,,
1775959341,2026-04-12T02:02:21.000Z,Tokyo,2026-04-12,0x80dc484b368b5fcfb21ad78becc84c1e0417c6e726e2d56f06664d2e75085eea,exact,17,17,25.5,21.04,19.2,12.96,above_obs,-8.5,8.5,0.001,0.999,34788,35774,0,232,11,7,2,7,0,,,,,
1775959341,2026-04-12T02:02:21.000Z,Tokyo,2026-04-12,0x98abc911e4462aac3e472e89484d8d9e2bafd6cbb581f7d18572e155d68f25fe,exact,16,16,25.5,21.04,19.2,12.96,above_obs,-9.5,9.5,0.001,0.999,65046,39240,0,146,11,8,3,8,0,,,,,
1775959341,2026-04-12T02:02:21.000Z,Tokyo,2026-04-12,0xc98123c774b8589d6e12033699edf7d00d770e15e85fac51239a99d01458bfc1,exact,20,20,25.5,21.04,19.2,12.96,above_obs,-5.5,5.5,0.16999988609996242,0.83,84,154,46,460,11,4,8,2,0,,,,,
1775959341,2026-04-12T02:02:21.000Z,Tokyo,2026-04-12,0xfc823637177e1490aee71fd2f5f9608dbac7d9a1e1ba3012d6820f0bf3bc206a,or_below,,13,25.5,21.04,19.2,12.96,above_obs,-12.5,12.5,0.001,0.999,91902,90110,0,108,11,11,4,9,0,,,,,
1775959341,2026-04-12T02:02:21.000Z,Tokyo,2026-04-12,0xff750dfb94f0732c58933496949814a7cea5e9b250fbd85ddcdec8758b378156,exact,23,23,25.5,21.04,19.2,12.96,above_obs,-2.5,2.5,,,,,0,0,11,1,,,0,,,,,
1775959341,2026-04-12T02:02:21.000Z,Tokyo,2026-04-12,0xffe364f9005dea560495b1826137f8abbb0cd5325bc752fed9f01426d74ab847,exact,15,15,25.5,21.04,19.2,12.96,above_obs,-10.5,10.5,0.002,0.998829411658643,70904,70716,0,67,11,9,5,5,0,,,,,
1775962951,2026-04-12T03:02:31.000Z,Tokyo,2026-04-12,0x199cf18daa723f4b2faef0301e6f397b8419d028bd9955387c7f2ed6be8204f8,exact,14,14,25.5,22.04,20.1,11.96,above_obs,-11.5,11.5,0.001,0.999,74514,64910,0,162,11,10,1,6,0,,,,,
1775962951,2026-04-12T03:02:31.000Z,Tokyo,2026-04-12,0x19f31a17a3cddd19cffafde040c318290dccbcdd105e63f8d431b495d8b06b29,exact,19,19,25.5,22.04,20.1,11.96,above_obs,-6.5,6.5,0.015773181647903152,0.984,210,66,33,63,11,5,7,4,1,NO,0.9949582931018277,2328.232224758321,,open
1775962951,2026-04-12T03:02:31.000Z,Tokyo,2026-04-12,0x2c97f063c83bc09020b7a9dc60d254304262ba631c77833a46b53719bd0af749,exact,18,18,25.5,22.04,20.1,11.96,above_obs,-7.5,7.5,0.001,0.999,2834,278,10,345,11,6,2,7,0,,,,,
1775962951,2026-04-12T03:02:31.000Z,Tokyo,2026-04-12,0x5c96bf381e7eecf576da778a03af38b74ca3821e509698b27bbf9ef3282f3663,exact,21,21,25.5,22.04,20.1,11.96,above_obs,-4.5,4.5,0.6099999946624999,0.38,274,358,47,63,11,3,10,1,0,,,,,
1775962951,2026-04-12T03:02:31.000Z,Tokyo,2026-04-12,0x6246fc44754d759b32b67dae570ab09a197857e44ae12666c0afd2990e305eac,exact,22,22,25.5,22.04,20.1,11.96,above_obs,-3.5,3.5,0.2399999673599979,0.77,264,142,13,13,11,2,9,2,0,,,,,
1775962951,2026-04-12T03:02:31.000Z,Tokyo,2026-04-12,0x80dc484b368b5fcfb21ad78becc84c1e0417c6e726e2d56f06664d2e75085eea,exact,17,17,25.5,22.04,20.1,11.96,above_obs,-8.5,8.5,0.001,0.999,38398,39384,0,232,11,7,3,8,0,,,,,
1775962951,2026-04-12T03:02:31.000Z,Tokyo,2026-04-12,0x98abc911e4462aac3e472e89484d8d9e2bafd6cbb581f7d18572e155d68f25fe,exact,16,16,25.5,22.04,20.1,11.96,above_obs,-9.5,9.5,0.001,0.999,68656,42850,0,146,11,8,4,9,0,,,,,
1775962951,2026-04-12T03:02:31.000Z,Tokyo,2026-04-12,0xc98123c774b8589d6e12033699edf7d00d770e15e85fac51239a99d01458bfc1,exact,20,20,25.5,22.04,20.1,11.96,above_obs,-5.5,5.5,0.15,0.9,60,928,79,539,11,4,8,3,0,,,,,
1775962951,2026-04-12T03:02:31.000Z,Tokyo,2026-04-12,0xfc823637177e1490aee71fd2f5f9608dbac7d9a1e1ba3012d6820f0bf3bc206a,or_below,,13,25.5,22.04,20.1,11.96,above_obs,-12.5,12.5,0.001,0.999,95512,93720,0,108,11,11,5,10,0,,,,,
1775962951,2026-04-12T03:02:31.000Z,Tokyo,2026-04-12,0xff750dfb94f0732c58933496949814a7cea5e9b250fbd85ddcdec8758b378156,exact,23,23,25.5,22.04,20.1,11.96,above_obs,-2.5,2.5,,,,,0,0,11,1,,,0,,,,,
1775962951,2026-04-12T03:02:31.000Z,Tokyo,2026-04-12,0xffe364f9005dea560495b1826137f8abbb0cd5325bc752fed9f01426d74ab847,exact,15,15,25.5,22.04,20.1,11.96,above_obs,-10.5,10.5,0.002,0.998829411658643,74514,74326,0,67,11,9,6,5,0,,,,,
1775966239,2026-04-12T03:57:19.000Z,Jakarta,2026-04-12,0x30ccce3cead0157a2731fd199d6991c3cf1ed32d996fbf930397d74742a8866b,exact,28,28,32.3,21.96,29.8,13.04,above_obs,-4.3,4.3,0.002,0.999,14024,27632,0,54,11,9,3,7,0,,,,,
1775966239,2026-04-12T03:57:19.000Z,Jakarta,2026-04-12,0x380f6d67a21db659add24c4902bb21c2e4410a0f1c827489d85639113cf030ac,exact,29,29,32.3,21.96,29.8,13.04,above_obs,-3.3,3.3,0.001990049751243781,0.999,9528,9640,0,59,11,7,2,8,0,,,,,
1775966239,2026-04-12T03:57:19.000Z,Jakarta,2026-04-12,0x3e88948c03b7e3f01c9e48b4b1465e4db89abe88e329f1187576f70f217cd5d3,exact,34,34,32.3,21.96,29.8,13.04,below_obs,1.7,1.7,0.35999987039991704,0.7,70,588,6,97,11,4,11,1,0,,,,,
1775966239,2026-04-12T03:57:19.000Z,Jakarta,2026-04-12,0x4002ddcc035eef4f877be9b1c0f4f8299577684ec1b1dbba4229fbe9e1b310e2,exact,36,36,32.3,21.96,29.8,13.04,below_obs,3.7,3.7,0.006,0.994,702,482,7,63,11,8,5,5,0,,,,,
1775966239,2026-04-12T03:57:19.000Z,Jakarta,2026-04-12,0x6bcf810836dad071046dfae10dcf62ae6e10141c09e963d1e5e05e08bc54d350,exact,31,31,32.3,21.96,29.8,13.04,above_obs,-1.3,1.3,0.022727272727272728,0.999,5612,982,8,133,11,3,7,9,0,,,,,
1775966239,2026-04-12T03:57:19.000Z,Jakarta,2026-04-12,0x6e0fc8d70ba5ebc526699c6cc851199aa62c44cc43338afb7bfc5f14a4e67ce9,exact,30,30,32.3,21.96,29.8,13.04,above_obs,-2.3,2.3,0.01,0.999,10104,206,9,102,11,5,6,10,0,,,,,
1775966239,2026-04-12T03:57:19.000Z,Jakarta,2026-04-12,0x72ba310e91c2eb7898ca885fef8eb67e3640f5a20ae1336c6807857f32931706,or_below,,27,32.3,21.96,29.8,13.04,above_obs,-5.3,5.3,0.001,0.999,14024,85036,0,15,11,11,1,11,0,,,,,
1775966239,2026-04-12T03:57:19.000Z,Jakarta,2026-04-12,0x74a307ad8c1a58750ed04a37f8bef2f62627636b08f96b55560deae50892c729,exact,33,33,32.3,21.96,29.8,13.04,below_obs,0.7,0.7,0.27,0.75,702,482,15,15,11,2,10,2,0,,,,,
1775966239,2026-04-12T03:57:19.000Z,Jakarta,2026-04-12,0xb8224b48b81297d31fa09a2e7d7b3ad69f5e494a8ab166deb20b0527f234b19c,exact,32,32,32.3,21.96,29.8,13.04,above_obs,-0.3,0.3,0.19,0.878523768366465,480,396,17,122,11,1,8,4,1,NO,0.9842777468931012,2742.1566698771376,,open
1775966239,2026-04-12T03:57:19.000Z,Jakarta,2026-04-12,0xe83cffe1a83c9a7a76de235420df614b9a36a342c3fb6eb61855b78e7937bce1,exact,35,35,32.3,21.96,29.8,13.04,below_obs,2.7,2.7,0.251,0.75,702,260,9,95,11,6,9,3,0,,,,,
1775966239,2026-04-12T03:57:19.000Z,Jakarta,2026-04-12,0xf663951e4d74b31072fb4c7340cff7859418970c6489284ccac734fbb30d593a,exact,37,37,32.3,21.96,29.8,13.04,below_obs,4.7,4.7,0.002,0.998,702,482,6,59,11,10,4,6,0,,,,,
1775970007,2026-04-12T05:00:07.000Z,Jakarta,2026-04-12,0x30ccce3cead0157a2731fd199d6991c3cf1ed32d996fbf930397d74742a8866b,exact,28,28,32.3,23,31.8,12,above_obs,-4.3,4.3,0.002,0.999,17792,31400,0,54,11,9,4,6,0,,,,,
1775970007,2026-04-12T05:00:07.000Z,Jakarta,2026-04-12,0x380f6d67a21db659add24c4902bb21c2e4410a0f1c827489d85639113cf030ac,exact,29,29,32.3,23,31.8,12,above_obs,-3.3,3.3,0.001990049751243781,0.999,13296,13408,0,59,11,7,3,7,0,,,,,
1775970007,2026-04-12T05:00:07.000Z,Jakarta,2026-04-12,0x3e88948c03b7e3f01c9e48b4b1465e4db89abe88e329f1187576f70f217cd5d3,exact,34,34,32.3,23,31.8,12,below_obs,1.7,1.7,0.48999982849988855,0.7,594,4356,6,103,11,4,11,2,0,,,,,
1775970007,2026-04-12T05:00:07.000Z,Jakarta,2026-04-12,0x4002ddcc035eef4f877be9b1c0f4f8299577684ec1b1dbba4229fbe9e1b310e2,exact,36,36,32.3,23,31.8,12,below_obs,3.7,3.7,0.09004912836767036,0.959595390524968,1060,572,14,77,11,8,8,4,0,,,,,
1775970007,2026-04-12T05:00:07.000Z,Jakarta,2026-04-12,0x6bcf810836dad071046dfae10dcf62ae6e10141c09e963d1e5e05e08bc54d350,exact,31,31,32.3,23,31.8,12,above_obs,-1.3,1.3,0.022727272727272728,0.999,9380,2836,5,138,11,3,7,8,0,,,,,
1775970007,2026-04-12T05:00:07.000Z,Jakarta,2026-04-12,0x6e0fc8d70ba5ebc526699c6cc851199aa62c44cc43338afb7bfc5f14a4e67ce9,exact,30,30,32.3,23,31.8,12,above_obs,-2.3,2.3,0.01,0.999,13872,2844,1,103,11,5,6,9,0,,,,,
1775970007,2026-04-12T05:00:07.000Z,Jakarta,2026-04-12,0x72ba310e91c2eb7898ca885fef8eb67e3640f5a20ae1336c6807857f32931706,or_below,,27,32.3,23,31.8,12,above_obs,-5.3,5.3,0.001,0.999,17792,88804,0,15,11,11,1,10,0,,,,,
1775970007,2026-04-12T05:00:07.000Z,Jakarta,2026-04-12,0x74a307ad8c1a58750ed04a37f8bef2f62627636b08f96b55560deae50892c729,exact,33,33,32.3,23,31.8,12,below_obs,0.7,0.7,0.2,0.90258,1056,8,9,25,11,2,9,3,1,NO,0.9770416087282062,912.387648715929,,open
1775970007,2026-04-12T05:00:07.000Z,Jakarta,2026-04-12,0xb8224b48b81297d31fa09a2e7d7b3ad69f5e494a8ab166deb20b0527f234b19c,exact,32,32,32.3,23,31.8,12,above_obs,-0.3,0.3,0.001,0.999,3036,2662,9,138,11,1,2,11,0,,,,,
1775970007,2026-04-12T05:00:07.000Z,Jakarta,2026-04-12,0xe83cffe1a83c9a7a76de235420df614b9a36a342c3fb6eb61855b78e7937bce1,exact,35,35,32.3,23,31.8,12,below_obs,2.7,2.7,0.319,0.681,1054,460,7,102,11,6,10,1,0,,,,,
1775970007,2026-04-12T05:00:07.000Z,Jakarta,2026-04-12,0xf663951e4d74b31072fb4c7340cff7859418970c6489284ccac734fbb30d593a,exact,37,37,32.3,23,31.8,12,below_obs,4.7,4.7,0.005,0.998,1060,4250,4,63,11,10,5,5,0,,,,,
1775975609,2026-04-12T06:33:29.000Z,Jakarta,2026-04-12,0x30ccce3cead0157a2731fd199d6991c3cf1ed32d996fbf930397d74742a8866b,exact,28,28,33.2,0.56,33.2,10.44,above_obs,-5.2,5.2,0.002,0.999,23394,37002,0,54,11,10,6,4,0,,,,,
1775975609,2026-04-12T06:33:29.000Z,Jakarta,2026-04-12,0x380f6d67a21db659add24c4902bb21c2e4410a0f1c827489d85639113cf030ac,exact,29,29,33.2,0.56,33.2,10.44,above_obs,-4.2,4.2,0.001,0.999,5594,4674,0,61,11,9,1,5,0,,,,,
1775975609,2026-04-12T06:33:29.000Z,Jakarta,2026-04-12,0x3e88948c03b7e3f01c9e48b4b1465e4db89abe88e329f1187576f70f217cd5d3,exact,34,34,33.2,0.56,33.2,10.44,below_obs,0.8,0.8,0.8499999149996685,0.2,110,46,22,140,11,2,11,1,1,YES,0.8696938340089609,161.9878863756347,,open
1775975609,2026-04-12T06:33:29.000Z,Jakarta,2026-04-12,0x4002ddcc035eef4f877be9b1c0f4f8299577684ec1b1dbba4229fbe9e1b310e2,exact,36,36,33.2,0.56,33.2,10.44,below_obs,2.8,2.8,0.1,0.98,3262,466,12,99,11,6,9,3,0,,,,,
1775975609,2026-04-12T06:33:29.000Z,Jakarta,2026-04-12,0x6bcf810836dad071046dfae10dcf62ae6e10141c09e963d1e5e05e08bc54d350,exact,31,31,33.2,0.56,33.2,10.44,above_obs,-2.2,2.2,0.001,0.999,5594,8438,0,139,11,5,2,6,0,,,,,
1775975609,2026-04-12T06:33:29.000Z,Jakarta,2026-04-12,0x6e0fc8d70ba5ebc526699c6cc851199aa62c44cc43338afb7bfc5f14a4e67ce9,exact,30,30,33.2,0.56,33.2,10.44,above_obs,-3.2,3.2,0.001,0.999,5594,8446,0,104,11,7,3,7,0,,,,,
1775975609,2026-04-12T06:33:29.000Z,Jakarta,2026-04-12,0x72ba310e91c2eb7898ca885fef8eb67e3640f5a20ae1336c6807857f32931706,or_below,,27,33.2,0.56,33.2,10.44,above_obs,-6.2,6.2,0.001,0.999,23394,94406,0,15,11,11,4,8,0,,,,,
1775975609,2026-04-12T06:33:29.000Z,Jakarta,2026-04-12,0x74a307ad8c1a58750ed04a37f8bef2f62627636b08f96b55560deae50892c729,exact,33,33,33.2,0.56,33.2,10.44,above_obs,-0.2,0.2,0.02,0.999,5588,5168,0,42,11,1,8,9,0,,,,,
1775975609,2026-04-12T06:33:29.000Z,Jakarta,2026-04-12,0xb8224b48b81297d31fa09a2e7d7b3ad69f5e494a8ab166deb20b0527f234b19c,exact,32,32,33.2,0.56,33.2,10.44,above_obs,-1.2,1.2,0.001,0.999,5594,8264,0,139,11,3,5,10,0,,,,,
1775975609,2026-04-12T06:33:29.000Z,Jakarta,2026-04-12,0xe83cffe1a83c9a7a76de235420df614b9a36a342c3fb6eb61855b78e7937bce1,exact,35,35,33.2,0.56,33.2,10.44,below_obs,1.8,1.8,0.24899996613599784,0.86,3016,1328,10,126,11,4,10,2,0,,,,,
1775975609,2026-04-12T06:33:29.000Z,Jakarta,2026-04-12,0xf663951e4d74b31072fb4c7340cff7859418970c6489284ccac734fbb30d593a,exact,37,37,33.2,0.56,33.2,10.44,below_obs,3.8,3.8,0.002,0.999,3262,1328,6,75,11,8,7,11,0,,,,,
1776049357,2026-04-13T03:02:37.000Z,Tokyo,2026-04-13,0x21e46ebb65b3892942a4441f2e9a5376fde0db2ab9655ea776d9fa1469c673da,exact,22,22,22.6,0.04,22.6,11.96,above_obs,-0.6,0.6,0.34,0.7599999695999891,254,96,50,602,11,2,10,2,0,,,,,
1776049357,2026-04-13T03:02:37.000Z,Tokyo,2026-04-13,0x3ab8c4e9956a36f109b4ac583dab3c45b7e9f568f2bbe314268c5ee18a99c832,exact,21,21,22.6,0.04,22.6,11.96,above_obs,-1.6,1.6,0.02,0.991,56,10,73,585,11,3,9,4,0,,,,,
1776049357,2026-04-13T03:02:37.000Z,Tokyo,2026-04-13,0x3fcfa333c27894ef82e4e9ad5733dacf4dcfc42ab32ef9a08e6e5c736c7b8f20,or_below,,13,22.6,0.04,22.6,11.96,above_obs,-9.6,9.6,0.001,0.999,43048,87198,0,94,11,11,1,6,0,,,,,
1776049357,2026-04-13T03:02:37.000Z,Tokyo,2026-04-13,0x425b1f4c74febd955a7b1bb8d25266f68310438feda549486640d26a9b807ad3,exact,16,16,22.6,0.04,22.6,11.96,above_obs,-6.6,6.6,0.001,0.997,79156,71844,0,99,11,8,2,5,0,,,,,
1776049357,2026-04-13T03:02:37.000Z,Tokyo,2026-04-13,0x4dda7dc3b7bdf0aa6194c92ad7029c51bf40439153bd9577421ca08f1295e904,exact,17,17,22.6,0.04,22.6,11.96,above_obs,-5.6,5.6,0.001,0.999,69594,71530,0,164,11,7,3,7,0,,,,,
1776049357,2026-04-13T03:02:37.000Z,Tokyo,2026-04-13,0x80f49155adda2944e53d0425e96fea3332c354b9edebd5bc40048d2cad1e0ba6,exact,15,15,22.6,0.04,22.6,11.96,above_obs,-7.6,7.6,0.001,0.999,43048,152316,0,101,11,9,4,8,0,,,,,
1776049357,2026-04-13T03:02:37.000Z,Tokyo,2026-04-13,0x87a4f6c3d2283809804f6d35bef41d928f876fa9d4dc8215c2064c4f6e07512f,exact,20,20,22.6,0.04,22.6,11.96,above_obs,-2.6,2.6,0.011,0.989,140,114,54,95,11,4,8,3,0,,,,,
1776049357,2026-04-13T03:02:37.000Z,Tokyo,2026-04-13,0xc199d10f37efa122496ed674cd5779afcaf00d8a90dd91104d6237b2ba6f4b0f,exact,14,14,22.6,0.04,22.6,11.96,above_obs,-8.6,8.6,0.001,0.999,43048,135864,0,88,11,10,5,9,0,,,,,
1776049357,2026-04-13T03:02:37.000Z,Tokyo,2026-04-13,0xd25bc68b7582e9b6cc69ab0635a103c2a8d5c6f6108af71cfa200cdb32ee4292,exact,19,19,22.6,0.04,22.6,11.96,above_obs,-3.6,3.6,0.002,0.999,3498,1926,21,407,11,5,7,10,0,,,,,
1776049357,2026-04-13T03:02:37.000Z,Tokyo,2026-04-13,0xda473794ab0f8659e2099b91c025371da0e555cb4635b31444ff89bf7310e8df,exact,23,23,22.6,0.04,22.6,11.96,below_obs,0.4,0.4,0.77,0.37,14,58,85,833,11,1,11,1,1,YES,0.9669007746288847,4959.812589143025,,open
1776049357,2026-04-13T03:02:37.000Z,Tokyo,2026-04-13,0xf758db1765ca665fda1cc16cfaa7a7f3562933bb4ac869f53d452b633157cb2f,exact,18,18,22.6,0.04,22.6,11.96,above_obs,-4.6,4.6,0.001,0.999,4500,1866,1,296,11,6,6,11,0,,,,,
1776049379,2026-04-13T03:02:59.000Z,Tokyo,2026-04-13,0x21e46ebb65b3892942a4441f2e9a5376fde0db2ab9655ea776d9fa1469c673da,exact,22,22,22.6,0.05,22.6,11.95,above_obs,-0.6,0.6,0.09244594594594595,0.94,4,2,58,612,11,2,10,2,1,NO,0.9817586275276518,947.260159505989,,open
1776049379,2026-04-13T03:02:59.000Z,Tokyo,2026-04-13,0x3ab8c4e9956a36f109b4ac583dab3c45b7e9f568f2bbe314268c5ee18a99c832,exact,21,21,22.6,0.05,22.6,11.95,above_obs,-1.6,1.6,0.005732432432432433,0.99,4,16,78,591,11,3,8,3,0,,,,,
1776049379,2026-04-13T03:02:59.000Z,Tokyo,2026-04-13,0x3fcfa333c27894ef82e4e9ad5733dacf4dcfc42ab32ef9a08e6e5c736c7b8f20,or_below,,13,22.6,0.05,22.6,11.95,above_obs,-9.6,9.6,0.001,0.999,43070,87220,0,94,11,11,1,6,0,,,,,
1776049379,2026-04-13T03:02:59.000Z,Tokyo,2026-04-13,0x425b1f4c74febd955a7b1bb8d25266f68310438feda549486640d26a9b807ad3,exact,16,16,22.6,0.05,22.6,11.95,above_obs,-6.6,6.6,0.001,0.997,79178,71866,0,99,11,8,2,5,0,,,,,
1776049379,2026-04-13T03:02:59.000Z,Tokyo,2026-04-13,0x4dda7dc3b7bdf0aa6194c92ad7029c51bf40439153bd9577421ca08f1295e904,exact,17,17,22.6,0.05,22.6,11.95,above_obs,-5.6,5.6,0.001,0.999,69616,71552,0,164,11,7,3,7,0,,,,,
1776049379,2026-04-13T03:02:59.000Z,Tokyo,2026-04-13,0x80f49155adda2944e53d0425e96fea3332c354b9edebd5bc40048d2cad1e0ba6,exact,15,15,22.6,0.05,22.6,11.95,above_obs,-7.6,7.6,0.001,0.999,43070,152338,0,101,11,9,4,8,0,,,,,
1776049379,2026-04-13T03:02:59.000Z,Tokyo,2026-04-13,0x87a4f6c3d2283809804f6d35bef41d928f876fa9d4dc8215c2064c4f6e07512f,exact,20,20,22.6,0.05,22.6,11.95,above_obs,-2.6,2.6,0.0153,0.996,4,2,61,103,11,4,9,4,0,,,,,
1776049379,2026-04-13T03:02:59.000Z,Tokyo,2026-04-13,0xc199d10f37efa122496ed674cd5779afcaf00d8a90dd91104d6237b2ba6f4b0f,exact,14,14,22.6,0.05,22.6,11.95,above_obs,-8.6,8.6,0.001,0.999,43070,135886,0,88,11,10,5,9,0,,,,,
1776049379,2026-04-13T03:02:59.000Z,Tokyo,2026-04-13,0xd25bc68b7582e9b6cc69ab0635a103c2a8d5c6f6108af71cfa200cdb32ee4292,exact,19,19,22.6,0.05,22.6,11.95,above_obs,-3.6,3.6,0.002,0.999,3520,1948,20,407,11,5,7,10,0,,,,,
1776049379,2026-04-13T03:02:59.000Z,Tokyo,2026-04-13,0xda473794ab0f8659e2099b91c025371da0e555cb4635b31444ff89bf7310e8df,exact,23,23,22.6,0.05,22.6,11.95,below_obs,0.4,0.4,0.9624621621621622,0.04,4,2,100,849,11,1,11,1,0,,,,,
1776049379,2026-04-13T03:02:59.000Z,Tokyo,2026-04-13,0xf758db1765ca665fda1cc16cfaa7a7f3562933bb4ac869f53d452b633157cb2f,exact,18,18,22.6,0.05,22.6,11.95,above_obs,-4.6,4.6,0.001,0.999,4522,1888,1,296,11,6,6,11,0,,,,,
1776054577,2026-04-13T04:29:37.000Z,Jakarta,2026-04-13,0x0d936e64c420a88f2a72f08bfb8adea2dfd4153a5879c4907410f8b87e6d8106,exact,30,30,33.2,22.49,31.9,12.51,above_obs,-3.2,3.2,0.005,0.999,11776,7332,0,27,11,7,5,7,0,,,,,
1776054577,2026-04-13T04:29:37.000Z,Jakarta,2026-04-13,0x3179cacb56c0c420051c17c3f322eed001b6286039c51d17232fe8b5dbe4343d,exact,32,32,33.2,22.49,31.9,12.51,above_obs,-1.2,1.2,0.01,0.99,66,18,23,159,11,3,6,5,1,NO,0.99,153.4699683,,open
1776054577,2026-04-13T04:29:37.000Z,Jakarta,2026-04-13,0x486fd14104620191c1194722b667b21b622b57d8d05dab1f73d27b67365ba4ee,exact,35,35,33.2,22.49,31.9,12.51,below_obs,1.8,1.8,0.2504288164665523,0.6908753647353064,1118,1324,18,149,11,4,10,2,0,,,,,
1776054577,2026-04-13T04:29:37.000Z,Jakarta,2026-04-13,0x4b946c0626fe2ea786c07b71bfeba560b3926ae20ad5909b4919740b394dc99f,exact,34,34,33.2,22.49,31.9,12.51,below_obs,0.8,0.8,0.614758883248731,0.4,2716,2710,8,130,11,2,11,1,0,,,,,
1776054577,2026-04-13T04:29:37.000Z,Jakarta,2026-04-13,0x5118e6a71bb8767e81c13d262950bb8dfbeb06c2f1e3a47acdd2f994fe1778ec,exact,37,37,33.2,22.49,31.9,12.51,below_obs,3.8,3.8,0.003,0.998,2028,8094,3,89,11,8,4,6,0,,,,,
1776054577,2026-04-13T04:29:37.000Z,Jakarta,2026-04-13,0x5de1fc91d52f224f43c23aef7baa18f40831f411c04a2d109aec93ce0cad9ee8,exact,31,31,33.2,22.49,31.9,12.51,above_obs,-2.2,2.2,0.014,0.999,5332,4770,0,23,11,5,7,8,0,,,,,
1776054577,2026-04-13T04:29:37.000Z,Jakarta,2026-04-13,0x5f7d74f3db6a34420fecbb0ef1c0c81d5211b5fe35806b19eb799dd39b9fa877,or_below,,28,33.2,22.49,31.9,12.51,above_obs,-5.2,5.2,0.0010082932116659525,0.999,23134,93380,0,57,11,11,3,9,0,,,,,
1776054577,2026-04-13T04:29:37.000Z,Jakarta,2026-04-13,0x70ed10f45892177d53041428b78d5997745f2049af3fd4f4072a0ac4c4002c01,exact,33,33,33.2,22.49,31.9,12.51,above_obs,-0.2,0.2,0.23,0.77,944,1760,9,174,11,1,9,3,0,,,,,
1776054577,2026-04-13T04:29:37.000Z,Jakarta,2026-04-13,0xb4e52a94613ea33f4994f63d26856c2b58b48962f40d61687c0d4e6e633c4773,exact,29,29,33.2,22.49,31.9,12.51,above_obs,-4.2,4.2,0.001,0.999,19250,10452,0,79,11,9,1,10,0,,,,,
1776054577,2026-04-13T04:29:37.000Z,Jakarta,2026-04-13,0xeae4f57c62ab39345f259183a3b5668029b520a2371e4dda3534f5ee026b5b16,exact,36,36,33.2,22.49,31.9,12.51,below_obs,2.8,2.8,0.016,0.9699999951499467,2060,4134,3,129,11,6,8,4,0,,,,,
1776054577,2026-04-13T04:29:37.000Z,Jakarta,2026-04-13,0xfba7ada55c88067f6b701928e229e16cbefce33a8627c88f836fac6191045f6f,exact,38,38,33.2,22.49,31.9,12.51,below_obs,4.8,4.8,0.001,0.999,2720,3232,3,77,11,10,2,11,0,,,,,
1776102811,2026-04-13T17:53:31.000Z,Panama City,2026-04-14,0x1509bbce2e837b7b0316825a897128ff70d16fd700f43dcd80178e4c715c48a8,exact,27,27,32.1,0.89,32.1,35.11,above_obs,-5.1,5.1,0.001,0.999,51938,54426,0,26,11,7,1,6,0,,,,,
1776102811,2026-04-13T17:53:31.000Z,Panama City,2026-04-14,0x21015ea3e0bf021523328bf6ebee10eafa9ca51080b061edead4939f864dd56e,exact,33,33,32.1,0.89,32.1,35.11,below_obs,0.9,0.9,0.96,0.0459333024548402,70,1872,9,83,11,2,10,1,1,YES,0.979987306394682,879.2361246072354,,open
1776102811,2026-04-13T17:53:31.000Z,Panama City,2026-04-14,0x2b4e9ab835d24c962b3f6c00e3782a12a581b8195953f3f4b890b0b4ed0418e8,exact,31,31,32.1,0.89,32.1,35.11,above_obs,-1.1,1.1,0.01,0.99,680,58,8,60,11,3,9,2,0,,,,,
1776102811,2026-04-13T17:53:31.000Z,Panama City,2026-04-14,0x42e183a04aba7554c258df0fe8f72a1d1e82243e44e0dd98a76b814fb6efce66,exact,29,29,32.1,0.89,32.1,35.11,above_obs,-3.1,3.1,0.002,0.997,680,15088,7,46,11,5,6,3,0,,,,,
1776102811,2026-04-13T17:53:31.000Z,Panama City,2026-04-14,0x44ce9f78e0ea64728c8117bf3f649217000092af18d6d6eac3be17154bd7138f,exact,24,24,32.1,0.89,32.1,35.11,above_obs,-8.1,8.1,0.001,0.999,96514,62164,0,22,11,10,2,7,0,,,,,
1776102811,2026-04-13T17:53:31.000Z,Panama City,2026-04-14,0x510ebe3f15e82c9ef0f32d5d5d83da2910c67faa0aad85098cc3d88f377f55c3,exact,26,26,32.1,0.89,32.1,35.11,above_obs,-6.1,6.1,0.002,0.999,47188,12674,0,31,11,8,7,8,0,,,,,
1776102811,2026-04-13T17:53:31.000Z,Panama City,2026-04-14,0x68d9cdafb59408ae4b3327152c26d4918a6e5825fb6a8e07de418b596895d999,exact,32,32,32.1,0.89,32.1,35.11,above_obs,-0.1,0.1,,,,,0,0,11,1,,,0,,,,,
1776102811,2026-04-13T17:53:31.000Z,Panama City,2026-04-14,0xb63cd878a24dd2a5ecfc2bbdef01729da30486a6994b246f71bfd638a9d90130,or_below,,23,32.1,0.89,32.1,35.11,above_obs,-9.1,9.1,0.001,0.999,96520,62164,0,21,11,11,3,9,0,,,,,
1776102811,2026-04-13T17:53:31.000Z,Panama City,2026-04-14,0xd666f56754126223e7c5285c554300ac8d4243608ab11341a0aca72856208769,exact,28,28,32.1,0.89,32.1,35.11,above_obs,-4.1,4.1,0.001,0.999,680,17576,7,45,11,6,4,10,0,,,,,
1776102811,2026-04-13T17:53:31.000Z,Panama City,2026-04-14,0xea67294dea1fefb64b55f2fd8c5537966bd9c6f2f73f31773d908bfd22b67f89,exact,30,30,32.1,0.89,32.1,35.11,above_obs,-2.1,2.1,0.002,0.997,680,15086,7,52,11,4,8,4,0,,,,,
1776102811,2026-04-13T17:53:31.000Z,Panama City,2026-04-14,0xfd3a2ac85f1687f6981bbef41ccffabf6f1a369d58c2fbf600dd12b7642041cb,exact,25,25,32.1,0.89,32.1,35.11,above_obs,-7.1,7.1,0.0012661747319499368,0.998,96508,97724,0,15,11,9,5,5,0,,,,,
1776113349,2026-04-13T20:49:09.000Z,Mexico City,2026-04-13,0x10535d21af1709e0c2a82a374a49097e723b4208880b1a592bf709f981e8ad60,exact,18,18,24.8,24.82,23.3,9.18,above_obs,-6.8,6.8,0.001,0.999,18960,165032,0,110,11,15,1,5,0,,,,,
1776113349,2026-04-13T20:49:09.000Z,Mexico City,2026-04-13,0x167d948f7deb3dd6847982753f531fefbc9b51c0c0cf60befd6bae95217e5979,exact,22,22,24.8,24.82,23.3,9.18,above_obs,-2.8,2.8,0.007,0.999,15984,12664,0,204,11,7,15,6,0,,,,,
1776113349,2026-04-13T20:49:09.000Z,Mexico City,2026-04-13,0x1c07448b8d07fb483a2770cc4040d58e01f4f38a2926e2ceeee090ba60362127,exact,25,25,24.8,24.82,23.3,9.18,below_obs,0.2,0.2,0.422508780732564,0.52,8,140,82,141,11,1,19,3,0,,,,,
1776113349,2026-04-13T20:49:09.000Z,Mexico City,2026-04-13,0x2637768e5d81528528235f53ee316d37ca02938879b9718adec8b0b76c11777f,exact,20,20,24.8,24.82,23.3,9.18,above_obs,-4.8,4.8,0.003,0.999,15984,37922,0,152,11,11,13,7,0,,,,,
1776113349,2026-04-13T20:49:09.000Z,Mexico City,2026-04-13,0x3e0c28aa6e66d1141fc49329197f162e650c0145c508b6a8fce49e390fc5aff9,exact,24,24,24.8,24.82,23.3,9.18,above_obs,-0.8,0.8,0.52,0.12,100,26,82,623,11,3,21,1,1,NO,0.9899999999999998,745.8288749999999,,open
1776113349,2026-04-13T20:49:09.000Z,Mexico City,2026-04-13,0x7bb50bbed338976111b4a8685a4ab425c81d92c74909a04406e14c52e3c7f2d2,exact,16,16,24.8,24.82,23.3,9.18,above_obs,-8.8,8.8,0.001,0.999,20830,165032,0,99,11,19,2,8,0,,,,,
1776113349,2026-04-13T20:49:09.000Z,Mexico City,2026-04-13,0x81dc477a03e9fece7da87bfab4fc12d7943ec9f2bd966717a3f6b10d5a008f84,exact,21,21,24.8,24.82,23.3,9.18,above_obs,-3.8,3.8,0.001,0.999,15984,22416,0,160,11,9,3,9,0,,,,,
1776113349,2026-04-13T20:49:09.000Z,Mexico City,2026-04-13,0x9b22348aac2637ca29a97ca4403dd3147e89d2bf3169ebd5470827c61023469f,exact,17,17,24.8,24.82,23.3,9.18,above_obs,-7.8,7.8,0.001,0.999,18960,165032,0,112,11,17,4,10,0,,,,,
1776113349,2026-04-13T20:49:09.000Z,Mexico City,2026-04-13,0xa64b7391e9f7f6dc622a60b5a3cd1d27963bbd07c0bfdaa4ee6448339290fca7,or_below,,15,24.8,24.82,23.3,9.18,above_obs,-9.8,9.8,0.001,0.999,20830,165032,0,88,11,21,5,11,0,,,,,
1776113349,2026-04-13T20:49:09.000Z,Mexico City,2026-04-13,0xd6b0e2c142f6925a2d083bddd0b2b50f645b8d0d8cd8d2d80d9fe5437debccd1,exact,19,19,24.8,24.82,23.3,9.18,above_obs,-5.8,5.8,0.002,0.999,15984,37908,0,158,11,13,11,12,0,,,,,
1776113349,2026-04-13T20:49:09.000Z,Mexico City,2026-04-13,0xe0eec285435cc494df4b680827c7b291deecee245d20947fe4e25a6b6e1e36ec,exact,23,23,24.8,24.82,23.3,9.18,above_obs,-1.8,1.8,0.015432432432432433,0.999,11932,5100,0,35,11,5,17,13,0,,,,,
1776113349,2026-04-13T20:49:09.000Z,Mexico City,2026-04-13,0x10535d21af1709e0c2a82a374a49097e723b4208880b1a592bf709f981e8ad60,exact,18,18,24.8,24.82,23.3,9.18,above_obs,-6.8,6.8,0.001,0.999,18960,165032,0,110,11,16,6,14,0,,,,,
1776113349,2026-04-13T20:49:09.000Z,Mexico City,2026-04-13,0x167d948f7deb3dd6847982753f531fefbc9b51c0c0cf60befd6bae95217e5979,exact,22,22,24.8,24.82,23.3,9.18,above_obs,-2.8,2.8,0.007,0.999,15984,12664,0,204,11,8,16,15,0,,,,,
1776113349,2026-04-13T20:49:09.000Z,Mexico City,2026-04-13,0x1c07448b8d07fb483a2770cc4040d58e01f4f38a2926e2ceeee090ba60362127,exact,25,25,24.8,24.82,23.3,9.18,below_obs,0.2,0.2,0.422508780732564,0.52,8,140,82,141,11,2,20,4,1,YES,0.770458955397052,317.46426877948886,,open
1776113349,2026-04-13T20:49:09.000Z,Mexico City,2026-04-13,0x2637768e5d81528528235f53ee316d37ca02938879b9718adec8b0b76c11777f,exact,20,20,24.8,24.82,23.3,9.18,above_obs,-4.8,4.8,0.003,0.999,15984,37922,0,152,11,12,14,16,0,,,,,
1776113349,2026-04-13T20:49:09.000Z,Mexico City,2026-04-13,0x3e0c28aa6e66d1141fc49329197f162e650c0145c508b6a8fce49e390fc5aff9,exact,24,24,24.8,24.82,23.3,9.18,above_obs,-0.8,0.8,0.52,0.12,100,26,82,623,11,4,22,2,0,,,,,
1776113349,2026-04-13T20:49:09.000Z,Mexico City,2026-04-13,0x7bb50bbed338976111b4a8685a4ab425c81d92c74909a04406e14c52e3c7f2d2,exact,16,16,24.8,24.82,23.3,9.18,above_obs,-8.8,8.8,0.001,0.999,20830,165032,0,99,11,20,7,17,0,,,,,
1776113349,2026-04-13T20:49:09.000Z,Mexico City,2026-04-13,0x81dc477a03e9fece7da87bfab4fc12d7943ec9f2bd966717a3f6b10d5a008f84,exact,21,21,24.8,24.82,23.3,9.18,above_obs,-3.8,3.8,0.001,0.999,15984,22416,0,160,11,10,8,18,0,,,,,
1776113349,2026-04-13T20:49:09.000Z,Mexico City,2026-04-13,0x9b22348aac2637ca29a97ca4403dd3147e89d2bf3169ebd5470827c61023469f,exact,17,17,24.8,24.82,23.3,9.18,above_obs,-7.8,7.8,0.001,0.999,18960,165032,0,112,11,18,9,19,0,,,,,
1776113349,2026-04-13T20:49:09.000Z,Mexico City,2026-04-13,0xa64b7391e9f7f6dc622a60b5a3cd1d27963bbd07c0bfdaa4ee6448339290fca7,or_below,,15,24.8,24.82,23.3,9.18,above_obs,-9.8,9.8,0.001,0.999,20830,165032,0,88,11,22,10,20,0,,,,,
1776113349,2026-04-13T20:49:09.000Z,Mexico City,2026-04-13,0xd6b0e2c142f6925a2d083bddd0b2b50f645b8d0d8cd8d2d80d9fe5437debccd1,exact,19,19,24.8,24.82,23.3,9.18,above_obs,-5.8,5.8,0.002,0.999,15984,37908,0,158,11,14,12,21,0,,,,,
1776113349,2026-04-13T20:49:09.000Z,Mexico City,2026-04-13,0xe0eec285435cc494df4b680827c7b291deecee245d20947fe4e25a6b6e1e36ec,exact,23,23,24.8,24.82,23.3,9.18,above_obs,-1.8,1.8,0.015432432432432433,0.999,11932,5100,0,35,11,6,18,22,0,,,,,
1776141153,2026-04-14T04:32:33.000Z,Tokyo,2026-04-14,0x172211d6934896308acc8bf756075ed1c6581f86f744eb7c78bd09d247125baf,exact,21,21,23.1,0.54,23.1,10.46,above_obs,-2.1,2.1,0.25,0.7497147651006711,110,184,56,67,11,5,10,2,0,,,,,
1776141153,2026-04-14T04:32:33.000Z,Tokyo,2026-04-14,0x5c5d7905b38a54017ff6e99357dfe8aa58c1d0aac46d0ce49f9f8076dcbca1c5,exact,19,19,23.1,0.54,23.1,10.46,above_obs,-4.1,4.1,0.001,0.999,1276,1124,3,239,11,7,1,7,0,,,,,
1776141153,2026-04-14T04:32:33.000Z,Tokyo,2026-04-14,0x5e43ab631e20f0728c0d0b7046ef3d02a7e18bbb9c09d7744e2b20ce68176d29,exact,20,20,23.1,0.54,23.1,10.46,above_obs,-3.1,3.1,0.0291,0.98,158,144,73,501,11,6,8,4,1,NO,0.9875410053228643,409.7617323943833,,open
1776141153,2026-04-14T04:32:33.000Z,Tokyo,2026-04-14,0x60ea0017d5b0015ab2ccb97f37b6cfa8c30024a568b6f15b6ba4679481561334,or_below,,15,23.1,0.54,23.1,10.46,above_obs,-8.1,8.1,0.001,0.999,37970,59914,0,489,11,11,2,8,0,,,,,
1776141153,2026-04-14T04:32:33.000Z,Tokyo,2026-04-14,0x79221ab8f58a26e23881063d9c8d6f45757f05a0f10158a79510299c83e45ede,exact,22,22,23.1,0.54,23.1,10.46,above_obs,-1.1,1.1,0.55,0.4490826521344233,740,754,12,12,11,3,11,1,0,,,,,
1776141153,2026-04-14T04:32:33.000Z,Tokyo,2026-04-14,0x88478b606cf36e753166a3e8bceb0d698789ef440394abbf9b494ac274c6f6e6,exact,18,18,23.1,0.54,23.1,10.46,above_obs,-5.1,5.1,0.001,0.999,272,11074,2,304,11,8,3,9,0,,,,,
1776141153,2026-04-14T04:32:33.000Z,Tokyo,2026-04-14,0x8b520991892787efe7237b33c5982d9b459aff4ede08268f61d093e91ce0771e,exact,24,24,23.1,0.54,23.1,10.46,below_obs,0.9,0.9,0.014,0.9849999990149982,674,450,27,423,11,2,7,5,0,,,,,
1776141153,2026-04-14T04:32:33.000Z,Tokyo,2026-04-14,0x9bd731145e89a76f7bde377a5f3486beef9d4c5fea467dd8503add5aad816dc3,exact,25,25,23.1,0.54,23.1,10.46,below_obs,1.9,1.9,0.008350394631601716,0.995,62,86,13,330,11,4,6,6,0,,,,,
1776141153,2026-04-14T04:32:33.000Z,Tokyo,2026-04-14,0xb3fc5db783aa1654d039d9ac416d059223fc935d194ffdddfb2301a7b8240c30,exact,17,17,23.1,0.54,23.1,10.46,above_obs,-6.1,6.1,0.002367158049225052,0.999,19224,18918,0,314,11,9,5,10,0,,,,,
1776141153,2026-04-14T04:32:33.000Z,Tokyo,2026-04-14,0xd38af871d0b381562f795373e5578bdd0fbfa5e451cf0e20604ef7d5a9644a43,exact,16,16,23.1,0.54,23.1,10.46,above_obs,-7.1,7.1,0.001,0.999,91392,66010,0,90,11,10,4,11,0,,,,,
1776141153,2026-04-14T04:32:33.000Z,Tokyo,2026-04-14,0xefea8b6595fe06eab3dbccfebd90719d8f369eef68376b92f9d4842042382c8c,exact,23,23,23.1,0.54,23.1,10.46,above_obs,-0.1,0.1,0.19,0.8,6,296,29,463,11,1,9,3,0,,,,,
1776220226,2026-04-15T02:30:26.000Z,Wellington,2026-04-15,0x5553060842ca409458b5bb7acf40d4cc49981e94cd4f7c95fbb937e9e44568db,exact,19,19,16.7,26.51,16.5,9.49,below_obs,2.3,2.3,0.154,0.909,192,124,108,442,11,5,9,3,0,,,,,
1776220226,2026-04-15T02:30:26.000Z,Wellington,2026-04-15,0x58c4b8dd37906faaa63adfd243e14dc766eef4824cd0162dac09de57e088663b,exact,17,17,16.7,26.51,16.5,9.49,below_obs,0.3,0.3,0.19,0.81,20,26,247,733,11,1,10,2,1,NO,0.9770106574531944,3645.7433768832097,,open
1776220226,2026-04-15T02:30:26.000Z,Wellington,2026-04-15,0x676811735a0225ff77e76e88941879f4eb30a20337dbecc6bf1d5b58dace84a7,exact,13,13,16.7,26.51,16.5,9.49,above_obs,-3.7,3.7,0.001,0.999,48507,44239,0,183,11,8,1,5,0,,,,,
1776220226,2026-04-15T02:30:26.000Z,Wellington,2026-04-15,0x68c52858712aaef0a1ab319159d76f65962c62db5827dc9ba3a102d6bcc79b12,exact,15,15,16.7,26.51,16.5,9.49,above_obs,-1.7,1.7,0.002,0.999,20066,7244,0,155,11,4,7,6,0,,,,,
1776220226,2026-04-15T02:30:26.000Z,Wellington,2026-04-15,0x7c6eb73eb2ab9e528e20e679383a534adebc4d3ffdc16a38e635920112c942c1,exact,16,16,16.7,26.51,16.5,9.49,above_obs,-0.7,0.7,0.001,0.999,15736,12382,0,111,11,2,2,7,0,,,,,
1776220226,2026-04-15T02:30:26.000Z,Wellington,2026-04-15,0x84988814366d319e194b34a1bd0dc56e30cc4183aa06f6bbae1271514e2ce09b,exact,18,18,16.7,26.51,16.5,9.49,below_obs,1.3,1.3,0.81,0.3055410649916155,4,24,157,487,11,3,11,1,0,,,,,
1776220226,2026-04-15T02:30:26.000Z,Wellington,2026-04-15,0xa4e7fff18619eabd756cfc654db08f76362a4e26fad09151013ee382d07a1bd1,exact,14,14,16.7,26.51,16.5,9.49,above_obs,-2.7,2.7,0.001,0.999,39179,45175,0,100,11,6,3,8,0,,,,,
1776220226,2026-04-15T02:30:26.000Z,Wellington,2026-04-15,0xa6c0d4c4904db175a9213cd4b04bf27315928daae889748400055735cc2f552a,exact,20,20,16.7,26.51,16.5,9.49,below_obs,3.3,3.3,0.029,0.998,192,124,111,410,11,7,8,4,0,,,,,
1776220226,2026-04-15T02:30:26.000Z,Wellington,2026-04-15,0xe46dac9cc669a1119ca796818ca50d73bc06aba7eddf1de13801ae20323cc0a9,or_below,,10,16.7,26.51,16.5,9.49,above_obs,-6.7,6.7,0.001,0.999,77881,87895,0,436,11,11,4,9,0,,,,,
1776220226,2026-04-15T02:30:26.000Z,Wellington,2026-04-15,0xe5f94b6a9c5e83317c7a724c3b9422b2e1ec628a98de219212301cfec7434e11,exact,11,11,16.7,26.51,16.5,9.49,above_obs,-5.7,5.7,0.001,0.999,79795,79393,0,70,11,10,5,10,0,,,,,
1776220226,2026-04-15T02:30:26.000Z,Wellington,2026-04-15,0xfe5195e78db8c8c1b319bfb9a468f9fe9d3e3821c4126c58661e4a22c7fbf318,exact,12,12,16.7,26.51,16.5,9.49,above_obs,-4.7,4.7,0.001,0.999,69541,65623,0,382,11,9,6,11,0,,,,,
1776223950,2026-04-15T03:32:30.000Z,Tokyo,2026-04-15,0x0c8286146657b06271ad8237f78110b773f37ecae858cedffd61cbef9dc0e5ef,exact,18,18,23.5,22.54,21.4,11.46,above_obs,-5.5,5.5,0.001,0.999,6542,1576,3,624,11,7,1,5,0,,,,,
1776223950,2026-04-15T03:32:30.000Z,Tokyo,2026-04-15,0x188686f0c12cd2097df78ac2b9c53b5e822ba39d383c1c4a4d8773d6a72af944,exact,22,22,23.5,22.54,21.4,11.46,above_obs,-1.5,1.5,,,,,0,0,11,3,,,0,,,,,
1776223950,2026-04-15T03:32:30.000Z,Tokyo,2026-04-15,0x3026c4924a3893616869ac1e3e30222e8bc267c5c20d4f625b498350dde2afad,exact,17,17,23.5,22.54,21.4,11.46,above_obs,-6.5,6.5,0.001,0.999,7314,8352,0,399,11,8,2,6,0,,,,,
1776223950,2026-04-15T03:32:30.000Z,Tokyo,2026-04-15,0x3254e93abb25ea36d8402db6e47836fe7ffcae340535ae5fc56464a668ed3099,exact,23,23,23.5,22.54,21.4,11.46,above_obs,-0.5,0.5,0.04,0.9619999984884388,12,20,18,413,11,1,8,3,0,,,,,
1776223950,2026-04-15T03:32:30.000Z,Tokyo,2026-04-15,0x46367f30fa3e68b2ce42bc0ab616568b412d66d5162e1035f8ebadda66e548a9,or_below,,14,23.5,22.54,21.4,11.46,above_obs,-9.5,9.5,0.001,0.999,52233,46615,0,707,11,11,3,7,0,,,,,
1776223950,2026-04-15T03:32:30.000Z,Tokyo,2026-04-15,0x62d920b41b954a176f47a54ec36f7e0a3a25ed5d81d4efe04ef16771f89a6e59,exact,21,21,23.5,22.54,21.4,11.46,above_obs,-2.5,2.5,0.5350194454164708,0.5299998491537731,10,4,21,21,11,4,10,1,0,,,,,
1776223950,2026-04-15T03:32:30.000Z,Tokyo,2026-04-15,0xa7e8b2ab5456485f82723da858a6dcb413180411a177705336bef14aa6d0831e,exact,15,15,23.5,22.54,21.4,11.46,above_obs,-8.5,8.5,0.004,0.999,73293,41893,0,100,11,10,6,8,0,,,,,
1776223950,2026-04-15T03:32:30.000Z,Tokyo,2026-04-15,0xb5bcfe0c2ad205aae5f39ed9f3ca70220700f080373b6f410f4b1814de4cd986,exact,24,24,23.5,22.54,21.4,11.46,below_obs,0.5,0.5,0.019,0.989,12,564,16,382,11,2,7,4,0,,,,,
1776223950,2026-04-15T03:32:30.000Z,Tokyo,2026-04-15,0xb735558762fccc0d867ff2efe1213f9a65b26a32ca3ff48eced2323fcc768076,exact,20,20,23.5,22.54,21.4,11.46,above_obs,-3.5,3.5,0.4799999267175125,0.8182,2,2,68,594,11,5,9,2,1,NO,0.9702865637996223,2216.834292091015,,open
1776223950,2026-04-15T03:32:30.000Z,Tokyo,2026-04-15,0xda2d5a475f0b18d4e599d0e4c1a1a68adfcd7466780ff8d04833c6f599eca0a1,exact,19,19,23.5,22.54,21.4,11.46,above_obs,-4.5,4.5,0.001,0.999,1656,228,88,166,11,6,4,9,0,,,,,
1776223950,2026-04-15T03:32:30.000Z,Tokyo,2026-04-15,0xffe3910c2c0923aad4db0d494537808d1a1e9282cbab32759a85d6373483284f,exact,16,16,23.5,22.54,21.4,11.46,above_obs,-7.5,7.5,0.001,0.999,40643,47991,0,137,11,9,5,10,0,,,,,
1776232996,2026-04-15T06:03:16.000Z,Tokyo,2026-04-15,0x0c8286146657b06271ad8237f78110b773f37ecae858cedffd61cbef9dc0e5ef,exact,18,18,23.5,25.05,23,8.95,above_obs,-5.5,5.5,0.001,0.999,9044,7650,0,626,11,7,1,4,0,,,,,
1776232996,2026-04-15T06:03:16.000Z,Tokyo,2026-04-15,0x188686f0c12cd2097df78ac2b9c53b5e822ba39d383c1c4a4d8773d6a72af944,exact,22,22,23.5,25.05,23,8.95,above_obs,-1.5,1.5,0.08699992718098813,0.949,2,10,141,253,11,3,10,2,0,,,,,
1776232996,2026-04-15T06:03:16.000Z,Tokyo,2026-04-15,0x3026c4924a3893616869ac1e3e30222e8bc267c5c20d4f625b498350dde2afad,exact,17,17,23.5,25.05,23,8.95,above_obs,-6.5,6.5,0.001,0.999,16360,17398,0,399,11,8,2,5,0,,,,,
1776232996,2026-04-15T06:03:16.000Z,Tokyo,2026-04-15,0x3254e93abb25ea36d8402db6e47836fe7ffcae340535ae5fc56464a668ed3099,exact,23,23,23.5,25.05,23,8.95,above_obs,-0.5,0.5,0.001,0.994,174,160,110,630,11,1,3,3,0,,,,,
1776232996,2026-04-15T06:03:16.000Z,Tokyo,2026-04-15,0x46367f30fa3e68b2ce42bc0ab616568b412d66d5162e1035f8ebadda66e548a9,or_below,,14,23.5,25.05,23,8.95,above_obs,-9.5,9.5,0.001,0.999,61279,55661,0,707,11,11,4,6,0,,,,,
1776232996,2026-04-15T06:03:16.000Z,Tokyo,2026-04-15,0x62d920b41b954a176f47a54ec36f7e0a3a25ed5d81d4efe04ef16771f89a6e59,exact,21,21,23.5,25.05,23,8.95,above_obs,-2.5,2.5,0.95,0.05612681436210848,50,122,142,401,11,4,11,1,1,NO,0.6599557382039951,1353.6758085076713,,open
1776232996,2026-04-15T06:03:16.000Z,Tokyo,2026-04-15,0xa7e8b2ab5456485f82723da858a6dcb413180411a177705336bef14aa6d0831e,exact,15,15,23.5,25.05,23,8.95,above_obs,-8.5,8.5,0.004,0.999,82339,50939,0,100,11,10,9,7,0,,,,,
1776232996,2026-04-15T06:03:16.000Z,Tokyo,2026-04-15,0xb5bcfe0c2ad205aae5f39ed9f3ca70220700f080373b6f410f4b1814de4cd986,exact,24,24,23.5,25.05,23,8.95,below_obs,0.5,0.5,0.001,0.999,262,64,99,565,11,2,5,8,0,,,,,
1776232996,2026-04-15T06:03:16.000Z,Tokyo,2026-04-15,0xb735558762fccc0d867ff2efe1213f9a65b26a32ca3ff48eced2323fcc768076,exact,20,20,23.5,25.05,23,8.95,above_obs,-3.5,3.5,0.001,0.999,1200,856,6,653,11,5,6,9,0,,,,,
1776232996,2026-04-15T06:03:16.000Z,Tokyo,2026-04-15,0xda2d5a475f0b18d4e599d0e4c1a1a68adfcd7466780ff8d04833c6f599eca0a1,exact,19,19,23.5,25.05,23,8.95,above_obs,-4.5,4.5,0.001,0.999,9044,7218,0,171,11,6,7,10,0,,,,,
1776232996,2026-04-15T06:03:16.000Z,Tokyo,2026-04-15,0xffe3910c2c0923aad4db0d494537808d1a1e9282cbab32759a85d6373483284f,exact,16,16,23.5,25.05,23,8.95,above_obs,-7.5,7.5,0.001,0.999,49689,57037,0,137,11,9,8,11,0,,,,,
1776315668,2026-04-16T05:01:08.000Z,Singapore,2026-04-16,0x141e01d25e5f18d17a2df19091ca48d1ff618ed7468152d6a50dd48e3c584914,exact,28,28,31.7,0.02,31.7,10.98,above_obs,-3.7,3.7,0.005,0.999,57524,34568,0,105,11,7,7,7,0,,,,,
1776315668,2026-04-16T05:01:08.000Z,Singapore,2026-04-16,0x1c7c7b3e2c767eec435781f4869b3518b6e0a8088b1c56b52091c891b03ba157,exact,25,25,31.7,0.02,31.7,10.98,above_obs,-6.7,6.7,0.002,0.998,67766,67714,0,42,11,10,6,4,0,,,,,
1776315668,2026-04-16T05:01:08.000Z,Singapore,2026-04-16,0x20573cd009f5f1671dd14cbd1059de7780761628f5d32530195dbdeb6aca0bd0,exact,32,32,31.7,0.02,31.7,10.98,below_obs,0.3,0.3,0.4,0.6492536569461531,50,4,135,223,11,1,10,2,1,NO,0.9153357145074299,1959.1435929051215,,open
1776315668,2026-04-16T05:01:08.000Z,Singapore,2026-04-16,0x2584d8fe7205a7c6ab545c29cef4f6f8040a493d89738a61a5195ceeb221cbe9,or_below,,24,31.7,0.02,31.7,10.98,above_obs,-7.7,7.7,0.001,0.999,67470,41872,0,213,11,11,1,8,0,,,,,
1776315668,2026-04-16T05:01:08.000Z,Singapore,2026-04-16,0x407f6a73a05c593ce0e86daeb392537e2d2089fc4603fc62cfe67d2e1a3acab0,exact,33,33,31.7,0.02,31.7,10.98,below_obs,1.3,1.3,0.49,0.5,50,38,75,473,11,3,11,1,0,,,,,
1776315668,2026-04-16T05:01:08.000Z,Singapore,2026-04-16,0x45b3455b9f4b83ce5a7dafc1a0fb0512d642a82e3cd5eec87c0d2c3ee1652159,exact,30,30,31.7,0.02,31.7,10.98,above_obs,-1.7,1.7,0.001,0.999,64,4394,1,693,11,4,2,9,0,,,,,
1776315668,2026-04-16T05:01:08.000Z,Singapore,2026-04-16,0x78ae43d80746df448f7536a5fe4d688ed043ad2dc638b8a6aacbe02472b04b13,exact,34,34,31.7,0.02,31.7,10.98,below_obs,2.3,2.3,0.16,0.9,50,14,64,552,11,5,9,3,0,,,,,
1776315668,2026-04-16T05:01:08.000Z,Singapore,2026-04-16,0x7cd11b51ba67701b0426898ceb61a88950aef34b367a28a9f0ddf5910f67dd65,exact,27,27,31.7,0.02,31.7,10.98,above_obs,-4.7,4.7,0.001,0.998,59350,67778,0,51,11,8,3,5,0,,,,,
1776315668,2026-04-16T05:01:08.000Z,Singapore,2026-04-16,0xb6d9590e15e6638fe791dc706dfadf7576772c33a3f595a2c03fea53fce18883,exact,31,31,31.7,0.02,31.7,10.98,above_obs,-0.7,0.7,0.001,0.999,6874,2046,2,736,11,2,4,10,0,,,,,
1776315668,2026-04-16T05:01:08.000Z,Singapore,2026-04-16,0xc32402f56a5180b568c625d1fb20ae3b047e02edb72de4d60b214909a5dda795,exact,29,29,31.7,0.02,31.7,10.98,above_obs,-2.7,2.7,0.008,0.999,17242,2238,1,434,11,6,8,11,0,,,,,
1776315668,2026-04-16T05:01:08.000Z,Singapore,2026-04-16,0xd51d24c0a332fedac406fec07ff459c00058184f9521212c01038d35e6bac0bb,exact,26,26,31.7,0.02,31.7,10.98,above_obs,-5.7,5.7,0.001,0.998,68590,67744,0,41,11,9,5,6,0,,,,,
1776571068,2026-04-19T03:57:48.000Z,Jakarta,2026-04-19,0x3728e73f8d10e97fc9393eb8317b35cdcc52e5c22386433f588cf0712ed9c779,exact,38,38,32,23.96,30.9,13.04,below_obs,6,6,0.001,0.999,2734,11480,1,65,11,11,1,6,0,,,,,
1776571068,2026-04-19T03:57:48.000Z,Jakarta,2026-04-19,0x3d1fe84b079666f9973a685ae4a9fcc150c025e139e806de2d0c619054fdcfc9,exact,32,32,32,23.96,30.9,13.04,contains,0,0,0.02,0.98,472,132,33,98,11,1,6,3,1,NO,0.9892841560549948,1364.2532617947948,,open
1776571068,2026-04-19T03:57:48.000Z,Jakarta,2026-04-19,0x48cf3cf7fb3e0be18ec06beb67aecd0f0a1c32baa5f6846d98c8a4b0a4ea3dc5,exact,37,37,32,23.96,30.9,13.04,below_obs,5,5,0.002,0.998,1770,1648,6,81,11,10,4,4,0,,,,,
1776571068,2026-04-19T03:57:48.000Z,Jakarta,2026-04-19,0x4b6097142df74202153eff11efe12fdca99daf3be5c8f9fb4e409185f66237ef,or_below,,28,32,23.96,30.9,13.04,above_obs,-4,4,0.001,0.9987950137557458,21740,52022,0,37,11,8,2,5,0,,,,,
1776571068,2026-04-19T03:57:48.000Z,Jakarta,2026-04-19,0x57fa787b0275481c278e5d179e855005e66fd0bd15783b2747039b602c66c64f,exact,31,31,32,23.96,30.9,13.04,above_obs,-1,1,0.021,0.999,10042,1866,23,131,11,2,7,7,0,,,,,
1776571068,2026-04-19T03:57:48.000Z,Jakarta,2026-04-19,0x919ccfdd160bcf74495f254607551451228d6e18766521e98252f25c39e5ba9a,exact,34,34,32,23.96,30.9,13.04,below_obs,2,2,0.4499999212499744,0.64,1168,2328,16,108,11,4,9,2,0,,,,,
1776571068,2026-04-19T03:57:48.000Z,Jakarta,2026-04-19,0x97e6c8d319fb85b20d6a23cd0ef62e828245365f4eab1aa32a8d1b93570fd7d9,exact,35,35,32,23.96,30.9,13.04,below_obs,3,3,,,,,0,0,11,6,,,0,,,,,
1776571068,2026-04-19T03:57:48.000Z,Jakarta,2026-04-19,0xab8caa11b01eebf8f0f4b8afe72f11a26b1eb846ab10929dc52f01529c372866,exact,36,36,32,23.96,30.9,13.04,below_obs,4,4,,,,,0,0,11,9,,,0,,,,,
1776571068,2026-04-19T03:57:48.000Z,Jakarta,2026-04-19,0xc65d77b3ae22f73ac3f66b16b1b00bf265480b190caf209a322fd890b7844de8,exact,33,33,32,23.96,30.9,13.04,below_obs,1,1,0.3577685723683472,0.6373333333333333,322,1160,14,116,11,3,8,1,0,,,,,
1776571068,2026-04-19T03:57:48.000Z,Jakarta,2026-04-19,0xdaff2682b15b21666ac6f92979029808e2bc1508138b41569c50e96b723c9281,exact,29,29,32,23.96,30.9,13.04,above_obs,-3,3,0.001,0.999,10042,5520,0,59,11,7,3,8,0,,,,,
1776571068,2026-04-19T03:57:48.000Z,Jakarta,2026-04-19,0xf941bbb3821865323b4d28574b24bd88b3e5381ed254fccd23f74425f616e6e7,exact,30,30,32,23.96,30.9,13.04,above_obs,-2,2,0.003,0.999,10042,1874,1,100,11,5,5,9,0,,,,,
1776571348,2026-04-19T04:02:28.000Z,Tokyo,2026-04-19,0x112efddffbeb5f5ef1ba61e0eb4fe0f4ef474e26e37abf8376552c69c0016098,exact,24,24,24.1,0.04,24.1,10.96,above_obs,-0.1,0.1,,,,,0,0,11,1,,,0,,,,,
1776571348,2026-04-19T04:02:28.000Z,Tokyo,2026-04-19,0x2d30897e58212461fb210d50f5fb5f2f46c84770905ea3badb212503d50f300a,exact,19,19,24.1,0.04,24.1,10.96,above_obs,-5.1,5.1,0.002,0.999,7384,8904,0,124,11,8,4,5,0,,,,,
1776571348,2026-04-19T04:02:28.000Z,Tokyo,2026-04-19,0x60a47c871c59dd2dbb108768519cbf3ec0322948aa43380f5e78263115f45248,exact,18,18,24.1,0.04,24.1,10.96,above_obs,-6.1,6.1,0.001,0.999,13850,5998,0,88,11,9,1,6,0,,,,,
1776571348,2026-04-19T04:02:28.000Z,Tokyo,2026-04-19,0x623649f3cdcbd8a005ecfde1797c942d437bbccf73950ed6b7bc7fd3bed01120,exact,25,25,24.1,0.04,24.1,10.96,below_obs,0.9,0.9,,,,,0,0,11,2,,,0,,,,,
1776571348,2026-04-19T04:02:28.000Z,Tokyo,2026-04-19,0x756cdfd2d2384d32873c9fd8633f85783c3ffbc4bec11ee32800401cce14b171,exact,20,20,24.1,0.04,24.1,10.96,above_obs,-4.1,4.1,0.002,0.999,6702,1944,1,207,11,7,5,7,0,,,,,
1776571348,2026-04-19T04:02:28.000Z,Tokyo,2026-04-19,0x7cacd59a6ab6ef892c588df92589e2086bdd5b2bb74b7e12dd36f44dfd6970f7,exact,26,26,24.1,0.04,24.1,10.96,below_obs,1.9,1.9,0.012,0.988,668,226,38,363,11,4,7,3,0,,,,,
1776571348,2026-04-19T04:02:28.000Z,Tokyo,2026-04-19,0x88e411d6056dc532328cc6a1bf635b508f056ec79a95d9673d1cf7d7198033c6,exact,22,22,24.1,0.04,24.1,10.96,above_obs,-2.1,2.1,0.039350381081273596,0.96,150,14,48,434,11,5,8,2,1,NO,0.9810632705072037,1284.02526210241,,open
1776571348,2026-04-19T04:02:28.000Z,Tokyo,2026-04-19,0x9b30164ff7d5e69766db105cca11a2099b991c97c1ef865b911fbc7bc89167c9,exact,17,17,24.1,0.04,24.1,10.96,above_obs,-7.1,7.1,0.002,0.999,69060,48038,0,64,11,10,6,8,0,,,,,
1776571348,2026-04-19T04:02:28.000Z,Tokyo,2026-04-19,0xaa626a7ead74a5ad8dd678eecc6572fed73c9622b26a58377ec7cd9118f49dd9,exact,23,23,24.1,0.04,24.1,10.96,above_obs,-1.1,1.1,0.56,0.44,136,2,37,321,11,3,9,1,0,,,,,
1776571348,2026-04-19T04:02:28.000Z,Tokyo,2026-04-19,0xaaf71bce73525cf46e3cf34453cab90e146fe4510edc03db06449ce4a8c5b5af,exact,21,21,24.1,0.04,24.1,10.96,above_obs,-3.1,3.1,0.001,0.999,1488,1038,26,315,11,6,2,9,0,,,,,
1776571348,2026-04-19T04:02:28.000Z,Tokyo,2026-04-19,0xdc800ed73cde19866c4e51df7db79a76dd1cfcdf9d5ae2c53d3b7f6a50158527,or_below,,16,24.1,0.04,24.1,10.96,above_obs,-8.1,8.1,0.001,0.9989999663037742,69060,64914,0,62,11,11,3,4,0,,,,,
1776745832,2026-04-21T04:30:32.000Z,Wellington,2026-04-21,0x0a7901f51d2e9287b84c2f14236cc697a3b0ec089c138d9dac988adcf3082703,exact,9,9,13.3,28.51,10.8,7.49,above_obs,-4.3,4.3,0.002,0.999,59468,59142,0,22,11,7,4,5,0,,,,,
1776745832,2026-04-21T04:30:32.000Z,Wellington,2026-04-21,0x0f4e58e9c0f5ce18306181063cbf9ae287e47fed38ce24a2230c85206ba0f7c7,exact,10,10,13.3,28.51,10.8,7.49,above_obs,-3.3,3.3,0.001,0.999,53678,50800,0,133,11,6,1,6,0,,,,,
1776745832,2026-04-21T04:30:32.000Z,Wellington,2026-04-21,0x27314d5b4e6e7fb60bfae0ee33e1a01cb9897222b5ce4ad6a679263030d6ba79,exact,13,13,13.3,28.51,10.8,7.49,above_obs,-0.3,0.3,0.0066,0.999,22,142,52,885,11,1,9,7,0,,,,,
1776745832,2026-04-21T04:30:32.000Z,Wellington,2026-04-21,0x2c2b0dc22d6f078fe0a9b1641b0b3a88e92c270699117c7591bf4ae9fc890d93,exact,8,8,13.3,28.51,10.8,7.49,above_obs,-5.3,5.3,0.002,0.9989068106068033,81110,81588,0,37,11,8,5,3,0,,,,,
1776745832,2026-04-21T04:30:32.000Z,Wellington,2026-04-21,0x39f7e5490754f04e221629354dd15ed3a9e3a810599c7cd7903c843247cdd74d,exact,15,15,13.3,28.51,10.8,7.49,below_obs,1.7,1.7,0.002,0.999,22,118,41,586,11,4,6,8,0,,,,,
1776745832,2026-04-21T04:30:32.000Z,Wellington,2026-04-21,0x49d96d8da5f94c8100b999daffbaae06d510d6533833e19ddf1e4232a0050609,exact,7,7,13.3,28.51,10.8,7.49,above_obs,-6.3,6.3,0.003,0.9989899607801143,87324,81610,0,317,11,9,7,4,0,,,,,
1776745832,2026-04-21T04:30:32.000Z,Wellington,2026-04-21,0x5ef366eb133e43361eacdd2408e5a9c631af356370a147c15a248bae3205395d,or_below,,5,13.3,28.51,10.8,7.49,above_obs,-8.3,8.3,0.001,0.999,106102,103912,0,27,11,11,2,9,0,,,,,
1776745832,2026-04-21T04:30:32.000Z,Wellington,2026-04-21,0x799e1a923170a64cd1e18ebda90fc0af23c6e0b561aa8bd6b0de3037d52ab7ec,exact,12,12,13.3,28.51,10.8,7.49,above_obs,-1.3,1.3,0.4,0.6,6,150,129,666,11,3,10,2,0,,,,,
1776745832,2026-04-21T04:30:32.000Z,Wellington,2026-04-21,0x9942d5b6238dc2df24747754f3431aaed97e50e667ac95be708d11b86488a129,exact,14,14,13.3,28.51,10.8,7.49,below_obs,0.7,0.7,0.004,0.999,22,130,39,739,11,2,8,10,0,,,,,
1776745832,2026-04-21T04:30:32.000Z,Wellington,2026-04-21,0xb220b4e5688041779ae28929b6fa0a0fcc363e3c3e752069cd85bedc34292940,exact,6,6,13.3,28.51,10.8,7.49,above_obs,-7.3,7.3,0.001,0.999,116942,102008,0,20,11,10,3,11,0,,,,,
1776745832,2026-04-21T04:30:32.000Z,Wellington,2026-04-21,0xcc59c2d6d839dbab8af275c78d4a3b683d02d7c39b564170ec8bfd4ea2c4d580,exact,11,11,13.3,28.51,10.8,7.49,above_obs,-2.3,2.3,0.6,0.4825323296660876,16,64,106,689,11,5,11,1,1,NO,0.8432264955893102,3282.897254164192,,open
1776800928,2026-04-21T19:48:48.000Z,Mexico City,2026-04-21,0x05af6cb11d3ce53ba999bb7c64ca44d004f0d1062813f6df098482bb595e4c0f,exact,26,26,25.5,0.81,25.5,10.19,below_obs,0.5,0.5,0.6799998911999086,0.39,56,1950,7,159,11,1,11,1,0,,,,,
1776800928,2026-04-21T19:48:48.000Z,Mexico City,2026-04-21,0x087985858a4fd5664a621ef43f72fe937b950e1873c9d8b366b7bca550b808f7,exact,18,18,25.5,0.81,25.5,10.19,above_obs,-7.5,7.5,0.005554233154355205,0.999,54876,35628,0,16,11,10,7,5,0,,,,,
1776800928,2026-04-21T19:48:48.000Z,Mexico City,2026-04-21,0x5f2b04dbab8d4e2ec8208116e2476131c52cd7292c44f17c900cc03f9ead66c1,exact,20,20,25.5,0.81,25.5,10.19,above_obs,-5.5,5.5,0.004,0.999,27766,13764,0,53,11,8,4,6,0,,,,,
1776800928,2026-04-21T19:48:48.000Z,Mexico City,2026-04-21,0x79b70a5f819238e50411395ab65237ff7cf3c369f45f140f962cec6434745ed9,exact,19,19,25.5,0.81,25.5,10.19,above_obs,-6.5,6.5,0.005,0.999,27766,35100,0,44,11,9,5,7,0,,,,,
1776800928,2026-04-21T19:48:48.000Z,Mexico City,2026-04-21,0xa3cd6424c6a9b956314cf271e72153a7b92a57fd012913471a25c24e7a1cc243,exact,22,22,25.5,0.81,25.5,10.19,above_obs,-3.5,3.5,0.001,0.999,9630,7108,0,115,11,6,1,8,0,,,,,
1776800928,2026-04-21T19:48:48.000Z,Mexico City,2026-04-21,0xbbd89daeb97ed1bdbcd48aa316d43a3157ec25b24b890b6afa639d01d58b3d44,exact,25,25,25.5,0.81,25.5,10.19,above_obs,-0.5,0.5,0.16190475064852575,0.9351662649940828,946,50,13,164,11,2,9,3,1,NO,0.9900000000000001,58.296080700000005,,open
1776800928,2026-04-21T19:48:48.000Z,Mexico City,2026-04-21,0xce445b5847c81152826b74a0f71753f5458ad617aa6e3e171e1e6a8c89d547a1,or_below,,17,25.5,0.81,25.5,10.19,above_obs,-8.5,8.5,0.005398485393380154,0.9989999956128567,54876,45902,0,11,11,11,6,4,0,,,,,
1776800928,2026-04-21T19:48:48.000Z,Mexico City,2026-04-21,0xcf64f41d66864b746ab1349fcf5612e8f7578a45077f1818edb579edbf890f74,exact,24,24,25.5,0.81,25.5,10.19,above_obs,-1.5,1.5,0.02016359472134366,0.999,3774,1036,11,219,11,3,8,9,0,,,,,
1776800928,2026-04-21T19:48:48.000Z,Mexico City,2026-04-21,0xea52c49a9eb7c996de6e3019bcf5944a4f2e749b4daf9cb87a175aef59f342c5,exact,23,23,25.5,0.81,25.5,10.19,above_obs,-2.5,2.5,0.002,0.999,9630,2006,3,380,11,5,3,10,0,,,,,
1776800928,2026-04-21T19:48:48.000Z,Mexico City,2026-04-21,0xf38e07ea49af41525ccb103537b23099794ac8165a0309875209fc68d2df9fa6,exact,27,27,25.5,0.81,25.5,10.19,below_obs,1.5,1.5,0.2,0.7899999288998998,1944,118,10,12,11,4,10,2,0,,,,,
1776800928,2026-04-21T19:48:48.000Z,Mexico City,2026-04-21,0xf52e5d70e2494b32e2b93eba2f3811980d5da2cb281b1c6744472f40935c9afc,exact,21,21,25.5,0.81,25.5,10.19,above_obs,-4.5,4.5,0.001,0.999,10536,3606,0,72,11,7,2,11,0,,,,,
1776804066,2026-04-21T20:41:06.000Z,Mexico City,2026-04-21,0x05af6cb11d3ce53ba999bb7c64ca44d004f0d1062813f6df098482bb595e4c0f,exact,26,26,25.9,0.69,25.9,9.31,below_obs,0.1,0.1,0.3799999011999269,0.62,110,132,17,174,11,1,10,2,1,NO,0.9829793556006997,214.3639798667264,,open
1776804066,2026-04-21T20:41:06.000Z,Mexico City,2026-04-21,0x087985858a4fd5664a621ef43f72fe937b950e1873c9d8b366b7bca550b808f7,exact,18,18,25.9,0.69,25.9,9.31,above_obs,-7.9,7.9,0.005554233154355205,0.999,58014,38766,0,16,11,10,8,4,0,,,,,
1776804066,2026-04-21T20:41:06.000Z,Mexico City,2026-04-21,0x5f2b04dbab8d4e2ec8208116e2476131c52cd7292c44f17c900cc03f9ead66c1,exact,20,20,25.9,0.69,25.9,9.31,above_obs,-5.9,5.9,0.004,0.999,30904,16902,0,53,11,8,5,5,0,,,,,
1776804066,2026-04-21T20:41:06.000Z,Mexico City,2026-04-21,0x79b70a5f819238e50411395ab65237ff7cf3c369f45f140f962cec6434745ed9,exact,19,19,25.9,0.69,25.9,9.31,above_obs,-6.9,6.9,0.005,0.999,30904,38238,0,44,11,9,6,6,0,,,,,
1776804066,2026-04-21T20:41:06.000Z,Mexico City,2026-04-21,0xa3cd6424c6a9b956314cf271e72153a7b92a57fd012913471a25c24e7a1cc243,exact,22,22,25.9,0.69,25.9,9.31,above_obs,-3.9,3.9,0.001,0.999,12768,10246,0,115,11,6,1,7,0,,,,,
1776804066,2026-04-21T20:41:06.000Z,Mexico City,2026-04-21,0xbbd89daeb97ed1bdbcd48aa316d43a3157ec25b24b890b6afa639d01d58b3d44,exact,25,25,25.9,0.69,25.9,9.31,above_obs,-0.9,0.9,0.001,0.999,2046,582,20,179,11,2,2,8,0,,,,,
1776804066,2026-04-21T20:41:06.000Z,Mexico City,2026-04-21,0xce445b5847c81152826b74a0f71753f5458ad617aa6e3e171e1e6a8c89d547a1,or_below,,17,25.9,0.69,25.9,9.31,above_obs,-8.9,8.9,0.005398485393380154,0.9989999956128567,58014,49040,0,11,11,11,7,3,0,,,,,
1776804066,2026-04-21T20:41:06.000Z,Mexico City,2026-04-21,0xcf64f41d66864b746ab1349fcf5612e8f7578a45077f1818edb579edbf890f74,exact,24,24,25.9,0.69,25.9,9.31,above_obs,-1.9,1.9,0.02016359472134366,0.999,6912,428,3,222,11,4,9,9,0,,,,,
1776804066,2026-04-21T20:41:06.000Z,Mexico City,2026-04-21,0xea52c49a9eb7c996de6e3019bcf5944a4f2e749b4daf9cb87a175aef59f342c5,exact,23,23,25.9,0.69,25.9,9.31,above_obs,-2.9,2.9,0.002,0.999,12768,5144,0,380,11,5,4,10,0,,,,,
1776804066,2026-04-21T20:41:06.000Z,Mexico City,2026-04-21,0xf38e07ea49af41525ccb103537b23099794ac8165a0309875209fc68d2df9fa6,exact,27,27,25.9,0.69,25.9,9.31,below_obs,1.1,1.1,0.64,0.4438244609994947,128,4,37,48,11,3,11,1,0,,,,,
1776804066,2026-04-21T20:41:06.000Z,Mexico City,2026-04-21,0xf52e5d70e2494b32e2b93eba2f3811980d5da2cb281b1c6744472f40935c9afc,exact,21,21,25.9,0.69,25.9,9.31,above_obs,-4.9,4.9,0.001,0.999,13674,6744,0,72,11,7,3,11,0,,,,,
1776804696,2026-04-21T20:51:36.000Z,Mexico City,2026-04-21,0x05af6cb11d3ce53ba999bb7c64ca44d004f0d1062813f6df098482bb595e4c0f,exact,26,26,25.9,0.86,25.9,9.14,below_obs,0.1,0.1,0.001,0.999,292,168,25,184,11,1,1,3,0,,,,,
1776804696,2026-04-21T20:51:36.000Z,Mexico City,2026-04-21,0x087985858a4fd5664a621ef43f72fe937b950e1873c9d8b366b7bca550b808f7,exact,18,18,25.9,0.86,25.9,9.14,above_obs,-7.9,7.9,0.005554233154355205,0.999,58644,39396,0,16,11,10,9,4,0,,,,,
1776804696,2026-04-21T20:51:36.000Z,Mexico City,2026-04-21,0x5f2b04dbab8d4e2ec8208116e2476131c52cd7292c44f17c900cc03f9ead66c1,exact,20,20,25.9,0.86,25.9,9.14,above_obs,-5.9,5.9,0.004,0.999,31534,17532,0,53,11,8,6,5,0,,,,,
1776804696,2026-04-21T20:51:36.000Z,Mexico City,2026-04-21,0x79b70a5f819238e50411395ab65237ff7cf3c369f45f140f962cec6434745ed9,exact,19,19,25.9,0.86,25.9,9.14,above_obs,-6.9,6.9,0.005,0.999,31534,38868,0,44,11,9,7,6,0,,,,,
1776804696,2026-04-21T20:51:36.000Z,Mexico City,2026-04-21,0xa3cd6424c6a9b956314cf271e72153a7b92a57fd012913471a25c24e7a1cc243,exact,22,22,25.9,0.86,25.9,9.14,above_obs,-3.9,3.9,0.001,0.999,13398,10876,0,115,11,6,2,7,0,,,,,
1776804696,2026-04-21T20:51:36.000Z,Mexico City,2026-04-21,0xbbd89daeb97ed1bdbcd48aa316d43a3157ec25b24b890b6afa639d01d58b3d44,exact,25,25,25.9,0.86,25.9,9.14,above_obs,-0.9,0.9,0.001,0.999,2676,1212,12,179,11,2,3,8,0,,,,,
1776804696,2026-04-21T20:51:36.000Z,Mexico City,2026-04-21,0xce445b5847c81152826b74a0f71753f5458ad617aa6e3e171e1e6a8c89d547a1,or_below,,17,25.9,0.86,25.9,9.14,above_obs,-8.9,8.9,0.005398485393380154,0.9989999956128567,58644,49670,0,11,11,11,8,2,0,,,,,
1776804696,2026-04-21T20:51:36.000Z,Mexico City,2026-04-21,0xcf64f41d66864b746ab1349fcf5612e8f7578a45077f1818edb579edbf890f74,exact,24,24,25.9,0.86,25.9,9.14,above_obs,-1.9,1.9,0.02016359472134366,0.999,7542,254,4,223,11,4,10,9,0,,,,,
1776804696,2026-04-21T20:51:36.000Z,Mexico City,2026-04-21,0xea52c49a9eb7c996de6e3019bcf5944a4f2e749b4daf9cb87a175aef59f342c5,exact,23,23,25.9,0.86,25.9,9.14,above_obs,-2.9,2.9,0.002,0.999,13398,5774,0,380,11,5,5,10,0,,,,,
1776804696,2026-04-21T20:51:36.000Z,Mexico City,2026-04-21,0xf38e07ea49af41525ccb103537b23099794ac8165a0309875209fc68d2df9fa6,exact,27,27,25.9,0.86,25.9,9.14,below_obs,1.1,1.1,0.99,0.06218047010922621,6,42,61,73,11,3,11,1,1,YES,0.9891339323895921,2306.352343700001,,open
1776804696,2026-04-21T20:51:36.000Z,Mexico City,2026-04-21,0xf52e5d70e2494b32e2b93eba2f3811980d5da2cb281b1c6744472f40935c9afc,exact,21,21,25.9,0.86,25.9,9.14,above_obs,-4.9,4.9,0.001,0.999,14304,7374,0,72,11,7,4,11,0,,,,,
1776818156,2026-04-22T00:35:56.000Z,Tokyo,2026-04-22,0x066d108cb6812c65d825bb77f197b3c50ca7a2b7ecbc41d24f9be58ec3efed24,exact,22,22,22.6,19.6,16.6,14.4,above_obs,-0.6,0.6,,,,,0,0,9,1,,,0,,,,,
1776818156,2026-04-22T00:35:56.000Z,Tokyo,2026-04-22,0x2c9f98051b48b82c1e240606080ee12d24814edeaf1678344e8afd775dcb8379,exact,16,16,22.6,19.6,16.6,14.4,above_obs,-6.6,6.6,0.001,0.9989999384990585,58704,59404,0,42,9,7,1,3,0,,,,,
1776818156,2026-04-22T00:35:56.000Z,Tokyo,2026-04-22,0x46e41431ef6dbfba82babe52fb9d2a9a3e62fd4fb7301b83f9e4889f21f0ac65,exact,21,21,22.6,19.6,16.6,14.4,above_obs,-1.6,1.6,0.2799999731199972,0.72,66,162,26,309,9,2,8,1,0,,,,,
1776818156,2026-04-22T00:35:56.000Z,Tokyo,2026-04-22,0x71e4855496ee978aa4a519d285c352f7a207a26da4c3fa31424f30b2142bafc3,exact,17,17,22.6,19.6,16.6,14.4,above_obs,-5.6,5.6,0.001,0.999,41816,40520,0,47,9,6,2,5,0,,,,,
1776818156,2026-04-22T00:35:56.000Z,Tokyo,2026-04-22,0x8172b2c6368707f8df3fffa8886a3e2f7f850735568fa336e7a3a986c85cf1d1,or_below,,14,22.6,19.6,16.6,14.4,above_obs,-8.6,8.6,0.001,0.999,74964,69004,0,49,9,9,3,6,0,,,,,
1776818156,2026-04-22T00:35:56.000Z,Tokyo,2026-04-22,0x8ebb5e5492a6efa3ed07637493fee84709e6a7f36c95a4114febec1b359897e0,exact,20,20,22.6,19.6,16.6,14.4,above_obs,-2.6,2.6,0.0074196,0.9929999998991107,132,120,28,375,9,3,7,2,1,NO,0.9903762462830156,113.18513940269197,,open
1776818156,2026-04-22T00:35:56.000Z,Tokyo,2026-04-22,0xc4262697f8893b8e96d28d91f903481a6ed90b80a9b75577e1bb4f1f0d92efa9,exact,19,19,22.6,19.6,16.6,14.4,above_obs,-3.6,3.6,0.001,0.999,14,538,25,270,9,4,4,7,0,,,,,
1776818156,2026-04-22T00:35:56.000Z,Tokyo,2026-04-22,0xc5f2c2e6fb8b3788998cc7db486b8026b288d4e900fcacade53aec244845b7a2,exact,18,18,22.6,19.6,16.6,14.4,above_obs,-4.6,4.6,0.001,0.998999999448614,14690,12420,0,113,9,5,5,4,0,,,,,
1776818156,2026-04-22T00:35:56.000Z,Tokyo,2026-04-22,0xcda5f389a9143b1ca901c75b9668db5c61fa4785cca4f300f97642c9d46ffea6,exact,15,15,22.6,19.6,16.6,14.4,above_obs,-7.6,7.6,0.001,0.999,60244,59394,0,42,9,8,6,8,0,,,,,
1776819738,2026-04-22T01:02:18.000Z,Tokyo,2026-04-22,0x066d108cb6812c65d825bb77f197b3c50ca7a2b7ecbc41d24f9be58ec3efed24,exact,22,22,22.6,20.04,19.1,13.96,above_obs,-0.6,0.6,,,,,0,0,9,1,,,0,,,,,
1776819738,2026-04-22T01:02:18.000Z,Tokyo,2026-04-22,0x2c9f98051b48b82c1e240606080ee12d24814edeaf1678344e8afd775dcb8379,exact,16,16,22.6,20.04,19.1,13.96,above_obs,-6.6,6.6,0.001,0.9989999384990585,60286,60986,0,42,9,7,1,2,0,,,,,
1776819738,2026-04-22T01:02:18.000Z,Tokyo,2026-04-22,0x46e41431ef6dbfba82babe52fb9d2a9a3e62fd4fb7301b83f9e4889f21f0ac65,exact,21,21,22.6,20.04,19.1,13.96,above_obs,-1.6,1.6,0.2779286106893029,0.7594115238026761,738,2,28,324,9,2,8,1,1,NO,0.9327911788123645,2736.8712186581033,,open
1776819738,2026-04-22T01:02:18.000Z,Tokyo,2026-04-22,0x71e4855496ee978aa4a519d285c352f7a207a26da4c3fa31424f30b2142bafc3,exact,17,17,22.6,20.04,19.1,13.96,above_obs,-5.6,5.6,0.001,0.999,43398,42102,0,47,9,6,2,4,0,,,,,
1776819738,2026-04-22T01:02:18.000Z,Tokyo,2026-04-22,0x8172b2c6368707f8df3fffa8886a3e2f7f850735568fa336e7a3a986c85cf1d1,or_below,,14,22.6,20.04,19.1,13.96,above_obs,-8.6,8.6,0.001,0.999,76546,70586,0,49,9,9,3,5,0,,,,,
1776819738,2026-04-22T01:02:18.000Z,Tokyo,2026-04-22,0x8ebb5e5492a6efa3ed07637493fee84709e6a7f36c95a4114febec1b359897e0,exact,20,20,22.6,20.04,19.1,13.96,above_obs,-2.6,2.6,0.001,0.999,28,244,39,395,9,3,4,6,0,,,,,
1776819738,2026-04-22T01:02:18.000Z,Tokyo,2026-04-22,0xc4262697f8893b8e96d28d91f903481a6ed90b80a9b75577e1bb4f1f0d92efa9,exact,19,19,22.6,20.04,19.1,13.96,above_obs,-3.6,3.6,0.001,0.999,28,2120,22,276,9,4,5,7,0,,,,,
1776819738,2026-04-22T01:02:18.000Z,Tokyo,2026-04-22,0xc5f2c2e6fb8b3788998cc7db486b8026b288d4e900fcacade53aec244845b7a2,exact,18,18,22.6,20.04,19.1,13.96,above_obs,-4.6,4.6,0.001,0.998999999448614,16272,14002,0,113,9,5,6,3,0,,,,,
1776819738,2026-04-22T01:02:18.000Z,Tokyo,2026-04-22,0xcda5f389a9143b1ca901c75b9668db5c61fa4785cca4f300f97642c9d46ffea6,exact,15,15,22.6,20.04,19.1,13.96,above_obs,-7.6,7.6,0.001,0.999,61826,60976,0,42,9,8,7,8,0,,,,,
1776835778,2026-04-22T05:29:38.000Z,Jakarta,2026-04-22,0x028380fe02f4f3573208890b3021344b2aa77bd1b1b2946c7de58165905edd2c,exact,31,31,33.1,24.49,32.5,11.51,above_obs,-2.1,2.1,0.0026691125571092346,0.999,24760,8416,0,129,9,4,4,4,0,,,,,
1776835778,2026-04-22T05:29:38.000Z,Jakarta,2026-04-22,0x16b3ec86f693000621c79513ed3c7540612a62dbf4161e07c44ee167bca097f1,exact,30,30,33.1,24.49,32.5,11.51,above_obs,-3.1,3.1,0.006688766350689344,0.999,34154,7076,0,71,9,5,5,5,0,,,,,
1776835778,2026-04-22T05:29:38.000Z,Jakarta,2026-04-22,0x1b8ecfba11480c4a30eef7c11de1cf4c1ef71407fa8ddb2126246abdaaddf60e,exact,28,28,33.1,24.49,32.5,11.51,above_obs,-5.1,5.1,0.001,0.999,36108,20106,0,38,9,8,1,6,0,,,,,
1776835778,2026-04-22T05:29:38.000Z,Jakarta,2026-04-22,0x49b599635fc747db011835340026e5fcbcb5d4e77ef902cb6367b4176e1a0e13,exact,37,37,33.1,24.49,32.5,11.51,below_obs,3.9,3.9,0.008,0.998,226,222,7,67,9,6,6,3,0,,,,,
1776835778,2026-04-22T05:29:38.000Z,Jakarta,2026-04-22,0x80b337887d9e62ac36393b5b77ff5df6a38586ac393194166c33bcfa7bbefa61,exact,32,32,33.1,24.49,32.5,11.51,above_obs,-1.1,1.1,0.03,0.999,7694,1616,1,125,9,3,7,7,0,,,,,
1776835778,2026-04-22T05:29:38.000Z,Jakarta,2026-04-22,0xa5f5f9550539cdf3343ba8ad640741d45efb7bc0b977a17141bb7d9d7bb62d73,exact,34,34,33.1,24.49,32.5,11.51,below_obs,0.9,0.9,0.64,0.48,124,4,30,161,9,2,9,1,0,,,,,
1776835778,2026-04-22T05:29:38.000Z,Jakarta,2026-04-22,0xd42d78c24da111356aa04bd20aa6601dc3079c8178c88e48fd8174432ae9c505,exact,33,33,33.1,24.49,32.5,11.51,above_obs,-0.1,0.1,0.36,0.8053436914385518,226,2,25,125,9,1,8,2,1,NO,0.8493209198127958,372.3787101269712,,open
1776835778,2026-04-22T05:29:38.000Z,Jakarta,2026-04-22,0xe7b2c08dcddad544c7cac99f16bbb6307807b0475f2bc1c1aa91e20b2988b8fa,exact,29,29,33.1,24.49,32.5,11.51,above_obs,-4.1,4.1,0.001,0.999,36108,29800,0,66,9,7,2,8,0,,,,,
1776835778,2026-04-22T05:29:38.000Z,Jakarta,2026-04-22,0xefd4d5d92846b0cda5199f604f60f8f59e0354242df8eb2d007aed11caa012df,or_below,,27,33.1,24.49,32.5,11.51,above_obs,-6.1,6.1,0.001,0.999,36108,20116,0,37,9,9,3,9,0,,,,,
